# https://github.com/mikedh/trimesh
mtllib material.mtl

o rim_R
usemtl FrameBlackGloss
v 6.23972568 -0.23532051 0.57356947
v 6.22948853 -0.23442487 0.62523174
v 6.20033556 -0.23187432 0.66902889
v 6.15670507 -0.22805714 0.69829321
v 6.10523940 -0.22355448 0.70856947
v 6.07535356 -0.22093981 0.70856947
v 6.02388789 -0.21643714 0.69829321
v 5.98025740 -0.21261997 0.66902889
v 5.95110443 -0.21006942 0.62523174
v 5.94086728 -0.20917378 0.57356947
v 5.94086728 -0.20917378 0.32356947
v 5.95110443 -0.21006942 0.27190721
v 5.98025740 -0.21261997 0.22811006
v 6.02388789 -0.21643714 0.19884573
v 6.07535356 -0.22093981 0.18856947
v 6.10523940 -0.22355448 0.18856947
v 6.15670507 -0.22805714 0.19884573
v 6.20033556 -0.23187432 0.22811006
v 6.22948853 -0.23442487 0.27190721
v 6.23972568 -0.23532051 0.32356947
v 6.25593482 0.01292580 0.57587631
v 6.24565868 0.01287671 0.62753857
v 6.21639469 0.01273693 0.67133572
v 6.17259804 0.01252772 0.70060005
v 6.12093636 0.01228094 0.71087631
v 6.09093671 0.01213763 0.71087631
v 6.03927503 0.01189085 0.70060005
v 5.99547838 0.01168164 0.67133572
v 5.96621439 0.01154186 0.62753857
v 5.95593825 0.01149277 0.57587631
v 5.95593825 0.01149277 0.32587631
v 5.96621439 0.01154186 0.27421404
v 5.99547838 0.01168164 0.23041689
v 6.03927503 0.01189085 0.20115257
v 6.09093671 0.01213763 0.19087631
v 6.12093636 0.01228094 0.19087631
v 6.17259804 0.01252772 0.20115257
v 6.21639469 0.01273693 0.23041689
v 6.24565868 0.01287671 0.27421404
v 6.25593482 0.01292580 0.32587631
v 6.25694982 0.20714475 0.57609056
v 6.24670352 0.20636067 0.62775282
v 6.21752450 0.20412779 0.67154997
v 6.17385503 0.20078606 0.70081430
v 6.12234336 0.19684422 0.71109056
v 6.09243082 0.19455521 0.71109056
v 6.04091916 0.19061337 0.70081430
v 5.99724968 0.18727164 0.67154997
v 5.96807066 0.18503876 0.62775282
v 5.95782436 0.18425468 0.57609056
v 5.95782436 0.18425468 0.32609056
v 5.96807066 0.18503876 0.27442830
v 5.99724968 0.18727164 0.23063114
v 6.04091916 0.19061337 0.20136682
v 6.09243082 0.19455521 0.19109056
v 6.12234336 0.19684422 0.19109056
v 6.17385503 0.20078606 0.20136682
v 6.21752450 0.20412779 0.23063114
v 6.24670352 0.20636067 0.27442830
v 6.25694982 0.20714475 0.32609056
v 6.24626427 0.38458075 0.57467063
v 6.23609097 0.38312968 0.62633290
v 6.20711987 0.37899740 0.67013005
v 6.16376155 0.37281300 0.69939437
v 6.11261693 0.36551801 0.70967063
v 6.08291752 0.36128184 0.70967063
v 6.03177289 0.35398684 0.69939437
v 5.98841458 0.34780245 0.67013005
v 5.95944347 0.34367016 0.62633290
v 5.94927018 0.34221910 0.57467063
v 5.94927018 0.34221910 0.32467063
v 5.95944347 0.34367016 0.27300837
v 5.98841458 0.34780245 0.22921122
v 6.03177289 0.35398684 0.19994690
v 6.08291752 0.36128184 0.18967063
v 6.11261693 0.36551801 0.18967063
v 6.16376155 0.37281300 0.19994690
v 6.20711987 0.37899740 0.22921122
v 6.23609097 0.38312968 0.27300837
v 6.24626427 0.38458075 0.32467063
v 6.22454693 0.55116506 0.57170616
v 6.21448216 0.54909094 0.62336842
v 6.18582012 0.54318432 0.66716557
v 6.14292435 0.53434445 0.69642989
v 6.09232534 0.52391711 0.70670616
v 6.06294276 0.51786201 0.70670616
v 6.01234375 0.50743467 0.69642989
v 5.96944798 0.49859480 0.66716557
v 5.94078594 0.49268819 0.62336842
v 5.93072117 0.49061406 0.57170616
v 5.93072117 0.49061406 0.32170616
v 5.94078594 0.49268819 0.27004389
v 5.96944798 0.49859480 0.22624674
v 6.01234375 0.50743467 0.19698242
v 6.06294276 0.51786201 0.18670616
v 6.09232534 0.52391711 0.18670616
v 6.14292435 0.53434445 0.19698242
v 6.18582012 0.54318432 0.22624674
v 6.21448216 0.54909094 0.27004389
v 6.22454693 0.55116506 0.32170616
v 6.19214848 0.70928032 0.56725491
v 6.18222361 0.70661600 0.61891718
v 6.15395997 0.69902868 0.66271433
v 6.11166046 0.68767344 0.69197865
v 6.06176477 0.67427903 0.70225491
v 6.03279062 0.66650097 0.70225491
v 5.98289493 0.65310655 0.69197865
v 5.94059542 0.64175132 0.66271433
v 5.91233178 0.63416399 0.61891718
v 5.90240691 0.63149968 0.56725491
v 5.90240691 0.63149968 0.31725491
v 5.91233178 0.63416399 0.26559265
v 5.94059542 0.64175132 0.22179550
v 5.98289493 0.65310655 0.19253118
v 6.03279062 0.66650097 0.18225491
v 6.06176477 0.67427903 0.18225491
v 6.11166046 0.68767344 0.19253118
v 6.15395997 0.69902868 0.22179550
v 6.18222361 0.70661600 0.26559265
v 6.19214848 0.70928032 0.31725491
v 6.14931945 0.86008313 0.56137062
v 6.13956340 0.85685497 0.61303288
v 6.11178051 0.84766195 0.65683004
v 6.07020048 0.83390362 0.68609436
v 6.02115349 0.81767457 0.69637062
v 5.99267216 0.80825045 0.69637062
v 5.94362517 0.79202140 0.68609436
v 5.90204514 0.77826307 0.65683004
v 5.87426225 0.76907005 0.61303288
v 5.86450620 0.76584189 0.56137062
v 5.86450620 0.76584189 0.31137062
v 5.87426225 0.76907005 0.25970836
v 5.90204514 0.77826307 0.21591120
v 5.94362517 0.79202140 0.18664688
v 5.99267216 0.80825045 0.17637062
v 6.02115349 0.81767457 0.17637062
v 6.07020048 0.83390362 0.18664688
v 6.11178051 0.84766195 0.21591120
v 6.13956340 0.85685497 0.25970836
v 6.14931945 0.86008313 0.31137062
v 6.09627351 1.00416813 0.55411042
v 6.08671379 1.00039808 0.60577268
v 6.05949000 0.98966190 0.64956984
v 6.01874671 0.97359406 0.67883416
v 5.97068673 0.95464075 0.68911042
v 5.94277856 0.94363467 0.68911042
v 5.89471858 0.92468136 0.67883416
v 5.85397530 0.90861353 0.64956984
v 5.82675150 0.89787734 0.60577268
v 5.81719178 0.89410730 0.55411042
v 5.81719178 0.89410730 0.30411042
v 5.82675150 0.89787734 0.25244816
v 5.85397530 0.90861353 0.20865100
v 5.89471858 0.92468136 0.17938668
v 5.94277856 0.94363467 0.16911042
v 5.97068673 0.95464075 0.16911042
v 6.01874671 0.97359406 0.17938668
v 6.05949000 0.98966190 0.20865100
v 6.08671379 1.00039808 0.25244816
v 6.09627351 1.00416813 0.30411042
v 6.03321224 1.14183050 0.54553747
v 6.02387572 1.13753738 0.59719973
v 5.99728754 1.12531161 0.64099688
v 5.95749553 1.10701444 0.67026120
v 5.91055765 1.08543147 0.68053747
v 5.88330107 1.07289835 0.68053747
v 5.83636319 1.05131538 0.67026120
v 5.79657118 1.03301822 0.64099688
v 5.76998300 1.02079245 0.59719973
v 5.76064648 1.01649932 0.54553747
v 5.76064648 1.01649932 0.29553747
v 5.76998300 1.02079245 0.24387520
v 5.79657118 1.03301822 0.20007805
v 5.83636319 1.05131538 0.17081373
v 5.88330107 1.07289835 0.16053747
v 5.91055765 1.08543147 0.16053747
v 5.95749553 1.10701444 0.17081373
v 5.99728754 1.12531161 0.20007805
v 6.02387572 1.13753738 0.24387520
v 6.03321224 1.14183050 0.29553747
v 5.96033624 1.27319045 0.53572169
v 5.95124974 1.26839077 0.58738395
v 5.92537355 1.25472242 0.63118110
v 5.88664711 1.23426630 0.66044543
v 5.84096615 1.21013665 0.67072169
v 5.81443947 1.19612470 0.67072169
v 5.76875851 1.17199505 0.66044543
v 5.73003207 1.15153893 0.63118110
v 5.70415588 1.13787058 0.58738395
v 5.69506938 1.13307090 0.53572169
v 5.69506938 1.13307090 0.28572169
v 5.70415588 1.13787058 0.23405943
v 5.73003207 1.15153893 0.19026227
v 5.76875851 1.17199505 0.16099795
v 5.81443947 1.19612470 0.15072169
v 5.84096615 1.21013665 0.15072169
v 5.88664711 1.23426630 0.16099795
v 5.92537355 1.25472242 0.19026227
v 5.95124974 1.26839077 0.23405943
v 5.96033624 1.27319045 0.28572169
v 5.87785004 1.39825974 0.52473974
v 5.86904080 1.39296833 0.57640201
v 5.84395422 1.37789969 0.62019916
v 5.80640951 1.35534786 0.64946348
v 5.76212250 1.32874617 0.65973974
v 5.73640526 1.31329871 0.65973974
v 5.69211825 1.28669702 0.64946348
v 5.65457353 1.26414520 0.62019916
v 5.62948696 1.24907655 0.57640201
v 5.62067772 1.24378514 0.52473974
v 5.62067772 1.24378514 0.27473974
v 5.62948696 1.24907655 0.22307748
v 5.65457353 1.26414520 0.17928033
v 5.69211825 1.28669702 0.15001601
v 5.73640526 1.31329871 0.13973974
v 5.76212250 1.32874617 0.13973974
v 5.80640951 1.35534786 0.15001601
v 5.84395422 1.37789969 0.17928033
v 5.86904080 1.39296833 0.22307748
v 5.87785004 1.39825974 0.27473974
v 5.78596362 1.51698040 0.51267452
v 5.77745976 1.51121099 0.56433679
v 5.75324283 1.49478111 0.60813394
v 5.71699964 1.47019207 0.63739826
v 5.67424787 1.44118731 0.64767452
v 5.64942215 1.42434440 0.64767452
v 5.60667039 1.39533964 0.63739826
v 5.57042719 1.37075059 0.60813394
v 5.54621026 1.35432071 0.56433679
v 5.53770641 1.34855131 0.51267452
v 5.53770641 1.34855131 0.26267452
v 5.54621026 1.35432071 0.21101226
v 5.57042719 1.37075059 0.16721511
v 5.60667039 1.39533964 0.13795079
v 5.64942215 1.42434440 0.12767452
v 5.67424787 1.44118731 0.12767452
v 5.71699964 1.47019207 0.13795079
v 5.75324283 1.49478111 0.16721511
v 5.77745976 1.51121099 0.21101226
v 5.78596362 1.51698040 0.26267452
v 5.68489177 1.62924882 0.49961438
v 5.67672262 1.62301451 0.55127664
v 5.65345886 1.60526070 0.59507379
v 5.61864217 1.57869025 0.62433811
v 5.57757309 1.54734826 0.63461438
v 5.55372450 1.52914814 0.63461438
v 5.51265542 1.49780615 0.62433811
v 5.47783873 1.47123570 0.59507379
v 5.45457497 1.45348189 0.55127664
v 5.44640582 1.44724758 0.49961438
v 5.44640582 1.44724758 0.24961438
v 5.45457497 1.45348189 0.19795211
v 5.47783873 1.47123570 0.15415496
v 5.51265542 1.49780615 0.12489064
v 5.55372450 1.52914814 0.11461438
v 5.57757309 1.54734826 0.11461438
v 5.61864217 1.57869025 0.12489064
v 5.65345886 1.60526070 0.15415496
v 5.67672262 1.62301451 0.19795211
v 5.68489177 1.62924882 0.24961438
v 5.57485152 1.73493152 0.48565206
v 5.56704795 1.72824527 0.53731432
v 5.54482526 1.70920445 0.58111148
v 5.51156667 1.68070785 0.61037580
v 5.47233548 1.64709381 0.62065206
v 5.44955414 1.62757432 0.62065206
v 5.41032295 1.59396029 0.61037580
v 5.37706435 1.56546369 0.58111148
v 5.35484167 1.54642287 0.53731432
v 5.34703810 1.53973662 0.48565206
v 5.34703810 1.53973662 0.23565206
v 5.35484167 1.54642287 0.18398980
v 5.37706435 1.56546369 0.14019265
v 5.41032295 1.59396029 0.11092832
v 5.44955414 1.62757432 0.10065206
v 5.47233548 1.64709381 0.10065206
v 5.51156667 1.68070785 0.11092832
v 5.54482526 1.70920445 0.14019265
v 5.56704795 1.72824527 0.18398980
v 5.57485152 1.73493152 0.23565206
v 5.45605762 1.83387589 0.47088354
v 5.44865234 1.82675104 0.52254580
v 5.42756388 1.80646120 0.56634296
v 5.39600278 1.77609531 0.59560728
v 5.35877393 1.74027629 0.60588354
v 5.33715533 1.71947638 0.60588354
v 5.29992647 1.68365737 0.59560728
v 5.26836537 1.65329148 0.56634296
v 5.24727692 1.63300164 0.52254580
v 5.23987164 1.62587679 0.47088354
v 5.23987164 1.62587679 0.22088354
v 5.24727692 1.63300164 0.16922128
v 5.26836537 1.65329148 0.12542413
v 5.29992647 1.68365737 0.09615980
v 5.33715533 1.71947638 0.08588354
v 5.35877393 1.74027629 0.08588354
v 5.39600278 1.77609531 0.09615980
v 5.42756388 1.80646120 0.12542413
v 5.44865234 1.82675104 0.16922128
v 5.45605762 1.83387589 0.22088354
v 5.32871560 1.92591791 0.45540652
v 5.32174342 1.91836872 0.50706878
v 5.30188831 1.89687046 0.55086593
v 5.27217305 1.86469603 0.58013025
v 5.23712151 1.82674371 0.59040652
v 5.21676727 1.80470499 0.59040652
v 5.18171573 1.76675267 0.58013025
v 5.15200046 1.73457824 0.55086593
v 5.13214536 1.71307998 0.50706878
v 5.12517318 1.70553079 0.45540652
v 5.12517318 1.70553079 0.20540652
v 5.13214536 1.71307998 0.15374425
v 5.15200046 1.73457824 0.10994710
v 5.18171573 1.76675267 0.08068278
v 5.21676727 1.80470499 0.07040652
v 5.23712151 1.82674371 0.07040652
v 5.27217305 1.86469603 0.08068278
v 5.30188831 1.89687046 0.10994710
v 5.32174342 1.91836872 0.15374425
v 5.32871560 1.92591791 0.20540652
v 5.19301123 2.01088795 0.43931868
v 5.18650927 2.00293017 0.49098094
v 5.16799326 1.98026836 0.53477810
v 5.14028209 1.94635255 0.56404242
v 5.10759454 1.90634613 0.57431868
v 5.08861306 1.88311462 0.57431868
v 5.05592551 1.84310820 0.56404242
v 5.02821435 1.80919239 0.53477810
v 5.00969834 1.78653058 0.49098094
v 5.00319638 1.77857281 0.43931868
v 5.00319638 1.77857281 0.18931868
v 5.00969834 1.78653058 0.13765642
v 5.02821435 1.80919239 0.09385926
v 5.05592551 1.84310820 0.06459494
v 5.08861306 1.88311462 0.05431868
v 5.10759454 1.90634613 0.05431868
v 5.14028209 1.94635255 0.06459494
v 5.16799326 1.98026836 0.09385926
v 5.18650927 2.00293017 0.13765642
v 5.19301123 2.01088795 0.18931868
v 5.04909418 2.08861550 0.42271554
v 5.04310211 2.08026705 0.47437781
v 5.02603815 2.05649265 0.51817496
v 5.00050013 2.02091176 0.54743928
v 4.97037598 1.97894123 0.55771554
v 4.95288304 1.95456918 0.55771554
v 4.92275889 1.91259865 0.54743928
v 4.89722087 1.87701776 0.51817496
v 4.88015691 1.85324336 0.47437781
v 4.87416484 1.84489491 0.42271554
v 4.87416484 1.84489491 0.17271554
v 4.88015691 1.85324336 0.12105328
v 4.89722087 1.87701776 0.07725613
v 4.92275889 1.91259865 0.04799181
v 4.95288304 1.95456918 0.03771554
v 4.97037598 1.97894123 0.03771554
v 5.00050013 2.02091176 0.04799181
v 5.02603815 2.05649265 0.07725613
v 5.04310211 2.08026705 0.12105328
v 5.04909418 2.08861550 0.17271554
v 4.89705178 2.15893377 0.40568752
v 4.89161200 2.15021538 0.45734978
v 4.87612082 2.12538750 0.50114693
v 4.85293662 2.08822995 0.53041125
v 4.82558900 2.04439963 0.54068752
v 4.80970838 2.01894759 0.54068752
v 4.78236075 1.97511727 0.53041125
v 4.75917656 1.93795972 0.50114693
v 4.74368537 1.91313184 0.45734978
v 4.73824559 1.90441345 0.40568752
v 4.73824559 1.90441345 0.15568752
v 4.74368537 1.91313184 0.10402525
v 4.75917656 1.93795972 0.06022810
v 4.78236075 1.97511727 0.03096378
v 4.80970838 2.01894759 0.02068752
v 4.82558900 2.04439963 0.02068752
v 4.85293662 2.08822995 0.03096378
v 4.87612082 2.12538750 0.06022810
v 4.89161200 2.15021538 0.10402525
v 4.89705178 2.15893377 0.15568752
v 4.73686379 2.22168499 0.38831564
v 4.73202167 2.21262103 0.43997790
v 4.71823245 2.18680906 0.48377505
v 4.69759543 2.14817871 0.51303937
v 4.67325240 2.10261111 0.52331564
v 4.65911653 2.07615024 0.52331564
v 4.63477351 2.03058264 0.51303937
v 4.61413648 1.99195229 0.48377505
v 4.60034727 1.96614032 0.43997790
v 4.59550514 1.95707636 0.38831564
v 4.59550514 1.95707636 0.13831564
v 4.60034727 1.96614032 0.08665337
v 4.61413648 1.99195229 0.04285622
v 4.63477351 2.03058264 0.01359190
v 4.65911653 2.07615024 0.00331564
v 4.67325240 2.10261111 0.00331564
v 4.69759543 2.14817871 0.01359190
v 4.71823245 2.18680906 0.04285622
v 4.73202167 2.21262103 0.08665337
v 4.73686379 2.22168499 0.13831564
v 4.56831771 2.27672851 0.37066437
v 4.56412198 2.26734781 0.42232663
v 4.55217357 2.24063385 0.46612379
v 4.53429150 2.20065358 0.49538811
v 4.51319816 2.15349363 0.50566437
v 4.50094937 2.12610810 0.50566437
v 4.47985603 2.07894816 0.49538811
v 4.46197396 2.03896789 0.46612379
v 4.45002554 2.01225392 0.42232663
v 4.44582981 2.00287323 0.37066437
v 4.44582981 2.00287323 0.12066437
v 4.45002554 2.01225392 0.06900211
v 4.46197396 2.03896789 0.02520496
v 4.47985603 2.07894816 -0.00405937
v 4.50094937 2.12610810 -0.01433563
v 4.51319816 2.15349363 -0.01433563
v 4.53429150 2.20065358 -0.00405937
v 4.55217357 2.24063385 0.02520496
v 4.56412198 2.26734781 0.06900211
v 4.56831771 2.27672851 0.12066437
v 4.39083062 2.32395599 0.35276743
v 4.38733437 2.31429277 0.40442969
v 4.37737789 2.28677424 0.44822685
v 4.36247697 2.24558987 0.47749117
v 4.34490013 2.19700958 0.48776743
v 4.33469336 2.16879927 0.48776743
v 4.31711652 2.12021898 0.47749117
v 4.30221560 2.07903460 0.44822685
v 4.29225912 2.05151608 0.40442969
v 4.28876287 2.04185286 0.35276743
v 4.28876287 2.04185286 0.10276743
v 4.29225912 2.05151608 0.05110517
v 4.30221560 2.07903460 0.00730802
v 4.31711652 2.12021898 -0.02195631
v 4.33469336 2.16879927 -0.03223257
v 4.34490013 2.19700958 -0.03223257
v 4.36247697 2.24558987 -0.02195631
v 4.37737789 2.28677424 0.00730802
v 4.38733437 2.31429277 0.05110517
v 4.39083062 2.32395599 0.10276743
v 4.20300177 2.36332796 0.33459295
v 4.20026493 2.35342285 0.38625522
v 4.19247106 2.32521547 0.43005237
v 4.18080671 2.28300015 0.45931669
v 4.16704768 2.23320378 0.46959295
v 4.15905788 2.20428729 0.46959295
v 4.14529884 2.15449092 0.45931669
v 4.13363449 2.11227560 0.43005237
v 4.12584062 2.08406822 0.38625522
v 4.12310378 2.07416311 0.33459295
v 4.12310378 2.07416311 0.08459295
v 4.12584062 2.08406822 0.03293069
v 4.13363449 2.11227560 -0.01086646
v 4.14529884 2.15449092 -0.04013078
v 4.15905788 2.20428729 -0.05040705
v 4.16704768 2.23320378 -0.05040705
v 4.18080671 2.28300015 -0.04013078
v 4.19247106 2.32521547 -0.01086646
v 4.20026493 2.35342285 0.03293069
v 4.20300177 2.36332796 0.08459295
v 4.00107173 2.39499856 0.31592268
v 3.99916974 2.38489984 0.36758494
v 3.99375336 2.35614113 0.41138209
v 3.98564716 2.31310069 0.44064642
v 3.97608525 2.26233102 0.45092268
v 3.97053270 2.23284934 0.45092268
v 3.96097079 2.18207967 0.44064642
v 3.95286459 2.13903922 0.41138209
v 3.94744820 2.11028052 0.36758494
v 3.94554622 2.10018180 0.31592268
v 3.94554622 2.10018180 0.06592268
v 3.94744820 2.11028052 0.01426042
v 3.95286459 2.13903922 -0.02953674
v 3.96097079 2.18207967 -0.05880106
v 3.97053270 2.23284934 -0.06907732
v 3.97608525 2.26233102 -0.06907732
v 3.98564716 2.31310069 -0.05880106
v 3.99375336 2.35614113 -0.02953674
v 3.99916974 2.38489984 0.01426042
v 4.00107173 2.39499856 0.06592268
v 3.76178845 2.42075312 0.29494865
v 3.76089282 2.41051596 0.34661091
v 3.75834227 2.38136300 0.39040806
v 3.75452509 2.33773250 0.41967238
v 3.75002243 2.28626683 0.42994865
v 3.74740776 2.25638099 0.42994865
v 3.74290509 2.20491532 0.41967238
v 3.73908792 2.16128483 0.39040806
v 3.73653737 2.13213187 0.34661091
v 3.73564173 2.12189471 0.29494865
v 3.73564173 2.12189471 0.04494865
v 3.73653737 2.13213187 -0.00671362
v 3.73908792 2.16128483 -0.05051077
v 3.74290509 2.20491532 -0.07977509
v 3.74740776 2.25638099 -0.09005135
v 3.75002243 2.28626683 -0.09005135
v 3.75452509 2.33773250 -0.07977509
v 3.75834227 2.38136300 -0.05051077
v 3.76089282 2.41051596 -0.00671362
v 3.76178845 2.42075312 0.04494865
v 3.52166820 2.43694093 0.27513422
v 3.52178766 2.42666536 0.32679648
v 3.52212787 2.39740302 0.37059364
v 3.52263702 2.35360882 0.39985796
v 3.52323760 2.30195005 0.41013422
v 3.52358636 2.27195208 0.41013422
v 3.52418694 2.22029331 0.39985796
v 3.52469609 2.17649911 0.37059364
v 3.52503629 2.14723677 0.32679648
v 3.52515576 2.13696120 0.27513422
v 3.52515576 2.13696120 0.02513422
v 3.52503629 2.14723677 -0.02652804
v 3.52469609 2.17649911 -0.07032519
v 3.52418694 2.22029331 -0.09958952
v 3.52358636 2.27195208 -0.10986578
v 3.52323760 2.30195005 -0.10986578
v 3.52263702 2.35360882 -0.09958952
v 3.52212787 2.39740302 -0.07032519
v 3.52178766 2.42666536 -0.02652804
v 3.52166820 2.43694093 0.02513422
v 3.31730639 2.44081627 0.25922810
v 3.31828165 2.43058639 0.31089036
v 3.32105895 2.40145415 0.35468751
v 3.32521547 2.35785468 0.38395183
v 3.33011843 2.30642560 0.39422810
v 3.33296555 2.27656101 0.39422810
v 3.33786851 2.22513192 0.38395183
v 3.34202504 2.18153245 0.35468751
v 3.34480234 2.15240022 0.31089036
v 3.34577760 2.14217034 0.25922810
v 3.34577760 2.14217034 0.00922810
v 3.34480234 2.15240022 -0.04243417
v 3.34202504 2.18153245 -0.08623132
v 3.33786851 2.22513192 -0.11549564
v 3.33296555 2.27656101 -0.12577190
v 3.33011843 2.30642560 -0.12577190
v 3.32521547 2.35785468 -0.11549564
v 3.32105895 2.40145415 -0.08623132
v 3.31828165 2.43058639 -0.04243417
v 3.31730639 2.44081627 0.00922810
v 3.12549421 2.43465858 0.24509396
v 3.12725935 2.42453505 0.29675622
v 3.13228602 2.39570567 0.34055337
v 3.13980897 2.35255945 0.36981769
v 3.14868290 2.30166503 0.38009396
v 3.15383594 2.27211090 0.38009396
v 3.16270987 2.22121647 0.36981769
v 3.17023282 2.17807026 0.34055337
v 3.17525949 2.14924088 0.29675622
v 3.17702463 2.13911735 0.24509396
v 3.17702463 2.13911735 -0.00490604
v 3.17525949 2.14924088 -0.05656831
v 3.17023282 2.17807026 -0.10036546
v 3.16270987 2.22121647 -0.12962978
v 3.15383594 2.27211090 -0.13990604
v 3.14868290 2.30166503 -0.13990604
v 3.13980897 2.35255945 -0.12962978
v 3.13228602 2.39570567 -0.10036546
v 3.12725935 2.42453505 -0.05656831
v 3.12549421 2.43465858 -0.00490604
v 2.94250258 2.41896890 0.23232606
v 2.94500562 2.40900214 0.28398832
v 2.95213369 2.38061920 0.32778547
v 2.96280159 2.33814113 0.35704980
v 2.97538523 2.28803483 0.36732606
v 2.98269249 2.25893837 0.36732606
v 2.99527613 2.20883207 0.35704980
v 3.00594403 2.16635400 0.32778547
v 3.01307210 2.13797106 0.28398832
v 3.01557514 2.12800430 0.23232606
v 3.01557514 2.12800430 -0.01767394
v 3.01307210 2.13797106 -0.06933620
v 3.00594403 2.16635400 -0.11313336
v 2.99527613 2.20883207 -0.14239768
v 2.98269249 2.25893837 -0.15267394
v 2.97538523 2.28803483 -0.15267394
v 2.96280159 2.33814113 -0.14239768
v 2.95213369 2.38061920 -0.11313336
v 2.94500562 2.40900214 -0.06933620
v 2.94250258 2.41896890 -0.01767394
v 2.76695888 2.39402934 0.22073582
v 2.77015351 2.38426226 0.27239809
v 2.77925104 2.35644795 0.31619524
v 2.79286645 2.31482090 0.34545956
v 2.80892692 2.26571845 0.35573582
v 2.81825315 2.23720492 0.35573582
v 2.83431362 2.18810247 0.34545956
v 2.84792903 2.14647542 0.31619524
v 2.85702655 2.11866112 0.27239809
v 2.86022118 2.10889403 0.22073582
v 2.86022118 2.10889403 -0.02926418
v 2.85702655 2.11866112 -0.08092644
v 2.84792903 2.14647542 -0.12472359
v 2.83431362 2.18810247 -0.15398791
v 2.81825315 2.23720492 -0.16426418
v 2.80892692 2.26571845 -0.16426418
v 2.79286645 2.31482090 -0.15398791
v 2.77925104 2.35644795 -0.12472359
v 2.77015351 2.38426226 -0.08092644
v 2.76695888 2.39402934 -0.02926418
v 2.59830787 2.36004780 0.21020942
v 2.60215108 2.35051725 0.26187168
v 2.61309560 2.32337655 0.30566883
v 2.62947524 2.28275761 0.33493315
v 2.64879633 2.23484431 0.34520942
v 2.66001599 2.20702131 0.34520942
v 2.67933709 2.15910800 0.33493315
v 2.69571673 2.11848907 0.30566883
v 2.70666125 2.09134836 0.26187168
v 2.71050445 2.08181781 0.21020942
v 2.71050445 2.08181781 -0.03979058
v 2.70666125 2.09134836 -0.09145285
v 2.69571673 2.11848907 -0.13525000
v 2.67933709 2.15910800 -0.16451432
v 2.66001599 2.20702131 -0.17479058
v 2.64879633 2.23484431 -0.17479058
v 2.62947524 2.28275761 -0.16451432
v 2.61309560 2.32337655 -0.13525000
v 2.60215108 2.35051725 -0.09145285
v 2.59830787 2.36004780 -0.03979058
v 2.43636471 2.31719971 0.20066555
v 2.44081605 2.30793757 0.25232782
v 2.45349239 2.28156124 0.29612497
v 2.47246387 2.24208627 0.32538929
v 2.49484227 2.19552237 0.33566555
v 2.50783728 2.16848296 0.33566555
v 2.53021567 2.12191906 0.32538929
v 2.54918716 2.08244409 0.29612497
v 2.56186350 2.05606776 0.25232782
v 2.56631484 2.04680562 0.20066555
v 2.56631484 2.04680562 -0.04933445
v 2.56186350 2.05606776 -0.10099671
v 2.54918716 2.08244409 -0.14479386
v 2.53021567 2.12191906 -0.17405818
v 2.50783728 2.16848296 -0.18433445
v 2.49484227 2.19552237 -0.18433445
v 2.47246387 2.24208627 -0.17405818
v 2.45349239 2.28156124 -0.14479386
v 2.44081605 2.30793757 -0.10099671
v 2.43636471 2.31719971 -0.04933445
v 2.28113683 2.26564394 0.19203862
v 2.28615816 2.25667802 0.24370089
v 2.30045769 2.23114521 0.28749804
v 2.32185844 2.19293267 0.31676236
v 2.34710235 2.14785791 0.32703862
v 2.36176135 2.12168323 0.32703862
v 2.38700526 2.07660846 0.31676236
v 2.40840601 2.03839592 0.28749804
v 2.42270554 2.01286312 0.24370089
v 2.42772686 2.00389719 0.19203862
v 2.42772686 2.00389719 -0.05796138
v 2.42270554 2.01286312 -0.10962364
v 2.40840601 2.03839592 -0.15342079
v 2.38700526 2.07660846 -0.18268511
v 2.36176135 2.12168323 -0.19296138
v 2.34710235 2.14785791 -0.19296138
v 2.32185844 2.19293267 -0.18268511
v 2.30045769 2.23114521 -0.15342079
v 2.28615816 2.25667802 -0.10962364
v 2.28113683 2.26564394 -0.05796138
v 2.13273922 2.20552961 0.18427085
v 2.13829458 2.19688441 0.23593311
v 2.15411490 2.17226495 0.27973026
v 2.17779169 2.13541932 0.30899458
v 2.20572037 2.09195694 0.31927085
v 2.22193841 2.06671857 0.31927085
v 2.24986708 2.02325619 0.30899458
v 2.27354387 1.98641056 0.27973026
v 2.28936420 1.96179110 0.23593311
v 2.29491956 1.95314590 0.18427085
v 2.29491956 1.95314590 -0.06572915
v 2.28936420 1.96179110 -0.11739142
v 2.27354387 1.98641056 -0.16118857
v 2.24986708 2.02325619 -0.19045289
v 2.22193841 2.06671857 -0.20072915
v 2.20572037 2.09195694 -0.20072915
v 2.17779169 2.13541932 -0.19045289
v 2.15411490 2.17226495 -0.16118857
v 2.13829458 2.19688441 -0.11739142
v 2.13273922 2.20552961 -0.06572915
v 1.99134889 2.13699862 0.17730836
v 1.99740445 2.12869611 0.22897062
v 2.01464923 2.10505254 0.27276777
v 2.04045786 2.06966745 0.30203209
v 2.07090122 2.02792788 0.31230836
v 2.08857952 2.00368994 0.31230836
v 2.11902288 1.96195038 0.30203209
v 2.14483151 1.92656528 0.27276777
v 2.16207629 1.90292172 0.22897062
v 2.16813185 1.89461920 0.17730836
v 2.16813185 1.89461920 -0.07269164
v 2.16207629 1.90292172 -0.12435391
v 2.14483151 1.92656528 -0.16815106
v 2.11902288 1.96195038 -0.19741538
v 2.08857952 2.00368994 -0.20769164
v 2.07090122 2.02792788 -0.20769164
v 2.04045786 2.06966745 -0.19741538
v 2.01464923 2.10505254 -0.16815106
v 1.99740445 2.12869611 -0.12435391
v 1.99134889 2.13699862 -0.07269164
v 1.85717822 2.06018578 0.17109921
v 1.86370219 2.05224604 0.22276147
v 1.88228085 2.02963556 0.26655862
v 1.91008579 1.99579660 0.29582295
v 1.94288396 1.95588081 0.30609921
v 1.96192968 1.93270193 0.30609921
v 1.99472784 1.89278614 0.29582295
v 2.02253278 1.85894717 0.26655862
v 2.04111145 1.83633670 0.22276147
v 2.04763541 1.82839695 0.17109921
v 2.04763541 1.82839695 -0.07890079
v 2.04111145 1.83633670 -0.13056305
v 2.02253278 1.85894717 -0.17436021
v 1.99472784 1.89278614 -0.20362453
v 1.96192968 1.93270193 -0.21390079
v 1.94288396 1.95588081 -0.21390079
v 1.91008579 1.99579660 -0.20362453
v 1.88228085 2.02963556 -0.17436021
v 1.86370219 2.05224604 -0.13056305
v 1.85717822 2.06018578 -0.07890079
v 1.73045812 1.97521693 0.16559245
v 1.73742059 1.96765878 0.21725471
v 1.75724801 1.94613498 0.26105186
v 1.78692184 1.91392234 0.29031618
v 1.82192451 1.87592494 0.30059245
v 1.84225037 1.85386005 0.30059245
v 1.87725304 1.81586265 0.29031618
v 1.90692687 1.78365000 0.26105186
v 1.92675429 1.76212620 0.21725471
v 1.93371675 1.75456805 0.16559245
v 1.93371675 1.75456805 -0.08440755
v 1.92675429 1.76212620 -0.13606982
v 1.90692687 1.78365000 -0.17986697
v 1.87725304 1.81586265 -0.20913129
v 1.84225037 1.85386005 -0.21940755
v 1.82192451 1.87592494 -0.21940755
v 1.78692184 1.91392234 -0.20913129
v 1.75724801 1.94613498 -0.17986697
v 1.73742059 1.96765878 -0.13606982
v 1.73045812 1.97521693 -0.08440755
v 1.61142658 1.88220506 0.16073779
v 1.61879939 1.87504663 0.21240005
v 1.63979539 1.85466113 0.25619720
v 1.67121813 1.82415208 0.28546153
v 1.70828377 1.78816420 0.29573779
v 1.72980760 1.76726624 0.29573779
v 1.76687324 1.73127836 0.28546153
v 1.79829598 1.70076931 0.25619720
v 1.81929198 1.68038381 0.21240005
v 1.82666479 1.67322538 0.16073779
v 1.82666479 1.67322538 -0.08926221
v 1.81929198 1.68038381 -0.14092447
v 1.79829598 1.70076931 -0.18472163
v 1.76687324 1.73127836 -0.21398595
v 1.72980760 1.76726624 -0.22426221
v 1.70828377 1.78816420 -0.22426221
v 1.67121813 1.82415208 -0.21398595
v 1.63979539 1.85466113 -0.18472163
v 1.61879939 1.87504663 -0.14092447
v 1.61142658 1.88220506 -0.08926221
v 1.50032049 1.78124395 0.15648566
v 1.50807705 1.77450322 0.20814793
v 1.53016586 1.75530726 0.25194508
v 1.56322411 1.72657848 0.28120940
v 1.60221897 1.69269057 0.29148566
v 1.62486307 1.67301204 0.29148566
v 1.66385793 1.63912413 0.28120940
v 1.69691618 1.61039535 0.25194508
v 1.71900499 1.59119939 0.20814793
v 1.72676155 1.58445866 0.15648566
v 1.72676155 1.58445866 -0.09351434
v 1.71900499 1.59119939 -0.14517660
v 1.69691618 1.61039535 -0.18897375
v 1.66385793 1.63912413 -0.21823807
v 1.62486307 1.67301204 -0.22851434
v 1.60221897 1.69269057 -0.22851434
v 1.56322411 1.72657848 -0.21823807
v 1.53016586 1.75530726 -0.18897375
v 1.50807705 1.77450322 -0.14517660
v 1.50032049 1.78124395 -0.09351434
v 1.39736938 1.67239832 0.15278749
v 1.40548439 1.66609370 0.20444975
v 1.42859397 1.64813966 0.24824690
v 1.46317990 1.62126953 0.27751123
v 1.50397679 1.58957405 0.28778749
v 1.52766733 1.57116866 0.28778749
v 1.56846422 1.53947319 0.27751123
v 1.60305015 1.51260306 0.24824690
v 1.62615974 1.49464901 0.20444975
v 1.63427474 1.48834439 0.15278749
v 1.63427474 1.48834439 -0.09721251
v 1.62615974 1.49464901 -0.14887478
v 1.60305015 1.51260306 -0.19267193
v 1.56846422 1.53947319 -0.22193625
v 1.52766733 1.57116866 -0.23221251
v 1.50397679 1.58957405 -0.23221251
v 1.46317990 1.62126953 -0.22193625
v 1.42859397 1.64813966 -0.19267193
v 1.40548439 1.66609370 -0.14887478
v 1.39736938 1.67239832 -0.09721251
v 1.30279012 1.55568881 0.14959606
v 1.31123931 1.54983964 0.20125832
v 1.33530056 1.53318262 0.24505547
v 1.37131078 1.50825362 0.27431979
v 1.41378772 1.47884786 0.28459606
v 1.43845386 1.46177210 0.28459606
v 1.48093080 1.43236634 0.27431979
v 1.51694102 1.40743734 0.24505547
v 1.54100228 1.39078032 0.20125832
v 1.54945147 1.38493115 0.14959606
v 1.54945147 1.38493115 -0.10040394
v 1.54100228 1.39078032 -0.15206621
v 1.51694102 1.40743734 -0.19586336
v 1.48093080 1.43236634 -0.22512768
v 1.43845386 1.46177210 -0.23540394
v 1.41378772 1.47884786 -0.23540394
v 1.37131078 1.50825362 -0.22512768
v 1.33530056 1.53318262 -0.19586336
v 1.31123931 1.54983964 -0.15206621
v 1.30279012 1.55568881 -0.10040394
v 1.21678207 1.43106831 0.14686601
v 1.22554190 1.42569551 0.19852827
v 1.25048778 1.41039507 0.24232542
v 1.28782193 1.38749635 0.27158974
v 1.33186056 1.36048546 0.28186601
v 1.35743356 1.34480038 0.28186601
v 1.40147220 1.31778949 0.27158974
v 1.43880635 1.29489076 0.24232542
v 1.46375223 1.27959032 0.19852827
v 1.47251206 1.27421752 0.14686601
v 1.47251206 1.27421752 -0.10313399
v 1.46375223 1.27959032 -0.15479626
v 1.43880635 1.29489076 -0.19859341
v 1.40147220 1.31778949 -0.22785773
v 1.35743356 1.34480038 -0.23813399
v 1.33186056 1.36048546 -0.23813399
v 1.28782193 1.38749635 -0.22785773
v 1.25048778 1.41039507 -0.19859341
v 1.22554190 1.42569551 -0.15479626
v 1.21678207 1.43106831 -0.10313399
v 1.13952192 1.29838362 0.14455429
v 1.14856919 1.29351038 0.19621655
v 1.17433364 1.27963258 0.24001370
v 1.21289287 1.25886297 0.26927803
v 1.25837659 1.23436356 0.27955429
v 1.28478873 1.22013688 0.27955429
v 1.33027245 1.19563746 0.26927803
v 1.36883167 1.17486786 0.24001370
v 1.39459613 1.16099005 0.19621655
v 1.40364340 1.15611682 0.14455429
v 1.40364340 1.15611682 -0.10544571
v 1.39459613 1.16099005 -0.15710797
v 1.36883167 1.17486786 -0.20090513
v 1.33027245 1.19563746 -0.23016945
v 1.28478873 1.22013688 -0.24044571
v 1.25837659 1.23436356 -0.24044571
v 1.21289287 1.25886297 -0.23016945
v 1.17433364 1.27963258 -0.20090513
v 1.14856919 1.29351038 -0.15710797
v 1.13952192 1.29838362 -0.10544571
v 1.07115693 1.15730902 0.14262058
v 1.08046836 1.15296175 0.19428285
v 1.10698509 1.14058176 0.23808000
v 1.14667016 1.12205381 0.26734432
v 1.19348190 1.10019859 0.27762058
v 1.22066523 1.08750738 0.27762058
v 1.26747697 1.06565217 0.26734432
v 1.30716205 1.04712421 0.23808000
v 1.33367877 1.03474423 0.19428285
v 1.34299020 1.03039695 0.14262058
v 1.34299020 1.03039695 -0.10737942
v 1.33367877 1.03474423 -0.15904168
v 1.30716205 1.04712421 -0.20283883
v 1.26747697 1.06565217 -0.23210315
v 1.22066523 1.08750738 -0.24237942
v 1.19348190 1.10019859 -0.24237942
v 1.14667016 1.12205381 -0.23210315
v 1.10698509 1.14058176 -0.20283883
v 1.08046836 1.15296175 -0.15904168
v 1.07115693 1.15730902 -0.10737942
v 1.01179426 1.00722183 0.14102758
v 1.02134595 1.00343148 0.19268984
v 1.04854688 0.99263749 0.23648699
v 1.08925594 0.97648315 0.26575132
v 1.13727555 0.95742780 0.27602758
v 1.16516028 0.94636246 0.27602758
v 1.21317989 0.92730711 0.26575132
v 1.25388895 0.91115276 0.23648699
v 1.28108988 0.90035877 0.19268984
v 1.29064157 0.89656843 0.14102758
v 1.29064157 0.89656843 -0.10897242
v 1.28108988 0.90035877 -0.16063468
v 1.25388895 0.91115276 -0.20443184
v 1.21317989 0.92730711 -0.23369616
v 1.16516028 0.94636246 -0.24397242
v 1.13727555 0.95742780 -0.24397242
v 1.08925594 0.97648315 -0.23369616
v 1.04854688 0.99263749 -0.20443184
v 1.02134595 1.00343148 -0.16063468
v 1.01179426 1.00722183 -0.10897242
v 0.96147979 0.84693948 0.13974092
v 0.97124656 0.84374389 0.19140319
v 0.99905996 0.83464360 0.23520034
v 1.04068566 0.82102406 0.26446466
v 1.08978652 0.80495873 0.27474092
v 1.11829912 0.79562967 0.27474092
v 1.16739998 0.77956433 0.26446466
v 1.20902568 0.76594479 0.23520034
v 1.23683908 0.75684451 0.19140319
v 1.24660585 0.75364891 0.13974092
v 1.24660585 0.75364891 -0.11025908
v 1.23683908 0.75684451 -0.16192134
v 1.20902568 0.76594479 -0.20571849
v 1.16739998 0.77956433 -0.23498281
v 1.11829912 0.79562967 -0.24525908
v 1.08978652 0.80495873 -0.24525908
v 1.04068566 0.82102406 -0.23498281
v 0.99905996 0.83464360 -0.20571849
v 0.97124656 0.84374389 -0.16192134
v 0.96147979 0.84693948 -0.11025908
v 0.92014513 0.67405466 0.13872833
v 0.93009962 0.67150324 0.19039059
v 0.95844761 0.66423740 0.23418774
v 1.00087336 0.65336331 0.26345206
v 1.05091795 0.64053645 0.27372833
v 1.07997858 0.63308796 0.27372833
v 1.13002317 0.62026109 0.26345206
v 1.17244892 0.60938700 0.23418774
v 1.20079691 0.60212117 0.19039059
v 1.21075139 0.59956975 0.13872833
v 1.21075139 0.59956975 -0.11127167
v 1.20079691 0.60212117 -0.16293394
v 1.17244892 0.60938700 -0.20673109
v 1.13002317 0.62026109 -0.23599541
v 1.07997858 0.63308796 -0.24627167
v 1.05091795 0.64053645 -0.24627167
v 1.00087336 0.65336331 -0.23599541
v 0.95844761 0.66423740 -0.20673109
v 0.93009962 0.67150324 -0.16293394
v 0.92014513 0.67405466 -0.11127167
v 0.88741895 0.48261008 0.13795524
v 0.89753045 0.48077730 0.18961750
v 0.92632558 0.47555800 0.23341465
v 0.96942053 0.46774676 0.26267897
v 1.02025450 0.45853278 0.27295524
v 1.04977351 0.45318226 0.27295524
v 1.10060747 0.44396828 0.26267897
v 1.14370243 0.43615704 0.23341465
v 1.17249756 0.43093773 0.18961750
v 1.18260906 0.42910496 0.13795524
v 1.18260906 0.42910496 -0.11204476
v 1.17249756 0.43093773 -0.16370703
v 1.14370243 0.43615704 -0.20750418
v 1.10060747 0.44396828 -0.23676850
v 1.04977351 0.45318226 -0.24704476
v 1.02025450 0.45853278 -0.24704476
v 0.96942053 0.46774676 -0.23676850
v 0.92632558 0.47555800 -0.20750418
v 0.89753045 0.48077730 -0.16370703
v 0.88741895 0.48261008 -0.11204476
v 0.86027432 0.23532051 0.13732936
v 0.87051147 0.23442487 0.18899162
v 0.89966444 0.23187432 0.23278878
v 0.94329493 0.22805714 0.26205310
v 0.99476060 0.22355448 0.27232936
v 1.02464644 0.22093981 0.27232936
v 1.07611211 0.21643714 0.26205310
v 1.11974260 0.21261997 0.23278878
v 1.14889557 0.21006942 0.18899162
v 1.15913272 0.20917378 0.13732936
v 1.15913272 0.20917378 -0.11267064
v 1.14889557 0.21006942 -0.16433290
v 1.11974260 0.21261997 -0.20813005
v 1.07611211 0.21643714 -0.23739438
v 1.02464644 0.22093981 -0.24767064
v 0.99476060 0.22355448 -0.24767064
v 0.94329493 0.22805714 -0.23739438
v 0.89966444 0.23187432 -0.20813005
v 0.87051147 0.23442487 -0.16433290
v 0.86027432 0.23532051 -0.11267064
v 0.84245779 -0.03248518 0.13691153
v 0.85273332 -0.03236190 0.18857379
v 0.88199553 -0.03201081 0.23237094
v 0.92578953 -0.03148536 0.26163527
v 0.97744808 -0.03086556 0.27191153
v 1.00744592 -0.03050565 0.27191153
v 1.05910446 -0.02988585 0.26163527
v 1.10289846 -0.02936041 0.23237094
v 1.13216068 -0.02900932 0.18857379
v 1.14243620 -0.02888603 0.13691153
v 1.14243620 -0.02888603 -0.11308847
v 1.13216068 -0.02900932 -0.16475074
v 1.10289846 -0.02936041 -0.20854789
v 1.05910446 -0.02988585 -0.23781221
v 1.00744592 -0.03050565 -0.24808847
v 0.97744808 -0.03086556 -0.24808847
v 0.92578953 -0.03148536 -0.23781221
v 0.88199553 -0.03201081 -0.20854789
v 0.85273332 -0.03236190 -0.16475074
v 0.84245779 -0.03248518 -0.11308847
v 0.84033200 -0.24189992 0.13684659
v 0.85056756 -0.24098616 0.18850885
v 0.87971596 -0.23838400 0.23230600
v 0.92333963 -0.23448959 0.26157032
v 0.97479725 -0.22989582 0.27184659
v 1.00467841 -0.22722824 0.27184659
v 1.05613603 -0.22263447 0.26157032
v 1.09975970 -0.21874006 0.23230600
v 1.12890810 -0.21613789 0.18850885
v 1.13914366 -0.21522414 0.13684659
v 1.13914366 -0.21522414 -0.11315341
v 1.12890810 -0.21613789 -0.16481568
v 1.09975970 -0.21874006 -0.20861283
v 1.05613603 -0.22263447 -0.23787715
v 1.00467841 -0.22722824 -0.24815341
v 0.97479725 -0.22989582 -0.24815341
v 0.92333963 -0.23448959 -0.23787715
v 0.87971596 -0.23838400 -0.20861283
v 0.85056756 -0.24098616 -0.16481568
v 0.84033200 -0.24189992 -0.11315341
v 0.85010738 -0.43309318 0.13705036
v 0.86025393 -0.43146556 0.18871263
v 0.88914885 -0.42683049 0.23250978
v 0.93239316 -0.41989361 0.26177410
v 0.98340330 -0.41171101 0.27205036
v 1.01302462 -0.40695942 0.27205036
v 1.06403476 -0.39877682 0.26177410
v 1.10727907 -0.39183995 0.23250978
v 1.13617399 -0.38720487 0.18871263
v 1.14632054 -0.38557725 0.13705036
v 1.14632054 -0.38557725 -0.11294964
v 1.13617399 -0.38720487 -0.16461190
v 1.10727907 -0.39183995 -0.20840905
v 1.06403476 -0.39877682 -0.23767337
v 1.01302462 -0.40695942 -0.24794964
v 0.98340330 -0.41171101 -0.24794964
v 0.93239316 -0.41989361 -0.23767337
v 0.88914885 -0.42683049 -0.20840905
v 0.86025393 -0.43146556 -0.16461190
v 0.85010738 -0.43309318 -0.11294964
v 0.87105240 -0.61245601 0.13751508
v 0.88107020 -0.61016576 0.18917734
v 0.90959848 -0.60364368 0.23297449
v 0.95229407 -0.59388269 0.26223882
v 1.00265696 -0.58236882 0.27251508
v 1.03190242 -0.57568278 0.27251508
v 1.08226530 -0.56416891 0.26223882
v 1.12496090 -0.55440792 0.23297449
v 1.15348918 -0.54788584 0.18917734
v 1.16350698 -0.54559559 0.13751508
v 1.16350698 -0.54559559 -0.11248492
v 1.15348918 -0.54788584 -0.16414718
v 1.12496090 -0.55440792 -0.20794434
v 1.08226530 -0.56416891 -0.23720866
v 1.03190242 -0.57568278 -0.24748492
v 1.00265696 -0.58236882 -0.24748492
v 0.95229407 -0.59388269 -0.23720866
v 0.90959848 -0.60364368 -0.20794434
v 0.88107020 -0.61016576 -0.16414718
v 0.87105240 -0.61245601 -0.11248492
v 0.90278307 -0.78255417 0.13824765
v 0.91263776 -0.77964099 0.18990991
v 0.94070155 -0.77134494 0.23370706
v 0.98270197 -0.75892903 0.26297138
v 1.03224485 -0.74428347 0.27324765
v 1.06101413 -0.73577887 0.27324765
v 1.11055701 -0.72113330 0.26297138
v 1.15255744 -0.70871739 0.23370706
v 1.18062123 -0.70042135 0.18990991
v 1.19047592 -0.69750816 0.13824765
v 1.19047592 -0.69750816 -0.11175235
v 1.18062123 -0.70042135 -0.16341462
v 1.15255744 -0.70871739 -0.20721177
v 1.11055701 -0.72113330 -0.23647609
v 1.06101413 -0.73577887 -0.24675235
v 1.03224485 -0.74428347 -0.24675235
v 0.98270197 -0.75892903 -0.23647609
v 0.94070155 -0.77134494 -0.20721177
v 0.91263776 -0.77964099 -0.16341462
v 0.90278307 -0.78255417 -0.11175235
v 0.94502662 -0.94463291 0.13926414
v 0.95468731 -0.94112969 0.19092640
v 0.98219864 -0.93115335 0.23472355
v 1.02337225 -0.91622270 0.26398787
v 1.07193983 -0.89861079 0.27426414
v 1.10014277 -0.88838365 0.27426414
v 1.14871035 -0.87077175 0.26398787
v 1.18988396 -0.85584110 0.23472355
v 1.21739529 -0.84586476 0.19092640
v 1.22705598 -0.84236153 0.13926414
v 1.22705598 -0.84236153 -0.11073586
v 1.21739529 -0.84586476 -0.16239813
v 1.18988396 -0.85584110 -0.20619528
v 1.14871035 -0.87077175 -0.23545960
v 1.10014277 -0.88838365 -0.24573586
v 1.07193983 -0.89861079 -0.24573586
v 1.02337225 -0.91622270 -0.23545960
v 0.98219864 -0.93115335 -0.20619528
v 0.95468731 -0.94112969 -0.16239813
v 0.94502662 -0.94463291 -0.11073586
v 0.99755267 -1.09933272 0.14058791
v 1.00699077 -1.09526776 0.19225018
v 1.03386819 -1.08369172 0.23604733
v 1.07409310 -1.06636695 0.26531165
v 1.12154161 -1.04593100 0.27558791
v 1.14909470 -1.03406395 0.27558791
v 1.19654321 -1.01362799 0.26531165
v 1.23676812 -0.99630323 0.23604733
v 1.26364554 -0.98472719 0.19225018
v 1.27308364 -0.98066222 0.14058791
v 1.27308364 -0.98066222 -0.10941209
v 1.26364554 -0.98472719 -0.16107435
v 1.23676812 -0.99630323 -0.20487150
v 1.19654321 -1.01362799 -0.23413582
v 1.14909470 -1.03406395 -0.24441209
v 1.12154161 -1.04593100 -0.24441209
v 1.07409310 -1.06636695 -0.23413582
v 1.03386819 -1.08369172 -0.20487150
v 1.00699077 -1.09526776 -0.16107435
v 0.99755267 -1.09933272 -0.10941209
v 1.06014605 -1.24697224 0.14224865
v 1.06933440 -1.24237052 0.19391091
v 1.09550060 -1.22926592 0.23770806
v 1.13466109 -1.20965351 0.26697238
v 1.18085403 -1.18651909 0.27724865
v 1.20767803 -1.17308506 0.27724865
v 1.25387097 -1.14995064 0.26697238
v 1.29303146 -1.13033823 0.23770806
v 1.31919766 -1.11723364 0.19391091
v 1.32838601 -1.11263192 0.14224865
v 1.32838601 -1.11263192 -0.10775135
v 1.31919766 -1.11723364 -0.15941362
v 1.29303146 -1.13033823 -0.20321077
v 1.25387097 -1.14995064 -0.23247509
v 1.20767803 -1.17308506 -0.24275135
v 1.18085403 -1.18651909 -0.24275135
v 1.13466109 -1.20965351 -0.23247509
v 1.09550060 -1.22926592 -0.20321077
v 1.06933440 -1.24237052 -0.15941362
v 1.06014605 -1.24697224 -0.10775135
v 1.13259437 -1.38768234 0.14428157
v 1.14150663 -1.38256636 0.19594384
v 1.16688660 -1.36799730 0.23974099
v 1.20487041 -1.34619315 0.26900531
v 1.24967537 -1.32047341 0.27928157
v 1.27569336 -1.30553810 0.27928157
v 1.32049832 -1.27981835 0.26900531
v 1.35848213 -1.25801421 0.23974099
v 1.38386210 -1.24344514 0.19594384
v 1.39277436 -1.23832917 0.14428157
v 1.39277436 -1.23832917 -0.10571843
v 1.38386210 -1.24344514 -0.15738069
v 1.35848213 -1.25801421 -0.20117784
v 1.32049832 -1.27981835 -0.23044216
v 1.27569336 -1.30553810 -0.24071843
v 1.24967537 -1.32047341 -0.24071843
v 1.20487041 -1.34619315 -0.23044216
v 1.16688660 -1.36799730 -0.20117784
v 1.14150663 -1.38256636 -0.15738069
v 1.13259437 -1.38768234 -0.10571843
v 1.21468237 -1.52147783 0.14672687
v 1.22329250 -1.51586827 0.19838914
v 1.24781207 -1.49989357 0.24218629
v 1.28450821 -1.47598575 0.27145061
v 1.32779425 -1.44778455 0.28172687
v 1.35293023 -1.43140826 0.28172687
v 1.39621628 -1.40320706 0.27145061
v 1.43291241 -1.37929924 0.24218629
v 1.45743199 -1.36332454 0.19838914
v 1.46604212 -1.35771497 0.14672687
v 1.46604212 -1.35771497 -0.10327313
v 1.45743199 -1.36332454 -0.15493539
v 1.43291241 -1.37929924 -0.19873254
v 1.39621628 -1.40320706 -0.22799686
v 1.35293023 -1.43140826 -0.23827313
v 1.32779425 -1.44778455 -0.23827313
v 1.28450821 -1.47598575 -0.22799686
v 1.24781207 -1.49989357 -0.19873254
v 1.22329250 -1.51586827 -0.15493539
v 1.21468237 -1.52147783 -0.10327313
v 1.30618981 -1.64829933 0.14962907
v 1.31447164 -1.64221552 0.20129133
v 1.33805630 -1.62489026 0.24508849
v 1.37335324 -1.59896119 0.27435281
v 1.41498881 -1.56837576 0.28462907
v 1.43916637 -1.55061497 0.28462907
v 1.48080194 -1.52002954 0.27435281
v 1.51609888 -1.49410047 0.24508849
v 1.53968354 -1.47677522 0.20129133
v 1.54796537 -1.47069140 0.14962907
v 1.54796537 -1.47069140 -0.10037093
v 1.53968354 -1.47677522 -0.15203319
v 1.51609888 -1.49410047 -0.19583035
v 1.48080194 -1.52002954 -0.22509467
v 1.43916637 -1.55061497 -0.23537093
v 1.41498881 -1.56837576 -0.23537093
v 1.37335324 -1.59896119 -0.22509467
v 1.33805630 -1.62489026 -0.19583035
v 1.31447164 -1.64221552 -0.15203319
v 1.30618981 -1.64829933 -0.10037093
v 1.40689181 -1.76803934 0.15303649
v 1.41481869 -1.76149976 0.20469875
v 1.43739253 -1.74287660 0.24849590
v 1.47117668 -1.71500507 0.27776023
v 1.51102779 -1.68212836 0.28803649
v 1.53416913 -1.66303704 0.28803649
v 1.57402024 -1.63016033 0.27776023
v 1.60780439 -1.60228880 0.24849590
v 1.63037823 -1.58366564 0.20469875
v 1.63830511 -1.57712606 0.15303649
v 1.63830511 -1.57712606 -0.09696351
v 1.63037823 -1.58366564 -0.14862578
v 1.60780439 -1.60228880 -0.19242293
v 1.57402024 -1.63016033 -0.22168725
v 1.53416913 -1.66303704 -0.23196351
v 1.51102779 -1.68212836 -0.23196351
v 1.47117668 -1.71500507 -0.22168725
v 1.43739253 -1.74287660 -0.19242293
v 1.41481869 -1.76149976 -0.14862578
v 1.40689181 -1.76803934 -0.09696351
v 1.51656111 -1.88055947 0.15700076
v 1.52410559 -1.87358220 0.20866303
v 1.54559047 -1.85371262 0.25246018
v 1.57774486 -1.82397568 0.28172450
v 1.61567356 -1.78889857 0.29200076
v 1.63769854 -1.76852947 0.29200076
v 1.67562724 -1.73345236 0.28172450
v 1.70778163 -1.70371542 0.25246018
v 1.72926651 -1.68384584 0.20866303
v 1.73681099 -1.67686857 0.15700076
v 1.73681099 -1.67686857 -0.09299924
v 1.72926651 -1.68384584 -0.14466150
v 1.70778163 -1.70371542 -0.18845865
v 1.67562724 -1.73345236 -0.21772297
v 1.63769854 -1.76852947 -0.22799924
v 1.61567356 -1.78889857 -0.22799924
v 1.57774486 -1.82397568 -0.21772297
v 1.54559047 -1.85371262 -0.18845865
v 1.52410559 -1.87358220 -0.14466150
v 1.51656111 -1.88055947 -0.09299924
v 1.63497246 -1.98570238 0.16157647
v 1.64210605 -1.97830552 0.21323873
v 1.66242080 -1.95724105 0.25703588
v 1.69282396 -1.92571585 0.28630021
v 1.72868693 -1.88852934 0.29657647
v 1.74951237 -1.86693533 0.29657647
v 1.78537534 -1.82974882 0.28630021
v 1.81577850 -1.79822362 0.25703588
v 1.83609325 -1.77715915 0.21323873
v 1.84322683 -1.76976230 0.16157647
v 1.84322683 -1.76976230 -0.08842353
v 1.83609325 -1.77715915 -0.14008579
v 1.81577850 -1.79822362 -0.18388295
v 1.78537534 -1.82974882 -0.21314727
v 1.74951237 -1.86693533 -0.22342353
v 1.72868693 -1.88852934 -0.22342353
v 1.69282396 -1.92571585 -0.21314727
v 1.66242080 -1.95724105 -0.18388295
v 1.64210605 -1.97830552 -0.14008579
v 1.63497246 -1.98570238 -0.08842353
v 1.76190960 -2.08330036 0.16682094
v 1.76860249 -2.07550249 0.21848320
v 1.78766223 -2.05329602 0.26228036
v 1.81618714 -2.02006171 0.29154468
v 1.84983457 -1.98085916 0.30182094
v 1.86937346 -1.95809445 0.30182094
v 1.90302089 -1.91889190 0.29154468
v 1.93154580 -1.88565758 0.26228036
v 1.95060554 -1.86345112 0.21848320
v 1.95729843 -1.85565325 0.16682094
v 1.95729843 -1.85565325 -0.08317906
v 1.95060554 -1.86345112 -0.13484132
v 1.93154580 -1.88565758 -0.17863848
v 1.90302089 -1.91889190 -0.20790280
v 1.86937346 -1.95809445 -0.21817906
v 1.84983457 -1.98085916 -0.21817906
v 1.81618714 -2.02006171 -0.20790280
v 1.78766223 -2.05329602 -0.17863848
v 1.76860249 -2.07550249 -0.13484132
v 1.76190960 -2.08330036 -0.08317906
v 1.89717584 -2.17318203 0.17279440
v 1.90339671 -2.16500265 0.22445666
v 1.92111225 -2.14170973 0.26825381
v 1.94762544 -2.10684941 0.29751814
v 1.97889987 -2.06572886 0.30779440
v 1.99706076 -2.04185038 0.30779440
v 2.02833520 -2.00072984 0.29751814
v 2.05484838 -1.96586952 0.26825381
v 2.07256392 -1.94257660 0.22445666
v 2.07878479 -1.93439722 0.17279440
v 2.07878479 -1.93439722 -0.07720560
v 2.07256392 -1.94257660 -0.12886786
v 2.05484838 -1.96586952 -0.17266502
v 2.02833520 -2.00072984 -0.20192934
v 1.99706076 -2.04185038 -0.21220560
v 1.97889987 -2.06572886 -0.21220560
v 1.94762544 -2.10684941 -0.20192934
v 1.92111225 -2.14170973 -0.17266502
v 1.90339671 -2.16500265 -0.12886786
v 1.89717584 -2.17318203 -0.07720560
v 2.04061065 -2.25517783 0.17956063
v 2.04632645 -2.24663785 0.23122289
v 2.06260368 -2.22231805 0.27502004
v 2.08696427 -2.18592091 0.30428436
v 2.11569955 -2.14298755 0.31456063
v 2.13238597 -2.11805638 0.31456063
v 2.16112124 -2.07512302 0.30428436
v 2.18548183 -2.03872587 0.27502004
v 2.20175906 -2.01440608 0.23122289
v 2.20747486 -2.00586610 0.17956063
v 2.20747486 -2.00586610 -0.07043937
v 2.20175906 -2.01440608 -0.12210164
v 2.18548183 -2.03872587 -0.16589879
v 2.16112124 -2.07512302 -0.19516311
v 2.13238597 -2.11805638 -0.20543937
v 2.11569955 -2.14298755 -0.20543937
v 2.08696427 -2.18592091 -0.19516311
v 2.06260368 -2.22231805 -0.16589879
v 2.04632645 -2.24663785 -0.12210164
v 2.04061065 -2.25517783 -0.07043937
v 2.19211636 -2.32912520 0.18718858
v 2.19729208 -2.32024750 0.23885084
v 2.21203126 -2.29496594 0.28264799
v 2.23409001 -2.25712942 0.31191231
v 2.26011008 -2.21249821 0.32218858
v 2.27521979 -2.18658110 0.32218858
v 2.30123986 -2.14194988 0.31191231
v 2.32329861 -2.10411336 0.28264799
v 2.33803780 -2.07883181 0.23885084
v 2.34321351 -2.06995411 0.18718858
v 2.34321351 -2.06995411 -0.06281142
v 2.33803780 -2.07883181 -0.11447369
v 2.32329861 -2.10411336 -0.15827084
v 2.30123986 -2.14194988 -0.18753516
v 2.27521979 -2.18658110 -0.19781142
v 2.26011008 -2.21249821 -0.19781142
v 2.23409001 -2.25712942 -0.18753516
v 2.21203126 -2.29496594 -0.15827084
v 2.19729208 -2.32024750 -0.11447369
v 2.19211636 -2.32912520 -0.06281142
v 2.35170392 -2.39487455 0.19575572
v 2.35630224 -2.38568450 0.24741798
v 2.36939715 -2.35951345 0.29121513
v 2.38899506 -2.32034570 0.32047945
v 2.41211238 -2.27414420 0.33075572
v 2.42553649 -2.24731523 0.33075572
v 2.44865381 -2.20111373 0.32047945
v 2.46825173 -2.16194599 0.29121513
v 2.48134664 -2.13577494 0.24741798
v 2.48594496 -2.12658488 0.19575572
v 2.48594496 -2.12658488 -0.05424428
v 2.48134664 -2.13577494 -0.10590655
v 2.46825173 -2.16194599 -0.14970370
v 2.44865381 -2.20111373 -0.17896802
v 2.42553649 -2.24731523 -0.18924428
v 2.41211238 -2.27414420 -0.18924428
v 2.38899506 -2.32034570 -0.17896802
v 2.36939715 -2.35951345 -0.14970370
v 2.35630224 -2.38568450 -0.10590655
v 2.35170392 -2.39487455 -0.05424428
v 2.51957818 -2.45229770 0.20535493
v 2.52355899 -2.44282380 0.25701719
v 2.53489535 -2.41584442 0.30081434
v 2.55186143 -2.37546691 0.33007866
v 2.57187427 -2.32783840 0.34035493
v 2.58349563 -2.30018077 0.34035493
v 2.60350848 -2.25255226 0.33007866
v 2.62047455 -2.21217475 0.30081434
v 2.63181092 -2.18519537 0.25701719
v 2.63579172 -2.17572147 0.20535493
v 2.63579172 -2.17572147 -0.04464507
v 2.63181092 -2.18519537 -0.09630734
v 2.62047455 -2.21217475 -0.14010449
v 2.60350848 -2.25255226 -0.16936881
v 2.58349563 -2.30018077 -0.17964507
v 2.57187427 -2.32783840 -0.17964507
v 2.55186143 -2.37546691 -0.16936881
v 2.53489535 -2.41584442 -0.14010449
v 2.52355899 -2.44282380 -0.09630734
v 2.51957818 -2.45229770 -0.04464507
v 2.69631661 -2.50130337 0.21610952
v 2.69963586 -2.49157793 0.26777178
v 2.70908828 -2.46388222 0.31156894
v 2.72323482 -2.42243266 0.34083326
v 2.73992181 -2.37353957 0.35110952
v 2.74961185 -2.34514762 0.35110952
v 2.76629884 -2.29625453 0.34083326
v 2.78044538 -2.25480497 0.31156894
v 2.78989780 -2.22710927 0.26777178
v 2.79321705 -2.21738383 0.21610952
v 2.79321705 -2.21738383 -0.03389048
v 2.78989780 -2.22710927 -0.08555274
v 2.78044538 -2.25480497 -0.12934990
v 2.76629884 -2.29625453 -0.15861422
v 2.74961185 -2.34514762 -0.16889048
v 2.73992181 -2.37353957 -0.16889048
v 2.72323482 -2.42243266 -0.15861422
v 2.70908828 -2.46388222 -0.12934990
v 2.69963586 -2.49157793 -0.08555274
v 2.69631661 -2.50130337 -0.03389048
v 2.88331620 -2.54187374 0.22821108
v 2.88592328 -2.53193369 0.27987334
v 2.89334762 -2.50362681 0.32367049
v 2.90445894 -2.46126256 0.35293481
v 2.91756562 -2.41129053 0.36321108
v 2.92517661 -2.38227203 0.36321108
v 2.93828329 -2.33230000 0.35293481
v 2.94939461 -2.28993575 0.32367049
v 2.95681895 -2.26162887 0.27987334
v 2.95942603 -2.25168882 0.22821108
v 2.95942603 -2.25168882 -0.02178892
v 2.95681895 -2.26162887 -0.07345119
v 2.94939461 -2.28993575 -0.11724834
v 2.93828329 -2.33230000 -0.14651266
v 2.92517661 -2.38227203 -0.15678892
v 2.91756562 -2.41129053 -0.15678892
v 2.90445894 -2.46126256 -0.14651266
v 2.89334762 -2.50362681 -0.11724834
v 2.88592328 -2.53193369 -0.07345119
v 2.88331620 -2.54187374 -0.02178892
v 3.08432939 -2.57418951 0.24204733
v 3.08615867 -2.56407738 0.29370960
v 3.09136803 -2.53528045 0.33750675
v 3.09916439 -2.49218280 0.36677107
v 3.10836083 -2.44134566 0.37704733
v 3.11370115 -2.41182480 0.37704733
v 3.12289758 -2.36098766 0.36677107
v 3.13069394 -2.31789001 0.33750675
v 3.13590330 -2.28909308 0.29370960
v 3.13773259 -2.27898094 0.24204733
v 3.13773259 -2.27898094 -0.00795267
v 3.13590330 -2.28909308 -0.05961493
v 3.13069394 -2.31789001 -0.10341208
v 3.12289758 -2.36098766 -0.13267641
v 3.11370115 -2.41182480 -0.14295267
v 3.10836083 -2.44134566 -0.14295267
v 3.09916439 -2.49218280 -0.13267641
v 3.09136803 -2.53528045 -0.10341208
v 3.08615867 -2.56407738 -0.05961493
v 3.08432939 -2.57418951 -0.00795267
v 3.32252351 -2.60006816 0.25955504
v 3.32341915 -2.58983100 0.31121730
v 3.32596970 -2.56067804 0.35501445
v 3.32978687 -2.51704755 0.38427877
v 3.33428954 -2.46558188 0.39455504
v 3.33690421 -2.43569604 0.39455504
v 3.34140687 -2.38423036 0.38427877
v 3.34522405 -2.34059987 0.35501445
v 3.34777460 -2.31144691 0.31121730
v 3.34867023 -2.30120975 0.25955504
v 3.34867023 -2.30120975 0.00955504
v 3.34777460 -2.31144691 -0.04210723
v 3.34522405 -2.34059987 -0.08590438
v 3.34140687 -2.38423036 -0.11516870
v 3.33690421 -2.43569604 -0.12544496
v 3.33428954 -2.46558188 -0.12544496
v 3.32978687 -2.51704755 -0.11516870
v 3.32596970 -2.56067804 -0.08590438
v 3.32341915 -2.58983100 -0.04210723
v 3.32252351 -2.60006816 0.00955504
v 3.56159271 -2.61594464 0.27834839
v 3.56154717 -2.60566848 0.33001065
v 3.56141749 -2.57640445 0.37380781
v 3.56122340 -2.53260772 0.40307213
v 3.56099446 -2.48094597 0.41334839
v 3.56086151 -2.45094626 0.41334839
v 3.56063257 -2.39928451 0.40307213
v 3.56043848 -2.35548778 0.37380781
v 3.56030880 -2.32622375 0.33001065
v 3.56026326 -2.31594759 0.27834839
v 3.56026326 -2.31594759 0.02834839
v 3.56030880 -2.32622375 -0.02331387
v 3.56043848 -2.35548778 -0.06711102
v 3.56063257 -2.39928451 -0.09637535
v 3.56086151 -2.45094626 -0.10665161
v 3.56099446 -2.48094597 -0.10665161
v 3.56122340 -2.53260772 -0.09637535
v 3.56141749 -2.57640445 -0.06711102
v 3.56154717 -2.60566848 -0.02331387
v 3.56159271 -2.61594464 0.02834839
v 3.76516363 -2.61902540 0.29532666
v 3.76432223 -2.60878364 0.34698893
v 3.76192612 -2.57961758 0.39078608
v 3.75834009 -2.53596748 0.42005040
v 3.75411007 -2.48447868 0.43032666
v 3.75165372 -2.45457941 0.43032666
v 3.74742371 -2.40309061 0.42005040
v 3.74383768 -2.35944052 0.39078608
v 3.74144156 -2.33027445 0.34698893
v 3.74060016 -2.32003270 0.29532666
v 3.74060016 -2.32003270 0.04532666
v 3.74144156 -2.33027445 -0.00633560
v 3.74383768 -2.35944052 -0.05013275
v 3.74742371 -2.40309061 -0.07939707
v 3.75165372 -2.45457941 -0.08967334
v 3.75411007 -2.48447868 -0.08967334
v 3.75834009 -2.53596748 -0.07939707
v 3.76192612 -2.57961758 -0.05013275
v 3.76432223 -2.60878364 -0.00633560
v 3.76516363 -2.61902540 0.04532666
v 3.95636725 -2.61154351 0.31209747
v 3.95478723 -2.60138944 0.36375973
v 3.95028773 -2.57247310 0.40755688
v 3.94355374 -2.52919673 0.43682120
v 3.93561046 -2.47814878 0.44709747
v 3.93099784 -2.44850550 0.44709747
v 3.92305457 -2.39745754 0.43682120
v 3.91632058 -2.35418118 0.40755688
v 3.91182107 -2.32526483 0.36375973
v 3.91024106 -2.31511076 0.31209747
v 3.91024106 -2.31511076 0.06209747
v 3.91182107 -2.32526483 0.01043520
v 3.91632058 -2.35418118 -0.03336195
v 3.92305457 -2.39745754 -0.06262627
v 3.93099784 -2.44850550 -0.07290253
v 3.93561046 -2.47814878 -0.07290253
v 3.94355374 -2.52919673 -0.06262627
v 3.95028773 -2.57247310 -0.03336195
v 3.95478723 -2.60138944 0.01043520
v 3.95636725 -2.61154351 0.06209747
v 4.13893037 -2.59397266 0.32885974
v 4.13665517 -2.58395143 0.38052200
v 4.13017595 -2.55541338 0.42431916
v 4.12047911 -2.51270318 0.45358348
v 4.10904090 -2.46232305 0.46385974
v 4.10239880 -2.43306758 0.46385974
v 4.09096060 -2.38268746 0.45358348
v 4.08126376 -2.33997725 0.42431916
v 4.07478454 -2.31143920 0.38052200
v 4.07250934 -2.30141797 0.32885974
v 4.07250934 -2.30141797 0.07885974
v 4.07478454 -2.31143920 0.02719748
v 4.08126376 -2.33997725 -0.01659967
v 4.09096060 -2.38268746 -0.04586400
v 4.10239880 -2.43306758 -0.05614026
v 4.10904090 -2.46232305 -0.05614026
v 4.12047911 -2.51270318 -0.04586400
v 4.13017595 -2.55541338 -0.01659967
v 4.13665517 -2.58395143 0.02719748
v 4.13893037 -2.59397266 0.07885974
v 4.31422567 -2.56657295 0.34564656
v 4.31129305 -2.55672403 0.39730883
v 4.30294163 -2.52867667 0.44110598
v 4.29044286 -2.48670083 0.47037030
v 4.27569955 -2.43718695 0.48064656
v 4.26713819 -2.40843450 0.48064656
v 4.25239488 -2.35892062 0.47037030
v 4.23989611 -2.31694478 0.44110598
v 4.23154469 -2.28889742 0.39730883
v 4.22861207 -2.27904850 0.34564656
v 4.22861207 -2.27904850 0.09564656
v 4.23154469 -2.28889742 0.04398430
v 4.23989611 -2.31694478 0.00018715
v 4.25239488 -2.35892062 -0.02907717
v 4.26713819 -2.40843450 -0.03935344
v 4.27569955 -2.43718695 -0.03935344
v 4.29044286 -2.48670083 -0.02907717
v 4.30294163 -2.52867667 0.00018715
v 4.31129305 -2.55672403 0.04398430
v 4.31422567 -2.56657295 0.09564656
v 4.48280599 -2.52953457 0.36243143
v 4.47925050 -2.51989299 0.41409369
v 4.46912533 -2.49243609 0.45789084
v 4.45397195 -2.45134393 0.48715516
v 4.43609731 -2.40287242 0.49743143
v 4.42571761 -2.37472528 0.49743143
v 4.40784297 -2.32625377 0.48715516
v 4.39268959 -2.28516162 0.45789084
v 4.38256442 -2.25770471 0.41409369
v 4.37900893 -2.24806313 0.36243143
v 4.37900893 -2.24806313 0.11243143
v 4.38256442 -2.25770471 0.06076916
v 4.39268959 -2.28516162 0.01697201
v 4.40784297 -2.32625377 -0.01229231
v 4.42571761 -2.37472528 -0.02256857
v 4.43609731 -2.40287242 -0.02256857
v 4.45397195 -2.45134393 -0.01229231
v 4.46912533 -2.49243609 0.01697201
v 4.47925050 -2.51989299 0.06076916
v 4.48280599 -2.52953457 0.11243143
v 4.64485081 -2.48301932 0.37915875
v 4.64070480 -2.47361654 0.43082101
v 4.62889795 -2.44683971 0.47461816
v 4.61122775 -2.40676535 0.50388248
v 4.59038432 -2.35949441 0.51415875
v 4.57828066 -2.33204443 0.51415875
v 4.55743724 -2.28477350 0.50388248
v 4.53976704 -2.24469914 0.47461816
v 4.52796019 -2.21792230 0.43082101
v 4.52381417 -2.20851953 0.37915875
v 4.52381417 -2.20851953 0.12915875
v 4.52796019 -2.21792230 0.07749648
v 4.53976704 -2.24469914 0.03369933
v 4.55743724 -2.28477350 0.00443501
v 4.57828066 -2.33204443 -0.00584125
v 4.59038432 -2.35949441 -0.00584125
v 4.61122775 -2.40676535 0.00443501
v 4.62889795 -2.44683971 0.03369933
v 4.64070480 -2.47361654 0.07749648
v 4.64485081 -2.48301932 0.12915875
v 4.80034495 -2.42717642 0.39575625
v 4.79563892 -2.41804105 0.44741851
v 4.78223729 -2.39202573 0.49121566
v 4.76218033 -2.35309106 0.52047998
v 4.73852154 -2.30716448 0.53075625
v 4.72478300 -2.28049516 0.53075625
v 4.70112421 -2.23456857 0.52047998
v 4.68106725 -2.19563390 0.49121566
v 4.66766562 -2.16961858 0.44741851
v 4.66295959 -2.16048321 0.39575625
v 4.66295959 -2.16048321 0.14575625
v 4.66766562 -2.16961858 0.09409398
v 4.68106725 -2.19563390 0.05029683
v 4.70112421 -2.23456857 0.02103251
v 4.72478300 -2.28049516 0.01075625
v 4.73852154 -2.30716448 0.01075625
v 4.76218033 -2.35309106 0.02103251
v 4.78223729 -2.39202573 0.05029683
v 4.79563892 -2.41804105 0.09409398
v 4.80034495 -2.42717642 0.14575625
v 4.94916398 -2.36214898 0.41214125
v 4.94392685 -2.35330737 0.46380351
v 4.92901279 -2.32812859 0.50760066
v 4.90669231 -2.29044587 0.53686498
v 4.88036351 -2.24599608 0.54714125
v 4.86507452 -2.22018433 0.54714125
v 4.83874572 -2.17573454 0.53686498
v 4.81642524 -2.13805183 0.50760066
v 4.80151118 -2.11287304 0.46380351
v 4.79627405 -2.10403143 0.41214125
v 4.79627405 -2.10403143 0.16214125
v 4.80151118 -2.11287304 0.11047898
v 4.81642524 -2.13805183 0.06668183
v 4.83874572 -2.17573454 0.03741751
v 4.86507452 -2.22018433 0.02714125
v 4.88036351 -2.24599608 0.02714125
v 4.90669231 -2.29044587 0.03741751
v 4.92901279 -2.32812859 0.06668183
v 4.94392685 -2.35330737 0.11047898
v 4.94916398 -2.36214898 0.16214125
v 5.09112037 -2.28807614 0.42822445
v 5.08537960 -2.27955292 0.47988671
v 5.06903129 -2.25528085 0.52368386
v 5.04456432 -2.21895513 0.55294819
v 5.01570355 -2.17610603 0.56322445
v 4.99894426 -2.15122379 0.56322445
v 4.97008350 -2.10837468 0.55294819
v 4.94561652 -2.07204896 0.52368386
v 4.92926821 -2.04777690 0.47988671
v 4.92352745 -2.03925368 0.42822445
v 4.92352745 -2.03925368 0.17822445
v 4.92926821 -2.04777690 0.12656218
v 4.94561652 -2.07204896 0.08276503
v 4.97008350 -2.10837468 0.05350071
v 4.99894426 -2.15122379 0.04322445
v 5.01570355 -2.17610603 0.04322445
v 5.04456432 -2.21895513 0.05350071
v 5.06903129 -2.25528085 0.08276503
v 5.08537960 -2.27955292 0.12656218
v 5.09112037 -2.28807614 0.17822445
v 5.22599066 -2.20509251 0.44391257
v 5.21977238 -2.19691115 0.49557483
v 5.20206423 -2.17361262 0.53937198
v 5.17556210 -2.13874390 0.56863631
v 5.14430070 -2.09761344 0.57891257
v 5.12614738 -2.07372920 0.57891257
v 5.09488598 -2.03259874 0.56863631
v 5.06838385 -1.99773002 0.53937198
v 5.05067570 -1.97443149 0.49557483
v 5.04445742 -1.96625013 0.44391257
v 5.04445742 -1.96625013 0.19391257
v 5.05067570 -1.97443149 0.14225031
v 5.06838385 -1.99773002 0.09845315
v 5.09488598 -2.03259874 0.06918883
v 5.12614738 -2.07372920 0.05891257
v 5.14430070 -2.09761344 0.05891257
v 5.17556210 -2.13874390 0.06918883
v 5.20206423 -2.17361262 0.09845315
v 5.21977238 -2.19691115 0.14225031
v 5.22599066 -2.20509251 0.19391257
v 5.35353275 -2.11332568 0.45911038
v 5.34686189 -2.10550896 0.51077264
v 5.32786487 -2.08324882 0.55456979
v 5.29943382 -2.04993417 0.58383412
v 5.26589711 -2.01063686 0.59411038
v 5.24642252 -1.98781712 0.59411038
v 5.21288582 -1.94851981 0.58383412
v 5.18445477 -1.91520516 0.55456979
v 5.16545775 -1.89294502 0.51077264
v 5.15878688 -1.88512830 0.45911038
v 5.15878688 -1.88512830 0.20911038
v 5.16545775 -1.89294502 0.15744812
v 5.18445477 -1.91520516 0.11365096
v 5.21288582 -1.94851981 0.08438664
v 5.24642252 -1.98781712 0.07411038
v 5.26589711 -2.01063686 0.07411038
v 5.29943382 -2.04993417 0.08438664
v 5.32786487 -2.08324882 0.11365096
v 5.34686189 -2.10550896 0.15744812
v 5.35353275 -2.11332568 0.20911038
v 5.47349749 -2.01289151 0.47372244
v 5.46639793 -2.00546200 0.52538470
v 5.44618007 -1.98430452 0.56918185
v 5.41592191 -1.95264012 0.59844617
v 5.38022998 -1.91528941 0.60872244
v 5.35950386 -1.89360006 0.60872244
v 5.32381193 -1.85624935 0.59844617
v 5.29355377 -1.82458495 0.56918185
v 5.27333591 -1.80342748 0.52538470
v 5.26623634 -1.79599796 0.47372244
v 5.26623634 -1.79599796 0.22372244
v 5.27333591 -1.80342748 0.17206017
v 5.29355377 -1.82458495 0.12826302
v 5.32381193 -1.85624935 0.09899870
v 5.35950386 -1.89360006 0.08872244
v 5.38022998 -1.91528941 0.08872244
v 5.41592191 -1.95264012 0.09899870
v 5.44618007 -1.98430452 0.12826302
v 5.46639793 -2.00546200 0.17206017
v 5.47349749 -2.01289151 0.22372244
v 5.58563706 -1.90388682 0.48765463
v 5.57813183 -1.89686734 0.53931689
v 5.55675874 -1.87687755 0.58311404
v 5.52477164 -1.84696073 0.61237836
v 5.48704030 -1.81167142 0.62265463
v 5.46512991 -1.79117911 0.62265463
v 5.42739856 -1.75588981 0.61237836
v 5.39541147 -1.72597298 0.58311404
v 5.37403838 -1.70598320 0.53931689
v 5.36653315 -1.69896372 0.48765463
v 5.36653315 -1.69896372 0.23765463
v 5.37403838 -1.70598320 0.18599236
v 5.39541147 -1.72597298 0.14219521
v 5.42739856 -1.75588981 0.11293089
v 5.46512991 -1.79117911 0.10265463
v 5.48704030 -1.81167142 0.10265463
v 5.52477164 -1.84696073 0.11293089
v 5.55675874 -1.87687755 0.14219521
v 5.57813183 -1.89686734 0.18599236
v 5.58563706 -1.90388682 0.23765463
v 5.68971130 -1.78637841 0.50081562
v 5.68182282 -1.77979256 0.55247789
v 5.65935832 -1.76103765 0.59627504
v 5.62573782 -1.73296894 0.62553936
v 5.58607973 -1.69985963 0.63581562
v 5.56305050 -1.68063324 0.63581562
v 5.52339241 -1.64752394 0.62553936
v 5.48977191 -1.61945523 0.59627504
v 5.46730741 -1.60070032 0.55247789
v 5.45941893 -1.59411447 0.50081562
v 5.45941893 -1.59411447 0.25081562
v 5.46730741 -1.60070032 0.19915336
v 5.48977191 -1.61945523 0.15535621
v 5.52339241 -1.64752394 0.12609189
v 5.56305050 -1.68063324 0.11581562
v 5.58607973 -1.69985963 0.11581562
v 5.62573782 -1.73296894 0.12609189
v 5.65935832 -1.76103765 0.15535621
v 5.68182282 -1.77979256 0.19915336
v 5.68971130 -1.78637841 0.25081562
v 5.78549302 -1.66038653 0.51311829
v 5.77724334 -1.65425918 0.56478055
v 5.75375025 -1.63680996 0.60857771
v 5.71859036 -1.61069536 0.63784203
v 5.67711644 -1.57989108 0.64811829
v 5.65303276 -1.56200321 0.64811829
v 5.61155883 -1.53119893 0.63784203
v 5.57639894 -1.50508433 0.60857771
v 5.55290585 -1.48763511 0.56478055
v 5.54465618 -1.48150776 0.51311829
v 5.54465618 -1.48150776 0.26311829
v 5.55290585 -1.48763511 0.21145603
v 5.57639894 -1.50508433 0.16765888
v 5.61155883 -1.53119893 0.13839455
v 5.65303276 -1.56200321 0.12811829
v 5.67711644 -1.57989108 0.12811829
v 5.71859036 -1.61069536 0.13839455
v 5.75375025 -1.63680996 0.16765888
v 5.77724334 -1.65425918 0.21145603
v 5.78549302 -1.66038653 0.26311829
v 5.87277279 -1.52585922 0.52448112
v 5.86418396 -1.52021710 0.57614338
v 5.83972502 -1.50414971 0.61994053
v 5.80311964 -1.48010317 0.64920485
v 5.75994064 -1.45173833 0.65948112
v 5.73486683 -1.43526702 0.65948112
v 5.69168784 -1.40690219 0.64920485
v 5.65508245 -1.38285564 0.61994053
v 5.63062352 -1.36678825 0.57614338
v 5.62203468 -1.36114614 0.52448112
v 5.62203468 -1.36114614 0.27448112
v 5.63062352 -1.36678825 0.22281885
v 5.65508245 -1.38285564 0.17902170
v 5.69168784 -1.40690219 0.14975738
v 5.73486683 -1.43526702 0.13948112
v 5.75994064 -1.45173833 0.13948112
v 5.80311964 -1.48010317 0.14975738
v 5.83972502 -1.50414971 0.17902170
v 5.86418396 -1.52021710 0.22281885
v 5.87277279 -1.52585922 0.27448112
v 5.95136420 -1.38263070 0.53482974
v 5.94245860 -1.37750313 0.58649200
v 5.91709761 -1.36290106 0.63028915
v 5.87914220 -1.34104752 0.65955348
v 5.83437074 -1.31526951 0.66982974
v 5.80837219 -1.30030035 0.66982974
v 5.76360073 -1.27452234 0.65955348
v 5.72564532 -1.25266880 0.63028915
v 5.70028433 -1.23806673 0.58649200
v 5.69137873 -1.23293916 0.53482974
v 5.69137873 -1.23293916 0.28482974
v 5.70028433 -1.23806673 0.23316748
v 5.72564532 -1.25266880 0.18937032
v 5.76360073 -1.27452234 0.16010600
v 5.80837219 -1.30030035 0.14982974
v 5.83437074 -1.31526951 0.14982974
v 5.87914220 -1.34104752 0.16010600
v 5.91709761 -1.36290106 0.18937032
v 5.94245860 -1.37750313 0.23316748
v 5.95136420 -1.38263070 0.28482974
v 6.02111065 -1.23034981 0.54409875
v 6.01191155 -1.22576964 0.59576101
v 5.98571470 -1.21272640 0.63955817
v 5.94650836 -1.19320582 0.66882249
v 5.90026132 -1.17017972 0.67909875
v 5.87340592 -1.15680859 0.67909875
v 5.82715888 -1.13378250 0.66882249
v 5.78795254 -1.11426191 0.63955817
v 5.76175570 -1.10121868 0.59576101
v 5.75255659 -1.09663850 0.54409875
v 5.75255659 -1.09663850 0.29409875
v 5.76175570 -1.10121868 0.24243649
v 5.78795254 -1.11426191 0.19863934
v 5.82715888 -1.13378250 0.16937501
v 5.87340592 -1.15680859 0.15909875
v 5.90026132 -1.17017972 0.15909875
v 5.94650836 -1.19320582 0.16937501
v 5.98571470 -1.21272640 0.19863934
v 6.01191155 -1.22576964 0.24243649
v 6.02111065 -1.23034981 0.29409875
v 6.08189650 -1.06834580 0.55223418
v 6.07242859 -1.06435077 0.60389645
v 6.04546626 -1.05297389 0.64769360
v 6.00511429 -1.03594718 0.67695792
v 5.95751589 -1.01586281 0.68723418
v 5.92987575 -1.00419992 0.68723418
v 5.88227736 -0.98411555 0.67695792
v 5.84192538 -0.96708884 0.64769360
v 5.81496306 -0.95571196 0.60389645
v 5.80549515 -0.95171693 0.55223418
v 5.80549515 -0.95171693 0.30223418
v 5.81496306 -0.95571196 0.25057192
v 5.84192538 -0.96708884 0.20677477
v 5.88227736 -0.98411555 0.17751045
v 5.92987575 -1.00419992 0.16723418
v 5.95751589 -1.01586281 0.16723418
v 6.00511429 -1.03594718 0.17751045
v 6.04546626 -1.05297389 0.20677477
v 6.07242859 -1.06435077 0.25057192
v 6.08189650 -1.06834580 0.30223418
v 6.13366934 -0.89534496 0.55919770
v 6.12395958 -0.89198013 0.61085996
v 6.09630850 -0.88239793 0.65465711
v 6.05492575 -0.86805714 0.68392144
v 6.00611146 -0.85114104 0.69419770
v 5.97776526 -0.84131794 0.69419770
v 5.92895097 -0.82440184 0.68392144
v 5.88756822 -0.81006105 0.65465711
v 5.85991715 -0.80047885 0.61085996
v 5.85020738 -0.79711403 0.55919770
v 5.85020738 -0.79711403 0.30919770
v 5.85991715 -0.80047885 0.25753544
v 5.88756822 -0.81006105 0.21373828
v 5.92895097 -0.82440184 0.18447396
v 5.97776526 -0.84131794 0.17419770
v 6.00611146 -0.85114104 0.17419770
v 6.05492575 -0.86805714 0.18447396
v 6.09630850 -0.88239793 0.21373828
v 6.12395958 -0.89198013 0.25753544
v 6.13366934 -0.89534496 0.30919770
v 6.17649657 -0.70875382 0.56497596
v 6.16657519 -0.70607656 0.61663822
v 6.13832148 -0.69845237 0.66043538
v 6.09603681 -0.68704195 0.68969970
v 6.04615865 -0.67358245 0.69997596
v 6.01719466 -0.66576659 0.69997596
v 5.96731650 -0.65230708 0.68969970
v 5.92503183 -0.64089667 0.66043538
v 5.89677812 -0.63327247 0.61663822
v 5.88685674 -0.63059521 0.56497596
v 5.88685674 -0.63059521 0.31497596
v 5.89677812 -0.63327247 0.26331370
v 5.92503183 -0.64089667 0.21951654
v 5.96731650 -0.65230708 0.19025222
v 6.01719466 -0.66576659 0.17997596
v 6.04615865 -0.67358245 0.17997596
v 6.09603681 -0.68704195 0.19025222
v 6.13832148 -0.69845237 0.21951654
v 6.16657519 -0.70607656 0.26331370
v 6.17649657 -0.70875382 0.31497596
v 6.21076757 -0.50215143 0.56961173
v 6.20066956 -0.50024569 0.62127399
v 6.17191287 -0.49481860 0.66507115
v 6.12887544 -0.48669640 0.69433547
v 6.07810933 -0.47711560 0.70461173
v 6.04862972 -0.47155208 0.70461173
v 5.99786361 -0.46197129 0.69433547
v 5.95482619 -0.45384908 0.66507115
v 5.92606949 -0.44842199 0.62127399
v 5.91597149 -0.44651625 0.56961173
v 5.91597149 -0.44651625 0.31961173
v 5.92606949 -0.44842199 0.26794947
v 5.95482619 -0.45384908 0.22415232
v 5.99786361 -0.46197129 0.19488799
v 6.04862972 -0.47155208 0.18461173
v 6.07810933 -0.47711560 0.18461173
v 6.12887544 -0.48669640 0.19488799
v 6.17191287 -0.49481860 0.22415232
v 6.20066956 -0.50024569 0.26794947
v 6.21076757 -0.50215143 0.31961173
f 1 2 22
f 1 22 21
f 2 3 23
f 2 23 22
f 3 4 24
f 3 24 23
f 4 5 25
f 4 25 24
f 5 6 26
f 5 26 25
f 6 7 27
f 6 27 26
f 7 8 28
f 7 28 27
f 8 9 29
f 8 29 28
f 9 10 30
f 9 30 29
f 10 11 31
f 10 31 30
f 11 12 32
f 11 32 31
f 12 13 33
f 12 33 32
f 13 14 34
f 13 34 33
f 14 15 35
f 14 35 34
f 15 16 36
f 15 36 35
f 16 17 37
f 16 37 36
f 17 18 38
f 17 38 37
f 18 19 39
f 18 39 38
f 19 20 40
f 19 40 39
f 20 1 21
f 20 21 40
f 21 22 42
f 21 42 41
f 22 23 43
f 22 43 42
f 23 24 44
f 23 44 43
f 24 25 45
f 24 45 44
f 25 26 46
f 25 46 45
f 26 27 47
f 26 47 46
f 27 28 48
f 27 48 47
f 28 29 49
f 28 49 48
f 29 30 50
f 29 50 49
f 30 31 51
f 30 51 50
f 31 32 52
f 31 52 51
f 32 33 53
f 32 53 52
f 33 34 54
f 33 54 53
f 34 35 55
f 34 55 54
f 35 36 56
f 35 56 55
f 36 37 57
f 36 57 56
f 37 38 58
f 37 58 57
f 38 39 59
f 38 59 58
f 39 40 60
f 39 60 59
f 40 21 41
f 40 41 60
f 41 42 62
f 41 62 61
f 42 43 63
f 42 63 62
f 43 44 64
f 43 64 63
f 44 45 65
f 44 65 64
f 45 46 66
f 45 66 65
f 46 47 67
f 46 67 66
f 47 48 68
f 47 68 67
f 48 49 69
f 48 69 68
f 49 50 70
f 49 70 69
f 50 51 71
f 50 71 70
f 51 52 72
f 51 72 71
f 52 53 73
f 52 73 72
f 53 54 74
f 53 74 73
f 54 55 75
f 54 75 74
f 55 56 76
f 55 76 75
f 56 57 77
f 56 77 76
f 57 58 78
f 57 78 77
f 58 59 79
f 58 79 78
f 59 60 80
f 59 80 79
f 60 41 61
f 60 61 80
f 61 62 82
f 61 82 81
f 62 63 83
f 62 83 82
f 63 64 84
f 63 84 83
f 64 65 85
f 64 85 84
f 65 66 86
f 65 86 85
f 66 67 87
f 66 87 86
f 67 68 88
f 67 88 87
f 68 69 89
f 68 89 88
f 69 70 90
f 69 90 89
f 70 71 91
f 70 91 90
f 71 72 92
f 71 92 91
f 72 73 93
f 72 93 92
f 73 74 94
f 73 94 93
f 74 75 95
f 74 95 94
f 75 76 96
f 75 96 95
f 76 77 97
f 76 97 96
f 77 78 98
f 77 98 97
f 78 79 99
f 78 99 98
f 79 80 100
f 79 100 99
f 80 61 81
f 80 81 100
f 81 82 102
f 81 102 101
f 82 83 103
f 82 103 102
f 83 84 104
f 83 104 103
f 84 85 105
f 84 105 104
f 85 86 106
f 85 106 105
f 86 87 107
f 86 107 106
f 87 88 108
f 87 108 107
f 88 89 109
f 88 109 108
f 89 90 110
f 89 110 109
f 90 91 111
f 90 111 110
f 91 92 112
f 91 112 111
f 92 93 113
f 92 113 112
f 93 94 114
f 93 114 113
f 94 95 115
f 94 115 114
f 95 96 116
f 95 116 115
f 96 97 117
f 96 117 116
f 97 98 118
f 97 118 117
f 98 99 119
f 98 119 118
f 99 100 120
f 99 120 119
f 100 81 101
f 100 101 120
f 101 102 122
f 101 122 121
f 102 103 123
f 102 123 122
f 103 104 124
f 103 124 123
f 104 105 125
f 104 125 124
f 105 106 126
f 105 126 125
f 106 107 127
f 106 127 126
f 107 108 128
f 107 128 127
f 108 109 129
f 108 129 128
f 109 110 130
f 109 130 129
f 110 111 131
f 110 131 130
f 111 112 132
f 111 132 131
f 112 113 133
f 112 133 132
f 113 114 134
f 113 134 133
f 114 115 135
f 114 135 134
f 115 116 136
f 115 136 135
f 116 117 137
f 116 137 136
f 117 118 138
f 117 138 137
f 118 119 139
f 118 139 138
f 119 120 140
f 119 140 139
f 120 101 121
f 120 121 140
f 121 122 142
f 121 142 141
f 122 123 143
f 122 143 142
f 123 124 144
f 123 144 143
f 124 125 145
f 124 145 144
f 125 126 146
f 125 146 145
f 126 127 147
f 126 147 146
f 127 128 148
f 127 148 147
f 128 129 149
f 128 149 148
f 129 130 150
f 129 150 149
f 130 131 151
f 130 151 150
f 131 132 152
f 131 152 151
f 132 133 153
f 132 153 152
f 133 134 154
f 133 154 153
f 134 135 155
f 134 155 154
f 135 136 156
f 135 156 155
f 136 137 157
f 136 157 156
f 137 138 158
f 137 158 157
f 138 139 159
f 138 159 158
f 139 140 160
f 139 160 159
f 140 121 141
f 140 141 160
f 141 142 162
f 141 162 161
f 142 143 163
f 142 163 162
f 143 144 164
f 143 164 163
f 144 145 165
f 144 165 164
f 145 146 166
f 145 166 165
f 146 147 167
f 146 167 166
f 147 148 168
f 147 168 167
f 148 149 169
f 148 169 168
f 149 150 170
f 149 170 169
f 150 151 171
f 150 171 170
f 151 152 172
f 151 172 171
f 152 153 173
f 152 173 172
f 153 154 174
f 153 174 173
f 154 155 175
f 154 175 174
f 155 156 176
f 155 176 175
f 156 157 177
f 156 177 176
f 157 158 178
f 157 178 177
f 158 159 179
f 158 179 178
f 159 160 180
f 159 180 179
f 160 141 161
f 160 161 180
f 161 162 182
f 161 182 181
f 162 163 183
f 162 183 182
f 163 164 184
f 163 184 183
f 164 165 185
f 164 185 184
f 165 166 186
f 165 186 185
f 166 167 187
f 166 187 186
f 167 168 188
f 167 188 187
f 168 169 189
f 168 189 188
f 169 170 190
f 169 190 189
f 170 171 191
f 170 191 190
f 171 172 192
f 171 192 191
f 172 173 193
f 172 193 192
f 173 174 194
f 173 194 193
f 174 175 195
f 174 195 194
f 175 176 196
f 175 196 195
f 176 177 197
f 176 197 196
f 177 178 198
f 177 198 197
f 178 179 199
f 178 199 198
f 179 180 200
f 179 200 199
f 180 161 181
f 180 181 200
f 181 182 202
f 181 202 201
f 182 183 203
f 182 203 202
f 183 184 204
f 183 204 203
f 184 185 205
f 184 205 204
f 185 186 206
f 185 206 205
f 186 187 207
f 186 207 206
f 187 188 208
f 187 208 207
f 188 189 209
f 188 209 208
f 189 190 210
f 189 210 209
f 190 191 211
f 190 211 210
f 191 192 212
f 191 212 211
f 192 193 213
f 192 213 212
f 193 194 214
f 193 214 213
f 194 195 215
f 194 215 214
f 195 196 216
f 195 216 215
f 196 197 217
f 196 217 216
f 197 198 218
f 197 218 217
f 198 199 219
f 198 219 218
f 199 200 220
f 199 220 219
f 200 181 201
f 200 201 220
f 201 202 222
f 201 222 221
f 202 203 223
f 202 223 222
f 203 204 224
f 203 224 223
f 204 205 225
f 204 225 224
f 205 206 226
f 205 226 225
f 206 207 227
f 206 227 226
f 207 208 228
f 207 228 227
f 208 209 229
f 208 229 228
f 209 210 230
f 209 230 229
f 210 211 231
f 210 231 230
f 211 212 232
f 211 232 231
f 212 213 233
f 212 233 232
f 213 214 234
f 213 234 233
f 214 215 235
f 214 235 234
f 215 216 236
f 215 236 235
f 216 217 237
f 216 237 236
f 217 218 238
f 217 238 237
f 218 219 239
f 218 239 238
f 219 220 240
f 219 240 239
f 220 201 221
f 220 221 240
f 221 222 242
f 221 242 241
f 222 223 243
f 222 243 242
f 223 224 244
f 223 244 243
f 224 225 245
f 224 245 244
f 225 226 246
f 225 246 245
f 226 227 247
f 226 247 246
f 227 228 248
f 227 248 247
f 228 229 249
f 228 249 248
f 229 230 250
f 229 250 249
f 230 231 251
f 230 251 250
f 231 232 252
f 231 252 251
f 232 233 253
f 232 253 252
f 233 234 254
f 233 254 253
f 234 235 255
f 234 255 254
f 235 236 256
f 235 256 255
f 236 237 257
f 236 257 256
f 237 238 258
f 237 258 257
f 238 239 259
f 238 259 258
f 239 240 260
f 239 260 259
f 240 221 241
f 240 241 260
f 241 242 262
f 241 262 261
f 242 243 263
f 242 263 262
f 243 244 264
f 243 264 263
f 244 245 265
f 244 265 264
f 245 246 266
f 245 266 265
f 246 247 267
f 246 267 266
f 247 248 268
f 247 268 267
f 248 249 269
f 248 269 268
f 249 250 270
f 249 270 269
f 250 251 271
f 250 271 270
f 251 252 272
f 251 272 271
f 252 253 273
f 252 273 272
f 253 254 274
f 253 274 273
f 254 255 275
f 254 275 274
f 255 256 276
f 255 276 275
f 256 257 277
f 256 277 276
f 257 258 278
f 257 278 277
f 258 259 279
f 258 279 278
f 259 260 280
f 259 280 279
f 260 241 261
f 260 261 280
f 261 262 282
f 261 282 281
f 262 263 283
f 262 283 282
f 263 264 284
f 263 284 283
f 264 265 285
f 264 285 284
f 265 266 286
f 265 286 285
f 266 267 287
f 266 287 286
f 267 268 288
f 267 288 287
f 268 269 289
f 268 289 288
f 269 270 290
f 269 290 289
f 270 271 291
f 270 291 290
f 271 272 292
f 271 292 291
f 272 273 293
f 272 293 292
f 273 274 294
f 273 294 293
f 274 275 295
f 274 295 294
f 275 276 296
f 275 296 295
f 276 277 297
f 276 297 296
f 277 278 298
f 277 298 297
f 278 279 299
f 278 299 298
f 279 280 300
f 279 300 299
f 280 261 281
f 280 281 300
f 281 282 302
f 281 302 301
f 282 283 303
f 282 303 302
f 283 284 304
f 283 304 303
f 284 285 305
f 284 305 304
f 285 286 306
f 285 306 305
f 286 287 307
f 286 307 306
f 287 288 308
f 287 308 307
f 288 289 309
f 288 309 308
f 289 290 310
f 289 310 309
f 290 291 311
f 290 311 310
f 291 292 312
f 291 312 311
f 292 293 313
f 292 313 312
f 293 294 314
f 293 314 313
f 294 295 315
f 294 315 314
f 295 296 316
f 295 316 315
f 296 297 317
f 296 317 316
f 297 298 318
f 297 318 317
f 298 299 319
f 298 319 318
f 299 300 320
f 299 320 319
f 300 281 301
f 300 301 320
f 301 302 322
f 301 322 321
f 302 303 323
f 302 323 322
f 303 304 324
f 303 324 323
f 304 305 325
f 304 325 324
f 305 306 326
f 305 326 325
f 306 307 327
f 306 327 326
f 307 308 328
f 307 328 327
f 308 309 329
f 308 329 328
f 309 310 330
f 309 330 329
f 310 311 331
f 310 331 330
f 311 312 332
f 311 332 331
f 312 313 333
f 312 333 332
f 313 314 334
f 313 334 333
f 314 315 335
f 314 335 334
f 315 316 336
f 315 336 335
f 316 317 337
f 316 337 336
f 317 318 338
f 317 338 337
f 318 319 339
f 318 339 338
f 319 320 340
f 319 340 339
f 320 301 321
f 320 321 340
f 321 322 342
f 321 342 341
f 322 323 343
f 322 343 342
f 323 324 344
f 323 344 343
f 324 325 345
f 324 345 344
f 325 326 346
f 325 346 345
f 326 327 347
f 326 347 346
f 327 328 348
f 327 348 347
f 328 329 349
f 328 349 348
f 329 330 350
f 329 350 349
f 330 331 351
f 330 351 350
f 331 332 352
f 331 352 351
f 332 333 353
f 332 353 352
f 333 334 354
f 333 354 353
f 334 335 355
f 334 355 354
f 335 336 356
f 335 356 355
f 336 337 357
f 336 357 356
f 337 338 358
f 337 358 357
f 338 339 359
f 338 359 358
f 339 340 360
f 339 360 359
f 340 321 341
f 340 341 360
f 341 342 362
f 341 362 361
f 342 343 363
f 342 363 362
f 343 344 364
f 343 364 363
f 344 345 365
f 344 365 364
f 345 346 366
f 345 366 365
f 346 347 367
f 346 367 366
f 347 348 368
f 347 368 367
f 348 349 369
f 348 369 368
f 349 350 370
f 349 370 369
f 350 351 371
f 350 371 370
f 351 352 372
f 351 372 371
f 352 353 373
f 352 373 372
f 353 354 374
f 353 374 373
f 354 355 375
f 354 375 374
f 355 356 376
f 355 376 375
f 356 357 377
f 356 377 376
f 357 358 378
f 357 378 377
f 358 359 379
f 358 379 378
f 359 360 380
f 359 380 379
f 360 341 361
f 360 361 380
f 361 362 382
f 361 382 381
f 362 363 383
f 362 383 382
f 363 364 384
f 363 384 383
f 364 365 385
f 364 385 384
f 365 366 386
f 365 386 385
f 366 367 387
f 366 387 386
f 367 368 388
f 367 388 387
f 368 369 389
f 368 389 388
f 369 370 390
f 369 390 389
f 370 371 391
f 370 391 390
f 371 372 392
f 371 392 391
f 372 373 393
f 372 393 392
f 373 374 394
f 373 394 393
f 374 375 395
f 374 395 394
f 375 376 396
f 375 396 395
f 376 377 397
f 376 397 396
f 377 378 398
f 377 398 397
f 378 379 399
f 378 399 398
f 379 380 400
f 379 400 399
f 380 361 381
f 380 381 400
f 381 382 402
f 381 402 401
f 382 383 403
f 382 403 402
f 383 384 404
f 383 404 403
f 384 385 405
f 384 405 404
f 385 386 406
f 385 406 405
f 386 387 407
f 386 407 406
f 387 388 408
f 387 408 407
f 388 389 409
f 388 409 408
f 389 390 410
f 389 410 409
f 390 391 411
f 390 411 410
f 391 392 412
f 391 412 411
f 392 393 413
f 392 413 412
f 393 394 414
f 393 414 413
f 394 395 415
f 394 415 414
f 395 396 416
f 395 416 415
f 396 397 417
f 396 417 416
f 397 398 418
f 397 418 417
f 398 399 419
f 398 419 418
f 399 400 420
f 399 420 419
f 400 381 401
f 400 401 420
f 401 402 422
f 401 422 421
f 402 403 423
f 402 423 422
f 403 404 424
f 403 424 423
f 404 405 425
f 404 425 424
f 405 406 426
f 405 426 425
f 406 407 427
f 406 427 426
f 407 408 428
f 407 428 427
f 408 409 429
f 408 429 428
f 409 410 430
f 409 430 429
f 410 411 431
f 410 431 430
f 411 412 432
f 411 432 431
f 412 413 433
f 412 433 432
f 413 414 434
f 413 434 433
f 414 415 435
f 414 435 434
f 415 416 436
f 415 436 435
f 416 417 437
f 416 437 436
f 417 418 438
f 417 438 437
f 418 419 439
f 418 439 438
f 419 420 440
f 419 440 439
f 420 401 421
f 420 421 440
f 421 422 442
f 421 442 441
f 422 423 443
f 422 443 442
f 423 424 444
f 423 444 443
f 424 425 445
f 424 445 444
f 425 426 446
f 425 446 445
f 426 427 447
f 426 447 446
f 427 428 448
f 427 448 447
f 428 429 449
f 428 449 448
f 429 430 450
f 429 450 449
f 430 431 451
f 430 451 450
f 431 432 452
f 431 452 451
f 432 433 453
f 432 453 452
f 433 434 454
f 433 454 453
f 434 435 455
f 434 455 454
f 435 436 456
f 435 456 455
f 436 437 457
f 436 457 456
f 437 438 458
f 437 458 457
f 438 439 459
f 438 459 458
f 439 440 460
f 439 460 459
f 440 421 441
f 440 441 460
f 441 442 462
f 441 462 461
f 442 443 463
f 442 463 462
f 443 444 464
f 443 464 463
f 444 445 465
f 444 465 464
f 445 446 466
f 445 466 465
f 446 447 467
f 446 467 466
f 447 448 468
f 447 468 467
f 448 449 469
f 448 469 468
f 449 450 470
f 449 470 469
f 450 451 471
f 450 471 470
f 451 452 472
f 451 472 471
f 452 453 473
f 452 473 472
f 453 454 474
f 453 474 473
f 454 455 475
f 454 475 474
f 455 456 476
f 455 476 475
f 456 457 477
f 456 477 476
f 457 458 478
f 457 478 477
f 458 459 479
f 458 479 478
f 459 460 480
f 459 480 479
f 460 441 461
f 460 461 480
f 461 462 482
f 461 482 481
f 462 463 483
f 462 483 482
f 463 464 484
f 463 484 483
f 464 465 485
f 464 485 484
f 465 466 486
f 465 486 485
f 466 467 487
f 466 487 486
f 467 468 488
f 467 488 487
f 468 469 489
f 468 489 488
f 469 470 490
f 469 490 489
f 470 471 491
f 470 491 490
f 471 472 492
f 471 492 491
f 472 473 493
f 472 493 492
f 473 474 494
f 473 494 493
f 474 475 495
f 474 495 494
f 475 476 496
f 475 496 495
f 476 477 497
f 476 497 496
f 477 478 498
f 477 498 497
f 478 479 499
f 478 499 498
f 479 480 500
f 479 500 499
f 480 461 481
f 480 481 500
f 481 482 502
f 481 502 501
f 482 483 503
f 482 503 502
f 483 484 504
f 483 504 503
f 484 485 505
f 484 505 504
f 485 486 506
f 485 506 505
f 486 487 507
f 486 507 506
f 487 488 508
f 487 508 507
f 488 489 509
f 488 509 508
f 489 490 510
f 489 510 509
f 490 491 511
f 490 511 510
f 491 492 512
f 491 512 511
f 492 493 513
f 492 513 512
f 493 494 514
f 493 514 513
f 494 495 515
f 494 515 514
f 495 496 516
f 495 516 515
f 496 497 517
f 496 517 516
f 497 498 518
f 497 518 517
f 498 499 519
f 498 519 518
f 499 500 520
f 499 520 519
f 500 481 501
f 500 501 520
f 501 502 522
f 501 522 521
f 502 503 523
f 502 523 522
f 503 504 524
f 503 524 523
f 504 505 525
f 504 525 524
f 505 506 526
f 505 526 525
f 506 507 527
f 506 527 526
f 507 508 528
f 507 528 527
f 508 509 529
f 508 529 528
f 509 510 530
f 509 530 529
f 510 511 531
f 510 531 530
f 511 512 532
f 511 532 531
f 512 513 533
f 512 533 532
f 513 514 534
f 513 534 533
f 514 515 535
f 514 535 534
f 515 516 536
f 515 536 535
f 516 517 537
f 516 537 536
f 517 518 538
f 517 538 537
f 518 519 539
f 518 539 538
f 519 520 540
f 519 540 539
f 520 501 521
f 520 521 540
f 521 522 542
f 521 542 541
f 522 523 543
f 522 543 542
f 523 524 544
f 523 544 543
f 524 525 545
f 524 545 544
f 525 526 546
f 525 546 545
f 526 527 547
f 526 547 546
f 527 528 548
f 527 548 547
f 528 529 549
f 528 549 548
f 529 530 550
f 529 550 549
f 530 531 551
f 530 551 550
f 531 532 552
f 531 552 551
f 532 533 553
f 532 553 552
f 533 534 554
f 533 554 553
f 534 535 555
f 534 555 554
f 535 536 556
f 535 556 555
f 536 537 557
f 536 557 556
f 537 538 558
f 537 558 557
f 538 539 559
f 538 559 558
f 539 540 560
f 539 560 559
f 540 521 541
f 540 541 560
f 541 542 562
f 541 562 561
f 542 543 563
f 542 563 562
f 543 544 564
f 543 564 563
f 544 545 565
f 544 565 564
f 545 546 566
f 545 566 565
f 546 547 567
f 546 567 566
f 547 548 568
f 547 568 567
f 548 549 569
f 548 569 568
f 549 550 570
f 549 570 569
f 550 551 571
f 550 571 570
f 551 552 572
f 551 572 571
f 552 553 573
f 552 573 572
f 553 554 574
f 553 574 573
f 554 555 575
f 554 575 574
f 555 556 576
f 555 576 575
f 556 557 577
f 556 577 576
f 557 558 578
f 557 578 577
f 558 559 579
f 558 579 578
f 559 560 580
f 559 580 579
f 560 541 561
f 560 561 580
f 561 562 582
f 561 582 581
f 562 563 583
f 562 583 582
f 563 564 584
f 563 584 583
f 564 565 585
f 564 585 584
f 565 566 586
f 565 586 585
f 566 567 587
f 566 587 586
f 567 568 588
f 567 588 587
f 568 569 589
f 568 589 588
f 569 570 590
f 569 590 589
f 570 571 591
f 570 591 590
f 571 572 592
f 571 592 591
f 572 573 593
f 572 593 592
f 573 574 594
f 573 594 593
f 574 575 595
f 574 595 594
f 575 576 596
f 575 596 595
f 576 577 597
f 576 597 596
f 577 578 598
f 577 598 597
f 578 579 599
f 578 599 598
f 579 580 600
f 579 600 599
f 580 561 581
f 580 581 600
f 581 582 602
f 581 602 601
f 582 583 603
f 582 603 602
f 583 584 604
f 583 604 603
f 584 585 605
f 584 605 604
f 585 586 606
f 585 606 605
f 586 587 607
f 586 607 606
f 587 588 608
f 587 608 607
f 588 589 609
f 588 609 608
f 589 590 610
f 589 610 609
f 590 591 611
f 590 611 610
f 591 592 612
f 591 612 611
f 592 593 613
f 592 613 612
f 593 594 614
f 593 614 613
f 594 595 615
f 594 615 614
f 595 596 616
f 595 616 615
f 596 597 617
f 596 617 616
f 597 598 618
f 597 618 617
f 598 599 619
f 598 619 618
f 599 600 620
f 599 620 619
f 600 581 601
f 600 601 620
f 601 602 622
f 601 622 621
f 602 603 623
f 602 623 622
f 603 604 624
f 603 624 623
f 604 605 625
f 604 625 624
f 605 606 626
f 605 626 625
f 606 607 627
f 606 627 626
f 607 608 628
f 607 628 627
f 608 609 629
f 608 629 628
f 609 610 630
f 609 630 629
f 610 611 631
f 610 631 630
f 611 612 632
f 611 632 631
f 612 613 633
f 612 633 632
f 613 614 634
f 613 634 633
f 614 615 635
f 614 635 634
f 615 616 636
f 615 636 635
f 616 617 637
f 616 637 636
f 617 618 638
f 617 638 637
f 618 619 639
f 618 639 638
f 619 620 640
f 619 640 639
f 620 601 621
f 620 621 640
f 621 622 642
f 621 642 641
f 622 623 643
f 622 643 642
f 623 624 644
f 623 644 643
f 624 625 645
f 624 645 644
f 625 626 646
f 625 646 645
f 626 627 647
f 626 647 646
f 627 628 648
f 627 648 647
f 628 629 649
f 628 649 648
f 629 630 650
f 629 650 649
f 630 631 651
f 630 651 650
f 631 632 652
f 631 652 651
f 632 633 653
f 632 653 652
f 633 634 654
f 633 654 653
f 634 635 655
f 634 655 654
f 635 636 656
f 635 656 655
f 636 637 657
f 636 657 656
f 637 638 658
f 637 658 657
f 638 639 659
f 638 659 658
f 639 640 660
f 639 660 659
f 640 621 641
f 640 641 660
f 641 642 662
f 641 662 661
f 642 643 663
f 642 663 662
f 643 644 664
f 643 664 663
f 644 645 665
f 644 665 664
f 645 646 666
f 645 666 665
f 646 647 667
f 646 667 666
f 647 648 668
f 647 668 667
f 648 649 669
f 648 669 668
f 649 650 670
f 649 670 669
f 650 651 671
f 650 671 670
f 651 652 672
f 651 672 671
f 652 653 673
f 652 673 672
f 653 654 674
f 653 674 673
f 654 655 675
f 654 675 674
f 655 656 676
f 655 676 675
f 656 657 677
f 656 677 676
f 657 658 678
f 657 678 677
f 658 659 679
f 658 679 678
f 659 660 680
f 659 680 679
f 660 641 661
f 660 661 680
f 661 662 682
f 661 682 681
f 662 663 683
f 662 683 682
f 663 664 684
f 663 684 683
f 664 665 685
f 664 685 684
f 665 666 686
f 665 686 685
f 666 667 687
f 666 687 686
f 667 668 688
f 667 688 687
f 668 669 689
f 668 689 688
f 669 670 690
f 669 690 689
f 670 671 691
f 670 691 690
f 671 672 692
f 671 692 691
f 672 673 693
f 672 693 692
f 673 674 694
f 673 694 693
f 674 675 695
f 674 695 694
f 675 676 696
f 675 696 695
f 676 677 697
f 676 697 696
f 677 678 698
f 677 698 697
f 678 679 699
f 678 699 698
f 679 680 700
f 679 700 699
f 680 661 681
f 680 681 700
f 681 682 702
f 681 702 701
f 682 683 703
f 682 703 702
f 683 684 704
f 683 704 703
f 684 685 705
f 684 705 704
f 685 686 706
f 685 706 705
f 686 687 707
f 686 707 706
f 687 688 708
f 687 708 707
f 688 689 709
f 688 709 708
f 689 690 710
f 689 710 709
f 690 691 711
f 690 711 710
f 691 692 712
f 691 712 711
f 692 693 713
f 692 713 712
f 693 694 714
f 693 714 713
f 694 695 715
f 694 715 714
f 695 696 716
f 695 716 715
f 696 697 717
f 696 717 716
f 697 698 718
f 697 718 717
f 698 699 719
f 698 719 718
f 699 700 720
f 699 720 719
f 700 681 701
f 700 701 720
f 701 702 722
f 701 722 721
f 702 703 723
f 702 723 722
f 703 704 724
f 703 724 723
f 704 705 725
f 704 725 724
f 705 706 726
f 705 726 725
f 706 707 727
f 706 727 726
f 707 708 728
f 707 728 727
f 708 709 729
f 708 729 728
f 709 710 730
f 709 730 729
f 710 711 731
f 710 731 730
f 711 712 732
f 711 732 731
f 712 713 733
f 712 733 732
f 713 714 734
f 713 734 733
f 714 715 735
f 714 735 734
f 715 716 736
f 715 736 735
f 716 717 737
f 716 737 736
f 717 718 738
f 717 738 737
f 718 719 739
f 718 739 738
f 719 720 740
f 719 740 739
f 720 701 721
f 720 721 740
f 721 722 742
f 721 742 741
f 722 723 743
f 722 743 742
f 723 724 744
f 723 744 743
f 724 725 745
f 724 745 744
f 725 726 746
f 725 746 745
f 726 727 747
f 726 747 746
f 727 728 748
f 727 748 747
f 728 729 749
f 728 749 748
f 729 730 750
f 729 750 749
f 730 731 751
f 730 751 750
f 731 732 752
f 731 752 751
f 732 733 753
f 732 753 752
f 733 734 754
f 733 754 753
f 734 735 755
f 734 755 754
f 735 736 756
f 735 756 755
f 736 737 757
f 736 757 756
f 737 738 758
f 737 758 757
f 738 739 759
f 738 759 758
f 739 740 760
f 739 760 759
f 740 721 741
f 740 741 760
f 741 742 762
f 741 762 761
f 742 743 763
f 742 763 762
f 743 744 764
f 743 764 763
f 744 745 765
f 744 765 764
f 745 746 766
f 745 766 765
f 746 747 767
f 746 767 766
f 747 748 768
f 747 768 767
f 748 749 769
f 748 769 768
f 749 750 770
f 749 770 769
f 750 751 771
f 750 771 770
f 751 752 772
f 751 772 771
f 752 753 773
f 752 773 772
f 753 754 774
f 753 774 773
f 754 755 775
f 754 775 774
f 755 756 776
f 755 776 775
f 756 757 777
f 756 777 776
f 757 758 778
f 757 778 777
f 758 759 779
f 758 779 778
f 759 760 780
f 759 780 779
f 760 741 761
f 760 761 780
f 761 762 782
f 761 782 781
f 762 763 783
f 762 783 782
f 763 764 784
f 763 784 783
f 764 765 785
f 764 785 784
f 765 766 786
f 765 786 785
f 766 767 787
f 766 787 786
f 767 768 788
f 767 788 787
f 768 769 789
f 768 789 788
f 769 770 790
f 769 790 789
f 770 771 791
f 770 791 790
f 771 772 792
f 771 792 791
f 772 773 793
f 772 793 792
f 773 774 794
f 773 794 793
f 774 775 795
f 774 795 794
f 775 776 796
f 775 796 795
f 776 777 797
f 776 797 796
f 777 778 798
f 777 798 797
f 778 779 799
f 778 799 798
f 779 780 800
f 779 800 799
f 780 761 781
f 780 781 800
f 781 782 802
f 781 802 801
f 782 783 803
f 782 803 802
f 783 784 804
f 783 804 803
f 784 785 805
f 784 805 804
f 785 786 806
f 785 806 805
f 786 787 807
f 786 807 806
f 787 788 808
f 787 808 807
f 788 789 809
f 788 809 808
f 789 790 810
f 789 810 809
f 790 791 811
f 790 811 810
f 791 792 812
f 791 812 811
f 792 793 813
f 792 813 812
f 793 794 814
f 793 814 813
f 794 795 815
f 794 815 814
f 795 796 816
f 795 816 815
f 796 797 817
f 796 817 816
f 797 798 818
f 797 818 817
f 798 799 819
f 798 819 818
f 799 800 820
f 799 820 819
f 800 781 801
f 800 801 820
f 801 802 822
f 801 822 821
f 802 803 823
f 802 823 822
f 803 804 824
f 803 824 823
f 804 805 825
f 804 825 824
f 805 806 826
f 805 826 825
f 806 807 827
f 806 827 826
f 807 808 828
f 807 828 827
f 808 809 829
f 808 829 828
f 809 810 830
f 809 830 829
f 810 811 831
f 810 831 830
f 811 812 832
f 811 832 831
f 812 813 833
f 812 833 832
f 813 814 834
f 813 834 833
f 814 815 835
f 814 835 834
f 815 816 836
f 815 836 835
f 816 817 837
f 816 837 836
f 817 818 838
f 817 838 837
f 818 819 839
f 818 839 838
f 819 820 840
f 819 840 839
f 820 801 821
f 820 821 840
f 821 822 842
f 821 842 841
f 822 823 843
f 822 843 842
f 823 824 844
f 823 844 843
f 824 825 845
f 824 845 844
f 825 826 846
f 825 846 845
f 826 827 847
f 826 847 846
f 827 828 848
f 827 848 847
f 828 829 849
f 828 849 848
f 829 830 850
f 829 850 849
f 830 831 851
f 830 851 850
f 831 832 852
f 831 852 851
f 832 833 853
f 832 853 852
f 833 834 854
f 833 854 853
f 834 835 855
f 834 855 854
f 835 836 856
f 835 856 855
f 836 837 857
f 836 857 856
f 837 838 858
f 837 858 857
f 838 839 859
f 838 859 858
f 839 840 860
f 839 860 859
f 840 821 841
f 840 841 860
f 841 842 862
f 841 862 861
f 842 843 863
f 842 863 862
f 843 844 864
f 843 864 863
f 844 845 865
f 844 865 864
f 845 846 866
f 845 866 865
f 846 847 867
f 846 867 866
f 847 848 868
f 847 868 867
f 848 849 869
f 848 869 868
f 849 850 870
f 849 870 869
f 850 851 871
f 850 871 870
f 851 852 872
f 851 872 871
f 852 853 873
f 852 873 872
f 853 854 874
f 853 874 873
f 854 855 875
f 854 875 874
f 855 856 876
f 855 876 875
f 856 857 877
f 856 877 876
f 857 858 878
f 857 878 877
f 858 859 879
f 858 879 878
f 859 860 880
f 859 880 879
f 860 841 861
f 860 861 880
f 861 862 882
f 861 882 881
f 862 863 883
f 862 883 882
f 863 864 884
f 863 884 883
f 864 865 885
f 864 885 884
f 865 866 886
f 865 886 885
f 866 867 887
f 866 887 886
f 867 868 888
f 867 888 887
f 868 869 889
f 868 889 888
f 869 870 890
f 869 890 889
f 870 871 891
f 870 891 890
f 871 872 892
f 871 892 891
f 872 873 893
f 872 893 892
f 873 874 894
f 873 894 893
f 874 875 895
f 874 895 894
f 875 876 896
f 875 896 895
f 876 877 897
f 876 897 896
f 877 878 898
f 877 898 897
f 878 879 899
f 878 899 898
f 879 880 900
f 879 900 899
f 880 861 881
f 880 881 900
f 881 882 902
f 881 902 901
f 882 883 903
f 882 903 902
f 883 884 904
f 883 904 903
f 884 885 905
f 884 905 904
f 885 886 906
f 885 906 905
f 886 887 907
f 886 907 906
f 887 888 908
f 887 908 907
f 888 889 909
f 888 909 908
f 889 890 910
f 889 910 909
f 890 891 911
f 890 911 910
f 891 892 912
f 891 912 911
f 892 893 913
f 892 913 912
f 893 894 914
f 893 914 913
f 894 895 915
f 894 915 914
f 895 896 916
f 895 916 915
f 896 897 917
f 896 917 916
f 897 898 918
f 897 918 917
f 898 899 919
f 898 919 918
f 899 900 920
f 899 920 919
f 900 881 901
f 900 901 920
f 901 902 922
f 901 922 921
f 902 903 923
f 902 923 922
f 903 904 924
f 903 924 923
f 904 905 925
f 904 925 924
f 905 906 926
f 905 926 925
f 906 907 927
f 906 927 926
f 907 908 928
f 907 928 927
f 908 909 929
f 908 929 928
f 909 910 930
f 909 930 929
f 910 911 931
f 910 931 930
f 911 912 932
f 911 932 931
f 912 913 933
f 912 933 932
f 913 914 934
f 913 934 933
f 914 915 935
f 914 935 934
f 915 916 936
f 915 936 935
f 916 917 937
f 916 937 936
f 917 918 938
f 917 938 937
f 918 919 939
f 918 939 938
f 919 920 940
f 919 940 939
f 920 901 921
f 920 921 940
f 921 922 942
f 921 942 941
f 922 923 943
f 922 943 942
f 923 924 944
f 923 944 943
f 924 925 945
f 924 945 944
f 925 926 946
f 925 946 945
f 926 927 947
f 926 947 946
f 927 928 948
f 927 948 947
f 928 929 949
f 928 949 948
f 929 930 950
f 929 950 949
f 930 931 951
f 930 951 950
f 931 932 952
f 931 952 951
f 932 933 953
f 932 953 952
f 933 934 954
f 933 954 953
f 934 935 955
f 934 955 954
f 935 936 956
f 935 956 955
f 936 937 957
f 936 957 956
f 937 938 958
f 937 958 957
f 938 939 959
f 938 959 958
f 939 940 960
f 939 960 959
f 940 921 941
f 940 941 960
f 941 942 962
f 941 962 961
f 942 943 963
f 942 963 962
f 943 944 964
f 943 964 963
f 944 945 965
f 944 965 964
f 945 946 966
f 945 966 965
f 946 947 967
f 946 967 966
f 947 948 968
f 947 968 967
f 948 949 969
f 948 969 968
f 949 950 970
f 949 970 969
f 950 951 971
f 950 971 970
f 951 952 972
f 951 972 971
f 952 953 973
f 952 973 972
f 953 954 974
f 953 974 973
f 954 955 975
f 954 975 974
f 955 956 976
f 955 976 975
f 956 957 977
f 956 977 976
f 957 958 978
f 957 978 977
f 958 959 979
f 958 979 978
f 959 960 980
f 959 980 979
f 960 941 961
f 960 961 980
f 961 962 982
f 961 982 981
f 962 963 983
f 962 983 982
f 963 964 984
f 963 984 983
f 964 965 985
f 964 985 984
f 965 966 986
f 965 986 985
f 966 967 987
f 966 987 986
f 967 968 988
f 967 988 987
f 968 969 989
f 968 989 988
f 969 970 990
f 969 990 989
f 970 971 991
f 970 991 990
f 971 972 992
f 971 992 991
f 972 973 993
f 972 993 992
f 973 974 994
f 973 994 993
f 974 975 995
f 974 995 994
f 975 976 996
f 975 996 995
f 976 977 997
f 976 997 996
f 977 978 998
f 977 998 997
f 978 979 999
f 978 999 998
f 979 980 1000
f 979 1000 999
f 980 961 981
f 980 981 1000
f 981 982 1002
f 981 1002 1001
f 982 983 1003
f 982 1003 1002
f 983 984 1004
f 983 1004 1003
f 984 985 1005
f 984 1005 1004
f 985 986 1006
f 985 1006 1005
f 986 987 1007
f 986 1007 1006
f 987 988 1008
f 987 1008 1007
f 988 989 1009
f 988 1009 1008
f 989 990 1010
f 989 1010 1009
f 990 991 1011
f 990 1011 1010
f 991 992 1012
f 991 1012 1011
f 992 993 1013
f 992 1013 1012
f 993 994 1014
f 993 1014 1013
f 994 995 1015
f 994 1015 1014
f 995 996 1016
f 995 1016 1015
f 996 997 1017
f 996 1017 1016
f 997 998 1018
f 997 1018 1017
f 998 999 1019
f 998 1019 1018
f 999 1000 1020
f 999 1020 1019
f 1000 981 1001
f 1000 1001 1020
f 1001 1002 1022
f 1001 1022 1021
f 1002 1003 1023
f 1002 1023 1022
f 1003 1004 1024
f 1003 1024 1023
f 1004 1005 1025
f 1004 1025 1024
f 1005 1006 1026
f 1005 1026 1025
f 1006 1007 1027
f 1006 1027 1026
f 1007 1008 1028
f 1007 1028 1027
f 1008 1009 1029
f 1008 1029 1028
f 1009 1010 1030
f 1009 1030 1029
f 1010 1011 1031
f 1010 1031 1030
f 1011 1012 1032
f 1011 1032 1031
f 1012 1013 1033
f 1012 1033 1032
f 1013 1014 1034
f 1013 1034 1033
f 1014 1015 1035
f 1014 1035 1034
f 1015 1016 1036
f 1015 1036 1035
f 1016 1017 1037
f 1016 1037 1036
f 1017 1018 1038
f 1017 1038 1037
f 1018 1019 1039
f 1018 1039 1038
f 1019 1020 1040
f 1019 1040 1039
f 1020 1001 1021
f 1020 1021 1040
f 1021 1022 1042
f 1021 1042 1041
f 1022 1023 1043
f 1022 1043 1042
f 1023 1024 1044
f 1023 1044 1043
f 1024 1025 1045
f 1024 1045 1044
f 1025 1026 1046
f 1025 1046 1045
f 1026 1027 1047
f 1026 1047 1046
f 1027 1028 1048
f 1027 1048 1047
f 1028 1029 1049
f 1028 1049 1048
f 1029 1030 1050
f 1029 1050 1049
f 1030 1031 1051
f 1030 1051 1050
f 1031 1032 1052
f 1031 1052 1051
f 1032 1033 1053
f 1032 1053 1052
f 1033 1034 1054
f 1033 1054 1053
f 1034 1035 1055
f 1034 1055 1054
f 1035 1036 1056
f 1035 1056 1055
f 1036 1037 1057
f 1036 1057 1056
f 1037 1038 1058
f 1037 1058 1057
f 1038 1039 1059
f 1038 1059 1058
f 1039 1040 1060
f 1039 1060 1059
f 1040 1021 1041
f 1040 1041 1060
f 1041 1042 1062
f 1041 1062 1061
f 1042 1043 1063
f 1042 1063 1062
f 1043 1044 1064
f 1043 1064 1063
f 1044 1045 1065
f 1044 1065 1064
f 1045 1046 1066
f 1045 1066 1065
f 1046 1047 1067
f 1046 1067 1066
f 1047 1048 1068
f 1047 1068 1067
f 1048 1049 1069
f 1048 1069 1068
f 1049 1050 1070
f 1049 1070 1069
f 1050 1051 1071
f 1050 1071 1070
f 1051 1052 1072
f 1051 1072 1071
f 1052 1053 1073
f 1052 1073 1072
f 1053 1054 1074
f 1053 1074 1073
f 1054 1055 1075
f 1054 1075 1074
f 1055 1056 1076
f 1055 1076 1075
f 1056 1057 1077
f 1056 1077 1076
f 1057 1058 1078
f 1057 1078 1077
f 1058 1059 1079
f 1058 1079 1078
f 1059 1060 1080
f 1059 1080 1079
f 1060 1041 1061
f 1060 1061 1080
f 1061 1062 1082
f 1061 1082 1081
f 1062 1063 1083
f 1062 1083 1082
f 1063 1064 1084
f 1063 1084 1083
f 1064 1065 1085
f 1064 1085 1084
f 1065 1066 1086
f 1065 1086 1085
f 1066 1067 1087
f 1066 1087 1086
f 1067 1068 1088
f 1067 1088 1087
f 1068 1069 1089
f 1068 1089 1088
f 1069 1070 1090
f 1069 1090 1089
f 1070 1071 1091
f 1070 1091 1090
f 1071 1072 1092
f 1071 1092 1091
f 1072 1073 1093
f 1072 1093 1092
f 1073 1074 1094
f 1073 1094 1093
f 1074 1075 1095
f 1074 1095 1094
f 1075 1076 1096
f 1075 1096 1095
f 1076 1077 1097
f 1076 1097 1096
f 1077 1078 1098
f 1077 1098 1097
f 1078 1079 1099
f 1078 1099 1098
f 1079 1080 1100
f 1079 1100 1099
f 1080 1061 1081
f 1080 1081 1100
f 1081 1082 1102
f 1081 1102 1101
f 1082 1083 1103
f 1082 1103 1102
f 1083 1084 1104
f 1083 1104 1103
f 1084 1085 1105
f 1084 1105 1104
f 1085 1086 1106
f 1085 1106 1105
f 1086 1087 1107
f 1086 1107 1106
f 1087 1088 1108
f 1087 1108 1107
f 1088 1089 1109
f 1088 1109 1108
f 1089 1090 1110
f 1089 1110 1109
f 1090 1091 1111
f 1090 1111 1110
f 1091 1092 1112
f 1091 1112 1111
f 1092 1093 1113
f 1092 1113 1112
f 1093 1094 1114
f 1093 1114 1113
f 1094 1095 1115
f 1094 1115 1114
f 1095 1096 1116
f 1095 1116 1115
f 1096 1097 1117
f 1096 1117 1116
f 1097 1098 1118
f 1097 1118 1117
f 1098 1099 1119
f 1098 1119 1118
f 1099 1100 1120
f 1099 1120 1119
f 1100 1081 1101
f 1100 1101 1120
f 1101 1102 1122
f 1101 1122 1121
f 1102 1103 1123
f 1102 1123 1122
f 1103 1104 1124
f 1103 1124 1123
f 1104 1105 1125
f 1104 1125 1124
f 1105 1106 1126
f 1105 1126 1125
f 1106 1107 1127
f 1106 1127 1126
f 1107 1108 1128
f 1107 1128 1127
f 1108 1109 1129
f 1108 1129 1128
f 1109 1110 1130
f 1109 1130 1129
f 1110 1111 1131
f 1110 1131 1130
f 1111 1112 1132
f 1111 1132 1131
f 1112 1113 1133
f 1112 1133 1132
f 1113 1114 1134
f 1113 1134 1133
f 1114 1115 1135
f 1114 1135 1134
f 1115 1116 1136
f 1115 1136 1135
f 1116 1117 1137
f 1116 1137 1136
f 1117 1118 1138
f 1117 1138 1137
f 1118 1119 1139
f 1118 1139 1138
f 1119 1120 1140
f 1119 1140 1139
f 1120 1101 1121
f 1120 1121 1140
f 1121 1122 1142
f 1121 1142 1141
f 1122 1123 1143
f 1122 1143 1142
f 1123 1124 1144
f 1123 1144 1143
f 1124 1125 1145
f 1124 1145 1144
f 1125 1126 1146
f 1125 1146 1145
f 1126 1127 1147
f 1126 1147 1146
f 1127 1128 1148
f 1127 1148 1147
f 1128 1129 1149
f 1128 1149 1148
f 1129 1130 1150
f 1129 1150 1149
f 1130 1131 1151
f 1130 1151 1150
f 1131 1132 1152
f 1131 1152 1151
f 1132 1133 1153
f 1132 1153 1152
f 1133 1134 1154
f 1133 1154 1153
f 1134 1135 1155
f 1134 1155 1154
f 1135 1136 1156
f 1135 1156 1155
f 1136 1137 1157
f 1136 1157 1156
f 1137 1138 1158
f 1137 1158 1157
f 1138 1139 1159
f 1138 1159 1158
f 1139 1140 1160
f 1139 1160 1159
f 1140 1121 1141
f 1140 1141 1160
f 1141 1142 1162
f 1141 1162 1161
f 1142 1143 1163
f 1142 1163 1162
f 1143 1144 1164
f 1143 1164 1163
f 1144 1145 1165
f 1144 1165 1164
f 1145 1146 1166
f 1145 1166 1165
f 1146 1147 1167
f 1146 1167 1166
f 1147 1148 1168
f 1147 1168 1167
f 1148 1149 1169
f 1148 1169 1168
f 1149 1150 1170
f 1149 1170 1169
f 1150 1151 1171
f 1150 1171 1170
f 1151 1152 1172
f 1151 1172 1171
f 1152 1153 1173
f 1152 1173 1172
f 1153 1154 1174
f 1153 1174 1173
f 1154 1155 1175
f 1154 1175 1174
f 1155 1156 1176
f 1155 1176 1175
f 1156 1157 1177
f 1156 1177 1176
f 1157 1158 1178
f 1157 1178 1177
f 1158 1159 1179
f 1158 1179 1178
f 1159 1160 1180
f 1159 1180 1179
f 1160 1141 1161
f 1160 1161 1180
f 1161 1162 1182
f 1161 1182 1181
f 1162 1163 1183
f 1162 1183 1182
f 1163 1164 1184
f 1163 1184 1183
f 1164 1165 1185
f 1164 1185 1184
f 1165 1166 1186
f 1165 1186 1185
f 1166 1167 1187
f 1166 1187 1186
f 1167 1168 1188
f 1167 1188 1187
f 1168 1169 1189
f 1168 1189 1188
f 1169 1170 1190
f 1169 1190 1189
f 1170 1171 1191
f 1170 1191 1190
f 1171 1172 1192
f 1171 1192 1191
f 1172 1173 1193
f 1172 1193 1192
f 1173 1174 1194
f 1173 1194 1193
f 1174 1175 1195
f 1174 1195 1194
f 1175 1176 1196
f 1175 1196 1195
f 1176 1177 1197
f 1176 1197 1196
f 1177 1178 1198
f 1177 1198 1197
f 1178 1179 1199
f 1178 1199 1198
f 1179 1180 1200
f 1179 1200 1199
f 1180 1161 1181
f 1180 1181 1200
f 1181 1182 1202
f 1181 1202 1201
f 1182 1183 1203
f 1182 1203 1202
f 1183 1184 1204
f 1183 1204 1203
f 1184 1185 1205
f 1184 1205 1204
f 1185 1186 1206
f 1185 1206 1205
f 1186 1187 1207
f 1186 1207 1206
f 1187 1188 1208
f 1187 1208 1207
f 1188 1189 1209
f 1188 1209 1208
f 1189 1190 1210
f 1189 1210 1209
f 1190 1191 1211
f 1190 1211 1210
f 1191 1192 1212
f 1191 1212 1211
f 1192 1193 1213
f 1192 1213 1212
f 1193 1194 1214
f 1193 1214 1213
f 1194 1195 1215
f 1194 1215 1214
f 1195 1196 1216
f 1195 1216 1215
f 1196 1197 1217
f 1196 1217 1216
f 1197 1198 1218
f 1197 1218 1217
f 1198 1199 1219
f 1198 1219 1218
f 1199 1200 1220
f 1199 1220 1219
f 1200 1181 1201
f 1200 1201 1220
f 1201 1202 1222
f 1201 1222 1221
f 1202 1203 1223
f 1202 1223 1222
f 1203 1204 1224
f 1203 1224 1223
f 1204 1205 1225
f 1204 1225 1224
f 1205 1206 1226
f 1205 1226 1225
f 1206 1207 1227
f 1206 1227 1226
f 1207 1208 1228
f 1207 1228 1227
f 1208 1209 1229
f 1208 1229 1228
f 1209 1210 1230
f 1209 1230 1229
f 1210 1211 1231
f 1210 1231 1230
f 1211 1212 1232
f 1211 1232 1231
f 1212 1213 1233
f 1212 1233 1232
f 1213 1214 1234
f 1213 1234 1233
f 1214 1215 1235
f 1214 1235 1234
f 1215 1216 1236
f 1215 1236 1235
f 1216 1217 1237
f 1216 1237 1236
f 1217 1218 1238
f 1217 1238 1237
f 1218 1219 1239
f 1218 1239 1238
f 1219 1220 1240
f 1219 1240 1239
f 1220 1201 1221
f 1220 1221 1240
f 1221 1222 1242
f 1221 1242 1241
f 1222 1223 1243
f 1222 1243 1242
f 1223 1224 1244
f 1223 1244 1243
f 1224 1225 1245
f 1224 1245 1244
f 1225 1226 1246
f 1225 1246 1245
f 1226 1227 1247
f 1226 1247 1246
f 1227 1228 1248
f 1227 1248 1247
f 1228 1229 1249
f 1228 1249 1248
f 1229 1230 1250
f 1229 1250 1249
f 1230 1231 1251
f 1230 1251 1250
f 1231 1232 1252
f 1231 1252 1251
f 1232 1233 1253
f 1232 1253 1252
f 1233 1234 1254
f 1233 1254 1253
f 1234 1235 1255
f 1234 1255 1254
f 1235 1236 1256
f 1235 1256 1255
f 1236 1237 1257
f 1236 1257 1256
f 1237 1238 1258
f 1237 1258 1257
f 1238 1239 1259
f 1238 1259 1258
f 1239 1240 1260
f 1239 1260 1259
f 1240 1221 1241
f 1240 1241 1260
f 1241 1242 1262
f 1241 1262 1261
f 1242 1243 1263
f 1242 1263 1262
f 1243 1244 1264
f 1243 1264 1263
f 1244 1245 1265
f 1244 1265 1264
f 1245 1246 1266
f 1245 1266 1265
f 1246 1247 1267
f 1246 1267 1266
f 1247 1248 1268
f 1247 1268 1267
f 1248 1249 1269
f 1248 1269 1268
f 1249 1250 1270
f 1249 1270 1269
f 1250 1251 1271
f 1250 1271 1270
f 1251 1252 1272
f 1251 1272 1271
f 1252 1253 1273
f 1252 1273 1272
f 1253 1254 1274
f 1253 1274 1273
f 1254 1255 1275
f 1254 1275 1274
f 1255 1256 1276
f 1255 1276 1275
f 1256 1257 1277
f 1256 1277 1276
f 1257 1258 1278
f 1257 1278 1277
f 1258 1259 1279
f 1258 1279 1278
f 1259 1260 1280
f 1259 1280 1279
f 1260 1241 1261
f 1260 1261 1280
f 1261 1262 1282
f 1261 1282 1281
f 1262 1263 1283
f 1262 1283 1282
f 1263 1264 1284
f 1263 1284 1283
f 1264 1265 1285
f 1264 1285 1284
f 1265 1266 1286
f 1265 1286 1285
f 1266 1267 1287
f 1266 1287 1286
f 1267 1268 1288
f 1267 1288 1287
f 1268 1269 1289
f 1268 1289 1288
f 1269 1270 1290
f 1269 1290 1289
f 1270 1271 1291
f 1270 1291 1290
f 1271 1272 1292
f 1271 1292 1291
f 1272 1273 1293
f 1272 1293 1292
f 1273 1274 1294
f 1273 1294 1293
f 1274 1275 1295
f 1274 1295 1294
f 1275 1276 1296
f 1275 1296 1295
f 1276 1277 1297
f 1276 1297 1296
f 1277 1278 1298
f 1277 1298 1297
f 1278 1279 1299
f 1278 1299 1298
f 1279 1280 1300
f 1279 1300 1299
f 1280 1261 1281
f 1280 1281 1300
f 1281 1282 1302
f 1281 1302 1301
f 1282 1283 1303
f 1282 1303 1302
f 1283 1284 1304
f 1283 1304 1303
f 1284 1285 1305
f 1284 1305 1304
f 1285 1286 1306
f 1285 1306 1305
f 1286 1287 1307
f 1286 1307 1306
f 1287 1288 1308
f 1287 1308 1307
f 1288 1289 1309
f 1288 1309 1308
f 1289 1290 1310
f 1289 1310 1309
f 1290 1291 1311
f 1290 1311 1310
f 1291 1292 1312
f 1291 1312 1311
f 1292 1293 1313
f 1292 1313 1312
f 1293 1294 1314
f 1293 1314 1313
f 1294 1295 1315
f 1294 1315 1314
f 1295 1296 1316
f 1295 1316 1315
f 1296 1297 1317
f 1296 1317 1316
f 1297 1298 1318
f 1297 1318 1317
f 1298 1299 1319
f 1298 1319 1318
f 1299 1300 1320
f 1299 1320 1319
f 1300 1281 1301
f 1300 1301 1320
f 1301 1302 1322
f 1301 1322 1321
f 1302 1303 1323
f 1302 1323 1322
f 1303 1304 1324
f 1303 1324 1323
f 1304 1305 1325
f 1304 1325 1324
f 1305 1306 1326
f 1305 1326 1325
f 1306 1307 1327
f 1306 1327 1326
f 1307 1308 1328
f 1307 1328 1327
f 1308 1309 1329
f 1308 1329 1328
f 1309 1310 1330
f 1309 1330 1329
f 1310 1311 1331
f 1310 1331 1330
f 1311 1312 1332
f 1311 1332 1331
f 1312 1313 1333
f 1312 1333 1332
f 1313 1314 1334
f 1313 1334 1333
f 1314 1315 1335
f 1314 1335 1334
f 1315 1316 1336
f 1315 1336 1335
f 1316 1317 1337
f 1316 1337 1336
f 1317 1318 1338
f 1317 1338 1337
f 1318 1319 1339
f 1318 1339 1338
f 1319 1320 1340
f 1319 1340 1339
f 1320 1301 1321
f 1320 1321 1340
f 1321 1322 1342
f 1321 1342 1341
f 1322 1323 1343
f 1322 1343 1342
f 1323 1324 1344
f 1323 1344 1343
f 1324 1325 1345
f 1324 1345 1344
f 1325 1326 1346
f 1325 1346 1345
f 1326 1327 1347
f 1326 1347 1346
f 1327 1328 1348
f 1327 1348 1347
f 1328 1329 1349
f 1328 1349 1348
f 1329 1330 1350
f 1329 1350 1349
f 1330 1331 1351
f 1330 1351 1350
f 1331 1332 1352
f 1331 1352 1351
f 1332 1333 1353
f 1332 1353 1352
f 1333 1334 1354
f 1333 1354 1353
f 1334 1335 1355
f 1334 1355 1354
f 1335 1336 1356
f 1335 1356 1355
f 1336 1337 1357
f 1336 1357 1356
f 1337 1338 1358
f 1337 1358 1357
f 1338 1339 1359
f 1338 1359 1358
f 1339 1340 1360
f 1339 1360 1359
f 1340 1321 1341
f 1340 1341 1360
f 1341 1342 1362
f 1341 1362 1361
f 1342 1343 1363
f 1342 1363 1362
f 1343 1344 1364
f 1343 1364 1363
f 1344 1345 1365
f 1344 1365 1364
f 1345 1346 1366
f 1345 1366 1365
f 1346 1347 1367
f 1346 1367 1366
f 1347 1348 1368
f 1347 1368 1367
f 1348 1349 1369
f 1348 1369 1368
f 1349 1350 1370
f 1349 1370 1369
f 1350 1351 1371
f 1350 1371 1370
f 1351 1352 1372
f 1351 1372 1371
f 1352 1353 1373
f 1352 1373 1372
f 1353 1354 1374
f 1353 1374 1373
f 1354 1355 1375
f 1354 1375 1374
f 1355 1356 1376
f 1355 1376 1375
f 1356 1357 1377
f 1356 1377 1376
f 1357 1358 1378
f 1357 1378 1377
f 1358 1359 1379
f 1358 1379 1378
f 1359 1360 1380
f 1359 1380 1379
f 1360 1341 1361
f 1360 1361 1380
f 1361 1362 1382
f 1361 1382 1381
f 1362 1363 1383
f 1362 1383 1382
f 1363 1364 1384
f 1363 1384 1383
f 1364 1365 1385
f 1364 1385 1384
f 1365 1366 1386
f 1365 1386 1385
f 1366 1367 1387
f 1366 1387 1386
f 1367 1368 1388
f 1367 1388 1387
f 1368 1369 1389
f 1368 1389 1388
f 1369 1370 1390
f 1369 1390 1389
f 1370 1371 1391
f 1370 1391 1390
f 1371 1372 1392
f 1371 1392 1391
f 1372 1373 1393
f 1372 1393 1392
f 1373 1374 1394
f 1373 1394 1393
f 1374 1375 1395
f 1374 1395 1394
f 1375 1376 1396
f 1375 1396 1395
f 1376 1377 1397
f 1376 1397 1396
f 1377 1378 1398
f 1377 1398 1397
f 1378 1379 1399
f 1378 1399 1398
f 1379 1380 1400
f 1379 1400 1399
f 1380 1361 1381
f 1380 1381 1400
f 1381 1382 1402
f 1381 1402 1401
f 1382 1383 1403
f 1382 1403 1402
f 1383 1384 1404
f 1383 1404 1403
f 1384 1385 1405
f 1384 1405 1404
f 1385 1386 1406
f 1385 1406 1405
f 1386 1387 1407
f 1386 1407 1406
f 1387 1388 1408
f 1387 1408 1407
f 1388 1389 1409
f 1388 1409 1408
f 1389 1390 1410
f 1389 1410 1409
f 1390 1391 1411
f 1390 1411 1410
f 1391 1392 1412
f 1391 1412 1411
f 1392 1393 1413
f 1392 1413 1412
f 1393 1394 1414
f 1393 1414 1413
f 1394 1395 1415
f 1394 1415 1414
f 1395 1396 1416
f 1395 1416 1415
f 1396 1397 1417
f 1396 1417 1416
f 1397 1398 1418
f 1397 1418 1417
f 1398 1399 1419
f 1398 1419 1418
f 1399 1400 1420
f 1399 1420 1419
f 1400 1381 1401
f 1400 1401 1420
f 1401 1402 1422
f 1401 1422 1421
f 1402 1403 1423
f 1402 1423 1422
f 1403 1404 1424
f 1403 1424 1423
f 1404 1405 1425
f 1404 1425 1424
f 1405 1406 1426
f 1405 1426 1425
f 1406 1407 1427
f 1406 1427 1426
f 1407 1408 1428
f 1407 1428 1427
f 1408 1409 1429
f 1408 1429 1428
f 1409 1410 1430
f 1409 1430 1429
f 1410 1411 1431
f 1410 1431 1430
f 1411 1412 1432
f 1411 1432 1431
f 1412 1413 1433
f 1412 1433 1432
f 1413 1414 1434
f 1413 1434 1433
f 1414 1415 1435
f 1414 1435 1434
f 1415 1416 1436
f 1415 1436 1435
f 1416 1417 1437
f 1416 1437 1436
f 1417 1418 1438
f 1417 1438 1437
f 1418 1419 1439
f 1418 1439 1438
f 1419 1420 1440
f 1419 1440 1439
f 1420 1401 1421
f 1420 1421 1440
f 1421 1422 1442
f 1421 1442 1441
f 1422 1423 1443
f 1422 1443 1442
f 1423 1424 1444
f 1423 1444 1443
f 1424 1425 1445
f 1424 1445 1444
f 1425 1426 1446
f 1425 1446 1445
f 1426 1427 1447
f 1426 1447 1446
f 1427 1428 1448
f 1427 1448 1447
f 1428 1429 1449
f 1428 1449 1448
f 1429 1430 1450
f 1429 1450 1449
f 1430 1431 1451
f 1430 1451 1450
f 1431 1432 1452
f 1431 1452 1451
f 1432 1433 1453
f 1432 1453 1452
f 1433 1434 1454
f 1433 1454 1453
f 1434 1435 1455
f 1434 1455 1454
f 1435 1436 1456
f 1435 1456 1455
f 1436 1437 1457
f 1436 1457 1456
f 1437 1438 1458
f 1437 1458 1457
f 1438 1439 1459
f 1438 1459 1458
f 1439 1440 1460
f 1439 1460 1459
f 1440 1421 1441
f 1440 1441 1460
f 1441 1442 1462
f 1441 1462 1461
f 1442 1443 1463
f 1442 1463 1462
f 1443 1444 1464
f 1443 1464 1463
f 1444 1445 1465
f 1444 1465 1464
f 1445 1446 1466
f 1445 1466 1465
f 1446 1447 1467
f 1446 1467 1466
f 1447 1448 1468
f 1447 1468 1467
f 1448 1449 1469
f 1448 1469 1468
f 1449 1450 1470
f 1449 1470 1469
f 1450 1451 1471
f 1450 1471 1470
f 1451 1452 1472
f 1451 1472 1471
f 1452 1453 1473
f 1452 1473 1472
f 1453 1454 1474
f 1453 1474 1473
f 1454 1455 1475
f 1454 1475 1474
f 1455 1456 1476
f 1455 1476 1475
f 1456 1457 1477
f 1456 1477 1476
f 1457 1458 1478
f 1457 1478 1477
f 1458 1459 1479
f 1458 1479 1478
f 1459 1460 1480
f 1459 1480 1479
f 1460 1441 1461
f 1460 1461 1480
f 1461 1462 1482
f 1461 1482 1481
f 1462 1463 1483
f 1462 1483 1482
f 1463 1464 1484
f 1463 1484 1483
f 1464 1465 1485
f 1464 1485 1484
f 1465 1466 1486
f 1465 1486 1485
f 1466 1467 1487
f 1466 1487 1486
f 1467 1468 1488
f 1467 1488 1487
f 1468 1469 1489
f 1468 1489 1488
f 1469 1470 1490
f 1469 1490 1489
f 1470 1471 1491
f 1470 1491 1490
f 1471 1472 1492
f 1471 1492 1491
f 1472 1473 1493
f 1472 1493 1492
f 1473 1474 1494
f 1473 1494 1493
f 1474 1475 1495
f 1474 1495 1494
f 1475 1476 1496
f 1475 1496 1495
f 1476 1477 1497
f 1476 1497 1496
f 1477 1478 1498
f 1477 1498 1497
f 1478 1479 1499
f 1478 1499 1498
f 1479 1480 1500
f 1479 1500 1499
f 1480 1461 1481
f 1480 1481 1500
f 1481 1482 1502
f 1481 1502 1501
f 1482 1483 1503
f 1482 1503 1502
f 1483 1484 1504
f 1483 1504 1503
f 1484 1485 1505
f 1484 1505 1504
f 1485 1486 1506
f 1485 1506 1505
f 1486 1487 1507
f 1486 1507 1506
f 1487 1488 1508
f 1487 1508 1507
f 1488 1489 1509
f 1488 1509 1508
f 1489 1490 1510
f 1489 1510 1509
f 1490 1491 1511
f 1490 1511 1510
f 1491 1492 1512
f 1491 1512 1511
f 1492 1493 1513
f 1492 1513 1512
f 1493 1494 1514
f 1493 1514 1513
f 1494 1495 1515
f 1494 1515 1514
f 1495 1496 1516
f 1495 1516 1515
f 1496 1497 1517
f 1496 1517 1516
f 1497 1498 1518
f 1497 1518 1517
f 1498 1499 1519
f 1498 1519 1518
f 1499 1500 1520
f 1499 1520 1519
f 1500 1481 1501
f 1500 1501 1520
f 1501 1502 1522
f 1501 1522 1521
f 1502 1503 1523
f 1502 1523 1522
f 1503 1504 1524
f 1503 1524 1523
f 1504 1505 1525
f 1504 1525 1524
f 1505 1506 1526
f 1505 1526 1525
f 1506 1507 1527
f 1506 1527 1526
f 1507 1508 1528
f 1507 1528 1527
f 1508 1509 1529
f 1508 1529 1528
f 1509 1510 1530
f 1509 1530 1529
f 1510 1511 1531
f 1510 1531 1530
f 1511 1512 1532
f 1511 1532 1531
f 1512 1513 1533
f 1512 1533 1532
f 1513 1514 1534
f 1513 1534 1533
f 1514 1515 1535
f 1514 1535 1534
f 1515 1516 1536
f 1515 1536 1535
f 1516 1517 1537
f 1516 1537 1536
f 1517 1518 1538
f 1517 1538 1537
f 1518 1519 1539
f 1518 1539 1538
f 1519 1520 1540
f 1519 1540 1539
f 1520 1501 1521
f 1520 1521 1540
f 1521 1522 1542
f 1521 1542 1541
f 1522 1523 1543
f 1522 1543 1542
f 1523 1524 1544
f 1523 1544 1543
f 1524 1525 1545
f 1524 1545 1544
f 1525 1526 1546
f 1525 1546 1545
f 1526 1527 1547
f 1526 1547 1546
f 1527 1528 1548
f 1527 1548 1547
f 1528 1529 1549
f 1528 1549 1548
f 1529 1530 1550
f 1529 1550 1549
f 1530 1531 1551
f 1530 1551 1550
f 1531 1532 1552
f 1531 1552 1551
f 1532 1533 1553
f 1532 1553 1552
f 1533 1534 1554
f 1533 1554 1553
f 1534 1535 1555
f 1534 1555 1554
f 1535 1536 1556
f 1535 1556 1555
f 1536 1537 1557
f 1536 1557 1556
f 1537 1538 1558
f 1537 1558 1557
f 1538 1539 1559
f 1538 1559 1558
f 1539 1540 1560
f 1539 1560 1559
f 1540 1521 1541
f 1540 1541 1560
f 1541 1542 1562
f 1541 1562 1561
f 1542 1543 1563
f 1542 1563 1562
f 1543 1544 1564
f 1543 1564 1563
f 1544 1545 1565
f 1544 1565 1564
f 1545 1546 1566
f 1545 1566 1565
f 1546 1547 1567
f 1546 1567 1566
f 1547 1548 1568
f 1547 1568 1567
f 1548 1549 1569
f 1548 1569 1568
f 1549 1550 1570
f 1549 1570 1569
f 1550 1551 1571
f 1550 1571 1570
f 1551 1552 1572
f 1551 1572 1571
f 1552 1553 1573
f 1552 1573 1572
f 1553 1554 1574
f 1553 1574 1573
f 1554 1555 1575
f 1554 1575 1574
f 1555 1556 1576
f 1555 1576 1575
f 1556 1557 1577
f 1556 1577 1576
f 1557 1558 1578
f 1557 1578 1577
f 1558 1559 1579
f 1558 1579 1578
f 1559 1560 1580
f 1559 1580 1579
f 1560 1541 1561
f 1560 1561 1580
f 1561 1562 1582
f 1561 1582 1581
f 1562 1563 1583
f 1562 1583 1582
f 1563 1564 1584
f 1563 1584 1583
f 1564 1565 1585
f 1564 1585 1584
f 1565 1566 1586
f 1565 1586 1585
f 1566 1567 1587
f 1566 1587 1586
f 1567 1568 1588
f 1567 1588 1587
f 1568 1569 1589
f 1568 1589 1588
f 1569 1570 1590
f 1569 1590 1589
f 1570 1571 1591
f 1570 1591 1590
f 1571 1572 1592
f 1571 1592 1591
f 1572 1573 1593
f 1572 1593 1592
f 1573 1574 1594
f 1573 1594 1593
f 1574 1575 1595
f 1574 1595 1594
f 1575 1576 1596
f 1575 1596 1595
f 1576 1577 1597
f 1576 1597 1596
f 1577 1578 1598
f 1577 1598 1597
f 1578 1579 1599
f 1578 1599 1598
f 1579 1580 1600
f 1579 1600 1599
f 1580 1561 1581
f 1580 1581 1600
f 1581 1582 1602
f 1581 1602 1601
f 1582 1583 1603
f 1582 1603 1602
f 1583 1584 1604
f 1583 1604 1603
f 1584 1585 1605
f 1584 1605 1604
f 1585 1586 1606
f 1585 1606 1605
f 1586 1587 1607
f 1586 1607 1606
f 1587 1588 1608
f 1587 1608 1607
f 1588 1589 1609
f 1588 1609 1608
f 1589 1590 1610
f 1589 1610 1609
f 1590 1591 1611
f 1590 1611 1610
f 1591 1592 1612
f 1591 1612 1611
f 1592 1593 1613
f 1592 1613 1612
f 1593 1594 1614
f 1593 1614 1613
f 1594 1595 1615
f 1594 1615 1614
f 1595 1596 1616
f 1595 1616 1615
f 1596 1597 1617
f 1596 1617 1616
f 1597 1598 1618
f 1597 1618 1617
f 1598 1599 1619
f 1598 1619 1618
f 1599 1600 1620
f 1599 1620 1619
f 1600 1581 1601
f 1600 1601 1620
f 1601 1602 1622
f 1601 1622 1621
f 1602 1603 1623
f 1602 1623 1622
f 1603 1604 1624
f 1603 1624 1623
f 1604 1605 1625
f 1604 1625 1624
f 1605 1606 1626
f 1605 1626 1625
f 1606 1607 1627
f 1606 1627 1626
f 1607 1608 1628
f 1607 1628 1627
f 1608 1609 1629
f 1608 1629 1628
f 1609 1610 1630
f 1609 1630 1629
f 1610 1611 1631
f 1610 1631 1630
f 1611 1612 1632
f 1611 1632 1631
f 1612 1613 1633
f 1612 1633 1632
f 1613 1614 1634
f 1613 1634 1633
f 1614 1615 1635
f 1614 1635 1634
f 1615 1616 1636
f 1615 1636 1635
f 1616 1617 1637
f 1616 1637 1636
f 1617 1618 1638
f 1617 1638 1637
f 1618 1619 1639
f 1618 1639 1638
f 1619 1620 1640
f 1619 1640 1639
f 1620 1601 1621
f 1620 1621 1640
f 1621 1622 1642
f 1621 1642 1641
f 1622 1623 1643
f 1622 1643 1642
f 1623 1624 1644
f 1623 1644 1643
f 1624 1625 1645
f 1624 1645 1644
f 1625 1626 1646
f 1625 1646 1645
f 1626 1627 1647
f 1626 1647 1646
f 1627 1628 1648
f 1627 1648 1647
f 1628 1629 1649
f 1628 1649 1648
f 1629 1630 1650
f 1629 1650 1649
f 1630 1631 1651
f 1630 1651 1650
f 1631 1632 1652
f 1631 1652 1651
f 1632 1633 1653
f 1632 1653 1652
f 1633 1634 1654
f 1633 1654 1653
f 1634 1635 1655
f 1634 1655 1654
f 1635 1636 1656
f 1635 1656 1655
f 1636 1637 1657
f 1636 1657 1656
f 1637 1638 1658
f 1637 1658 1657
f 1638 1639 1659
f 1638 1659 1658
f 1639 1640 1660
f 1639 1660 1659
f 1640 1621 1641
f 1640 1641 1660
f 1641 1642 1662
f 1641 1662 1661
f 1642 1643 1663
f 1642 1663 1662
f 1643 1644 1664
f 1643 1664 1663
f 1644 1645 1665
f 1644 1665 1664
f 1645 1646 1666
f 1645 1666 1665
f 1646 1647 1667
f 1646 1667 1666
f 1647 1648 1668
f 1647 1668 1667
f 1648 1649 1669
f 1648 1669 1668
f 1649 1650 1670
f 1649 1670 1669
f 1650 1651 1671
f 1650 1671 1670
f 1651 1652 1672
f 1651 1672 1671
f 1652 1653 1673
f 1652 1673 1672
f 1653 1654 1674
f 1653 1674 1673
f 1654 1655 1675
f 1654 1675 1674
f 1655 1656 1676
f 1655 1676 1675
f 1656 1657 1677
f 1656 1677 1676
f 1657 1658 1678
f 1657 1678 1677
f 1658 1659 1679
f 1658 1679 1678
f 1659 1660 1680
f 1659 1680 1679
f 1660 1641 1661
f 1660 1661 1680
f 1661 1662 1682
f 1661 1682 1681
f 1662 1663 1683
f 1662 1683 1682
f 1663 1664 1684
f 1663 1684 1683
f 1664 1665 1685
f 1664 1685 1684
f 1665 1666 1686
f 1665 1686 1685
f 1666 1667 1687
f 1666 1687 1686
f 1667 1668 1688
f 1667 1688 1687
f 1668 1669 1689
f 1668 1689 1688
f 1669 1670 1690
f 1669 1690 1689
f 1670 1671 1691
f 1670 1691 1690
f 1671 1672 1692
f 1671 1692 1691
f 1672 1673 1693
f 1672 1693 1692
f 1673 1674 1694
f 1673 1694 1693
f 1674 1675 1695
f 1674 1695 1694
f 1675 1676 1696
f 1675 1696 1695
f 1676 1677 1697
f 1676 1697 1696
f 1677 1678 1698
f 1677 1698 1697
f 1678 1679 1699
f 1678 1699 1698
f 1679 1680 1700
f 1679 1700 1699
f 1680 1661 1681
f 1680 1681 1700
f 1681 1682 1702
f 1681 1702 1701
f 1682 1683 1703
f 1682 1703 1702
f 1683 1684 1704
f 1683 1704 1703
f 1684 1685 1705
f 1684 1705 1704
f 1685 1686 1706
f 1685 1706 1705
f 1686 1687 1707
f 1686 1707 1706
f 1687 1688 1708
f 1687 1708 1707
f 1688 1689 1709
f 1688 1709 1708
f 1689 1690 1710
f 1689 1710 1709
f 1690 1691 1711
f 1690 1711 1710
f 1691 1692 1712
f 1691 1712 1711
f 1692 1693 1713
f 1692 1713 1712
f 1693 1694 1714
f 1693 1714 1713
f 1694 1695 1715
f 1694 1715 1714
f 1695 1696 1716
f 1695 1716 1715
f 1696 1697 1717
f 1696 1717 1716
f 1697 1698 1718
f 1697 1718 1717
f 1698 1699 1719
f 1698 1719 1718
f 1699 1700 1720
f 1699 1720 1719
f 1700 1681 1701
f 1700 1701 1720
f 1701 1702 1722
f 1701 1722 1721
f 1702 1703 1723
f 1702 1723 1722
f 1703 1704 1724
f 1703 1724 1723
f 1704 1705 1725
f 1704 1725 1724
f 1705 1706 1726
f 1705 1726 1725
f 1706 1707 1727
f 1706 1727 1726
f 1707 1708 1728
f 1707 1728 1727
f 1708 1709 1729
f 1708 1729 1728
f 1709 1710 1730
f 1709 1730 1729
f 1710 1711 1731
f 1710 1731 1730
f 1711 1712 1732
f 1711 1732 1731
f 1712 1713 1733
f 1712 1733 1732
f 1713 1714 1734
f 1713 1734 1733
f 1714 1715 1735
f 1714 1735 1734
f 1715 1716 1736
f 1715 1736 1735
f 1716 1717 1737
f 1716 1737 1736
f 1717 1718 1738
f 1717 1738 1737
f 1718 1719 1739
f 1718 1739 1738
f 1719 1720 1740
f 1719 1740 1739
f 1720 1701 1721
f 1720 1721 1740
f 1721 1722 1742
f 1721 1742 1741
f 1722 1723 1743
f 1722 1743 1742
f 1723 1724 1744
f 1723 1744 1743
f 1724 1725 1745
f 1724 1745 1744
f 1725 1726 1746
f 1725 1746 1745
f 1726 1727 1747
f 1726 1747 1746
f 1727 1728 1748
f 1727 1748 1747
f 1728 1729 1749
f 1728 1749 1748
f 1729 1730 1750
f 1729 1750 1749
f 1730 1731 1751
f 1730 1751 1750
f 1731 1732 1752
f 1731 1752 1751
f 1732 1733 1753
f 1732 1753 1752
f 1733 1734 1754
f 1733 1754 1753
f 1734 1735 1755
f 1734 1755 1754
f 1735 1736 1756
f 1735 1756 1755
f 1736 1737 1757
f 1736 1757 1756
f 1737 1738 1758
f 1737 1758 1757
f 1738 1739 1759
f 1738 1759 1758
f 1739 1740 1760
f 1739 1760 1759
f 1740 1721 1741
f 1740 1741 1760
f 1741 1742 1762
f 1741 1762 1761
f 1742 1743 1763
f 1742 1763 1762
f 1743 1744 1764
f 1743 1764 1763
f 1744 1745 1765
f 1744 1765 1764
f 1745 1746 1766
f 1745 1766 1765
f 1746 1747 1767
f 1746 1767 1766
f 1747 1748 1768
f 1747 1768 1767
f 1748 1749 1769
f 1748 1769 1768
f 1749 1750 1770
f 1749 1770 1769
f 1750 1751 1771
f 1750 1771 1770
f 1751 1752 1772
f 1751 1772 1771
f 1752 1753 1773
f 1752 1773 1772
f 1753 1754 1774
f 1753 1774 1773
f 1754 1755 1775
f 1754 1775 1774
f 1755 1756 1776
f 1755 1776 1775
f 1756 1757 1777
f 1756 1777 1776
f 1757 1758 1778
f 1757 1778 1777
f 1758 1759 1779
f 1758 1779 1778
f 1759 1760 1780
f 1759 1780 1779
f 1760 1741 1761
f 1760 1761 1780
f 1761 1762 1782
f 1761 1782 1781
f 1762 1763 1783
f 1762 1783 1782
f 1763 1764 1784
f 1763 1784 1783
f 1764 1765 1785
f 1764 1785 1784
f 1765 1766 1786
f 1765 1786 1785
f 1766 1767 1787
f 1766 1787 1786
f 1767 1768 1788
f 1767 1788 1787
f 1768 1769 1789
f 1768 1789 1788
f 1769 1770 1790
f 1769 1790 1789
f 1770 1771 1791
f 1770 1791 1790
f 1771 1772 1792
f 1771 1792 1791
f 1772 1773 1793
f 1772 1793 1792
f 1773 1774 1794
f 1773 1794 1793
f 1774 1775 1795
f 1774 1795 1794
f 1775 1776 1796
f 1775 1796 1795
f 1776 1777 1797
f 1776 1797 1796
f 1777 1778 1798
f 1777 1798 1797
f 1778 1779 1799
f 1778 1799 1798
f 1779 1780 1800
f 1779 1800 1799
f 1780 1761 1781
f 1780 1781 1800
f 1781 1782 1802
f 1781 1802 1801
f 1782 1783 1803
f 1782 1803 1802
f 1783 1784 1804
f 1783 1804 1803
f 1784 1785 1805
f 1784 1805 1804
f 1785 1786 1806
f 1785 1806 1805
f 1786 1787 1807
f 1786 1807 1806
f 1787 1788 1808
f 1787 1808 1807
f 1788 1789 1809
f 1788 1809 1808
f 1789 1790 1810
f 1789 1810 1809
f 1790 1791 1811
f 1790 1811 1810
f 1791 1792 1812
f 1791 1812 1811
f 1792 1793 1813
f 1792 1813 1812
f 1793 1794 1814
f 1793 1814 1813
f 1794 1795 1815
f 1794 1815 1814
f 1795 1796 1816
f 1795 1816 1815
f 1796 1797 1817
f 1796 1817 1816
f 1797 1798 1818
f 1797 1818 1817
f 1798 1799 1819
f 1798 1819 1818
f 1799 1800 1820
f 1799 1820 1819
f 1800 1781 1801
f 1800 1801 1820
f 1801 1802 1822
f 1801 1822 1821
f 1802 1803 1823
f 1802 1823 1822
f 1803 1804 1824
f 1803 1824 1823
f 1804 1805 1825
f 1804 1825 1824
f 1805 1806 1826
f 1805 1826 1825
f 1806 1807 1827
f 1806 1827 1826
f 1807 1808 1828
f 1807 1828 1827
f 1808 1809 1829
f 1808 1829 1828
f 1809 1810 1830
f 1809 1830 1829
f 1810 1811 1831
f 1810 1831 1830
f 1811 1812 1832
f 1811 1832 1831
f 1812 1813 1833
f 1812 1833 1832
f 1813 1814 1834
f 1813 1834 1833
f 1814 1815 1835
f 1814 1835 1834
f 1815 1816 1836
f 1815 1836 1835
f 1816 1817 1837
f 1816 1837 1836
f 1817 1818 1838
f 1817 1838 1837
f 1818 1819 1839
f 1818 1839 1838
f 1819 1820 1840
f 1819 1840 1839
f 1820 1801 1821
f 1820 1821 1840
f 1821 1822 1842
f 1821 1842 1841
f 1822 1823 1843
f 1822 1843 1842
f 1823 1824 1844
f 1823 1844 1843
f 1824 1825 1845
f 1824 1845 1844
f 1825 1826 1846
f 1825 1846 1845
f 1826 1827 1847
f 1826 1847 1846
f 1827 1828 1848
f 1827 1848 1847
f 1828 1829 1849
f 1828 1849 1848
f 1829 1830 1850
f 1829 1850 1849
f 1830 1831 1851
f 1830 1851 1850
f 1831 1832 1852
f 1831 1852 1851
f 1832 1833 1853
f 1832 1853 1852
f 1833 1834 1854
f 1833 1854 1853
f 1834 1835 1855
f 1834 1855 1854
f 1835 1836 1856
f 1835 1856 1855
f 1836 1837 1857
f 1836 1857 1856
f 1837 1838 1858
f 1837 1858 1857
f 1838 1839 1859
f 1838 1859 1858
f 1839 1840 1860
f 1839 1860 1859
f 1840 1821 1841
f 1840 1841 1860
f 1841 1842 1862
f 1841 1862 1861
f 1842 1843 1863
f 1842 1863 1862
f 1843 1844 1864
f 1843 1864 1863
f 1844 1845 1865
f 1844 1865 1864
f 1845 1846 1866
f 1845 1866 1865
f 1846 1847 1867
f 1846 1867 1866
f 1847 1848 1868
f 1847 1868 1867
f 1848 1849 1869
f 1848 1869 1868
f 1849 1850 1870
f 1849 1870 1869
f 1850 1851 1871
f 1850 1871 1870
f 1851 1852 1872
f 1851 1872 1871
f 1852 1853 1873
f 1852 1873 1872
f 1853 1854 1874
f 1853 1874 1873
f 1854 1855 1875
f 1854 1875 1874
f 1855 1856 1876
f 1855 1876 1875
f 1856 1857 1877
f 1856 1877 1876
f 1857 1858 1878
f 1857 1878 1877
f 1858 1859 1879
f 1858 1879 1878
f 1859 1860 1880
f 1859 1880 1879
f 1860 1841 1861
f 1860 1861 1880
f 1861 1862 1882
f 1861 1882 1881
f 1862 1863 1883
f 1862 1883 1882
f 1863 1864 1884
f 1863 1884 1883
f 1864 1865 1885
f 1864 1885 1884
f 1865 1866 1886
f 1865 1886 1885
f 1866 1867 1887
f 1866 1887 1886
f 1867 1868 1888
f 1867 1888 1887
f 1868 1869 1889
f 1868 1889 1888
f 1869 1870 1890
f 1869 1890 1889
f 1870 1871 1891
f 1870 1891 1890
f 1871 1872 1892
f 1871 1892 1891
f 1872 1873 1893
f 1872 1893 1892
f 1873 1874 1894
f 1873 1894 1893
f 1874 1875 1895
f 1874 1895 1894
f 1875 1876 1896
f 1875 1896 1895
f 1876 1877 1897
f 1876 1897 1896
f 1877 1878 1898
f 1877 1898 1897
f 1878 1879 1899
f 1878 1899 1898
f 1879 1880 1900
f 1879 1900 1899
f 1880 1861 1881
f 1880 1881 1900
f 1881 1882 1902
f 1881 1902 1901
f 1882 1883 1903
f 1882 1903 1902
f 1883 1884 1904
f 1883 1904 1903
f 1884 1885 1905
f 1884 1905 1904
f 1885 1886 1906
f 1885 1906 1905
f 1886 1887 1907
f 1886 1907 1906
f 1887 1888 1908
f 1887 1908 1907
f 1888 1889 1909
f 1888 1909 1908
f 1889 1890 1910
f 1889 1910 1909
f 1890 1891 1911
f 1890 1911 1910
f 1891 1892 1912
f 1891 1912 1911
f 1892 1893 1913
f 1892 1913 1912
f 1893 1894 1914
f 1893 1914 1913
f 1894 1895 1915
f 1894 1915 1914
f 1895 1896 1916
f 1895 1916 1915
f 1896 1897 1917
f 1896 1917 1916
f 1897 1898 1918
f 1897 1918 1917
f 1898 1899 1919
f 1898 1919 1918
f 1899 1900 1920
f 1899 1920 1919
f 1900 1881 1901
f 1900 1901 1920
f 1901 1902 2
f 1901 2 1
f 1902 1903 3
f 1902 3 2
f 1903 1904 4
f 1903 4 3
f 1904 1905 5
f 1904 5 4
f 1905 1906 6
f 1905 6 5
f 1906 1907 7
f 1906 7 6
f 1907 1908 8
f 1907 8 7
f 1908 1909 9
f 1908 9 8
f 1909 1910 10
f 1909 10 9
f 1910 1911 11
f 1910 11 10
f 1911 1912 12
f 1911 12 11
f 1912 1913 13
f 1912 13 12
f 1913 1914 14
f 1913 14 13
f 1914 1915 15
f 1914 15 14
f 1915 1916 16
f 1915 16 15
f 1916 1917 17
f 1916 17 16
f 1917 1918 18
f 1917 18 17
f 1918 1919 19
f 1918 19 18
f 1919 1920 20
f 1919 20 19
f 1920 1901 1
f 1920 1 20

o temple_R
usemtl FrameBlackGloss
v 5.73472200 1.46123769 0.53978699
v 5.73514315 1.45363867 0.50151837
v 5.73461003 1.43199850 0.46905565
v 5.73320382 1.39961170 0.44734098
v 5.73113860 1.36140885 0.43968023
v 5.72996922 1.34144309 0.43965375
v 5.72755939 1.30324025 0.44721319
v 5.72517184 1.27085344 0.46884196
v 5.72317005 1.24921327 0.50124729
v 5.72185876 1.24161426 0.53949575
v 5.71891618 1.24161426 0.66946244
v 5.71849504 1.24921327 0.70773106
v 5.71902815 1.27085344 0.74019378
v 5.72043436 1.30324025 0.76190844
v 5.72249958 1.34144309 0.76956920
v 5.72366897 1.36140885 0.76959568
v 5.72607879 1.39961170 0.76203624
v 5.72846634 1.43199850 0.74040747
v 5.73046813 1.45363867 0.70800214
v 5.73177942 1.46123769 0.66975368
v 5.70236801 1.46312863 0.53905888
v 5.70299206 1.45551694 0.50079555
v 5.70251408 1.43387333 0.46833427
v 5.70100683 1.40149283 0.44661697
v 5.69869977 1.36330510 0.43894991
v 5.69737683 1.34334893 0.43891943
v 5.69462120 1.30516769 0.44646985
v 5.69183651 1.27280569 0.46808827
v 5.68944670 1.25118976 0.50048348
v 5.68781561 1.24361072 0.53872360
v 5.68398517 1.24366618 0.66866715
v 5.68336112 1.25127787 0.70693047
v 5.68383910 1.27292149 0.73939175
v 5.68534635 1.30530198 0.76110905
v 5.68765341 1.34348971 0.76877612
v 5.68897635 1.36344589 0.76880660
v 5.69173199 1.40162713 0.76125618
v 5.69451668 1.43398912 0.73963776
v 5.69690648 1.45560506 0.70724255
v 5.69853757 1.46318410 0.66900242
v 5.66744388 1.46569433 0.53780758
v 5.66837462 1.45806049 0.49955490
v 5.66797997 1.43641086 0.46709651
v 5.66632000 1.40404140 0.44537390
v 5.66364743 1.36588005 0.43769416
v 5.66209239 1.34594064 0.43765562
v 5.65881409 1.30779713 0.44518790
v 5.65542916 1.27547847 0.46678549
v 5.65245291 1.25390488 0.49916035
v 5.65033846 1.24636074 0.53738370
v 5.64516610 1.24651308 0.66728067
v 5.64423535 1.25414692 0.70553335
v 5.64463000 1.27579655 0.73799174
v 5.64628997 1.30816602 0.75971434
v 5.64896255 1.34632736 0.76739409
v 5.65051758 1.36626678 0.76743262
v 5.65379588 1.40441028 0.75990034
v 5.65718082 1.43672894 0.73830276
v 5.66015707 1.45830253 0.70592790
v 5.66227151 1.46584668 0.66770455
v 5.62824435 1.46892301 0.53609356
v 5.62934543 1.46127532 0.49784817
v 5.62899705 1.43962193 0.46539176
v 5.62725226 1.40725936 0.44366553
v 5.62437669 1.36911453 0.43597709
v 5.62269275 1.34918559 0.43593304
v 5.61912416 1.31106570 0.44345289
v 5.61540585 1.27877415 0.46503621
v 5.61210390 1.25722705 0.49739713
v 5.60972100 1.24970474 0.53560898
v 5.60380334 1.24991770 0.66547405
v 5.60270226 1.25756539 0.70371944
v 5.60305063 1.27921878 0.73617585
v 5.60479542 1.31158135 0.75790208
v 5.60767100 1.34972619 0.76559052
v 5.60935494 1.36965512 0.76563457
v 5.61292352 1.40777501 0.75811472
v 5.61664183 1.44006656 0.73653140
v 5.61994378 1.46161366 0.70417049
v 5.62232669 1.46913597 0.66595863
v 5.58477869 1.47269070 0.53402655
v 5.58594362 1.46503753 0.49578415
v 5.58561260 1.44338265 0.46332855
v 5.58383601 1.41102281 0.44160083
v 5.58088433 1.37288451 0.43390883
v 5.57915207 1.35295972 0.43386252
v 5.57547466 1.31484917 0.44137728
v 5.57163138 1.28256835 0.46295475
v 5.56820733 1.26103172 0.49530995
v 5.56572379 1.25351805 0.53351710
v 5.55952674 1.25375499 0.66336909
v 5.55836181 1.26140816 0.70161149
v 5.55869283 1.28306304 0.73406709
v 5.56046941 1.31542288 0.75579481
v 5.56342109 1.35356118 0.76348681
v 5.56515336 1.37348597 0.76353312
v 5.56883076 1.41159653 0.75601836
v 5.57267404 1.44387735 0.73444089
v 5.57609809 1.46541397 0.70208569
v 5.57858164 1.47292764 0.66387854
v 5.53701391 1.47686520 0.53172479
v 5.53815944 1.46921372 0.49348147
v 5.53782314 1.44755929 0.46102562
v 5.53605622 1.41519861 0.43929836
v 5.53312767 1.37705830 0.43160746
v 5.53141009 1.35713225 0.43156184
v 5.52776575 1.31901882 0.43907818
v 5.52396045 1.28673471 0.46065745
v 5.52057351 1.26519487 0.49301442
v 5.51812055 1.25767855 0.53122302
v 5.51200841 1.25790813 0.66107905
v 5.51086288 1.26555961 0.69932238
v 5.51119918 1.28721404 0.73177822
v 5.51296610 1.31957472 0.75350549
v 5.51589465 1.35771503 0.76119639
v 5.51761223 1.37764108 0.76124200
v 5.52125656 1.41575451 0.75372567
v 5.52506187 1.44803862 0.73214639
v 5.52844881 1.46957846 0.69978942
v 5.53090177 1.47709478 0.66158082
v 5.48488463 1.48131130 0.52931016
v 5.48594561 1.47366697 0.49106297
v 5.48558634 1.45201449 0.45860607
v 5.48386152 1.41965025 0.43688074
v 5.48103373 1.38150141 0.42919445
v 5.47938014 1.36156993 0.42915176
v 5.47587989 1.32344431 0.43667470
v 5.47224005 1.29114618 0.45826155
v 5.46901478 1.26959265 0.49062591
v 5.46669507 1.26206505 0.52884061
v 5.46095286 1.26226330 0.65871358
v 5.45989187 1.26990763 0.69696078
v 5.46025114 1.29156011 0.72941768
v 5.46197596 1.32392435 0.75114301
v 5.46480375 1.36207319 0.75882930
v 5.46645735 1.38200467 0.75887198
v 5.46995760 1.42013029 0.75134905
v 5.47359743 1.45242842 0.72976220
v 5.47682271 1.47398195 0.69739783
v 5.47914242 1.48150955 0.65918313
v 5.42830083 1.48589344 0.52690557
v 5.42922637 1.47826001 0.48865268
v 5.42883030 1.45661049 0.45619423
v 5.42717292 1.42424082 0.43447173
v 5.42450656 1.38607899 0.42679223
v 5.42295546 1.36613927 0.42675386
v 5.41968604 1.32799507 0.43428649
v 5.41631130 1.29567562 0.45588449
v 5.41334501 1.27410125 0.48825974
v 5.41123877 1.26655647 0.52648342
v 5.40608920 1.26670704 0.65638130
v 5.40516367 1.27434047 0.69463418
v 5.40555973 1.29598999 0.72709263
v 5.40721711 1.32835966 0.74881513
v 5.40988347 1.36652148 0.75649463
v 5.41143457 1.38646121 0.75653301
v 5.41470399 1.42460540 0.74900037
v 5.41807873 1.45692486 0.72740238
v 5.42104502 1.47849923 0.69502712
v 5.42315126 1.48604401 0.65680345
v 5.36715372 1.49047701 0.52463363
v 5.36790420 1.48285662 0.48637431
v 5.36746056 1.46121065 0.45391411
v 5.36589036 1.42883448 0.43219482
v 5.36343264 1.39065711 0.42452299
v 5.36201402 1.37070751 0.42448948
v 5.35904294 1.33254108 0.43203308
v 5.35601083 1.30019610 0.45364367
v 5.35337929 1.27859679 0.48603123
v 5.35154896 1.27103144 0.52426505
v 5.34716537 1.27112494 0.65419108
v 5.34641490 1.27874532 0.69245041
v 5.34685853 1.30039130 0.72491060
v 5.34842873 1.33276746 0.74662990
v 5.35088646 1.37094484 0.75430173
v 5.35230507 1.39089443 0.75433524
v 5.35527615 1.42906086 0.74679163
v 5.35830826 1.46140584 0.72518105
v 5.36093980 1.48300516 0.69279349
v 5.36277013 1.49057050 0.65455967
v 5.30132007 1.49492883 0.52261610
v 5.30186488 1.48732228 0.48435054
v 5.30136536 1.46568006 0.45188866
v 5.29989757 1.43329701 0.43017246
v 5.29768497 1.39510315 0.42250806
v 5.29642200 1.37514309 0.42247927
v 5.29380142 1.33695310 0.43003350
v 5.29117184 1.30458105 0.45165628
v 5.28893357 1.28295529 0.48405576
v 5.28742739 1.27536815 0.52229940
v 5.28394371 1.27540114 0.65225271
v 5.28339890 1.28300769 0.69051827
v 5.28389841 1.30464991 0.72298016
v 5.28536620 1.33703296 0.74469635
v 5.28757881 1.37522682 0.75236075
v 5.28884178 1.39518688 0.75238954
v 5.29146235 1.43337687 0.74483532
v 5.29409194 1.46574892 0.72321253
v 5.29633020 1.48737468 0.69081305
v 5.29783639 1.49496182 0.65256941
v 5.23066545 1.49911735 0.52097366
v 5.23098123 1.49152429 0.48270284
v 5.23041949 1.46988574 0.45023953
v 5.22906575 1.43749597 0.42852595
v 5.22712610 1.39928602 0.42086782
v 5.22603645 1.37931574 0.42084300
v 5.22380619 1.34110274 0.42840618
v 5.22162486 1.30870427 0.45003926
v 5.21982454 1.28705269 0.48244879
v 5.21867931 1.27944428 0.52070072
v 5.21619775 1.27941819 0.65067703
v 5.21588197 1.28701124 0.68894784
v 5.21644371 1.30864979 0.72141116
v 5.21779745 1.34103957 0.74312473
v 5.21973710 1.37924951 0.75078287
v 5.22082675 1.39921979 0.75080768
v 5.22305701 1.43743280 0.74324450
v 5.22523834 1.46983127 0.72161142
v 5.22703866 1.49148284 0.68920189
v 5.22818389 1.49909126 0.65094997
v 5.15504667 1.50291250 0.51982587
v 5.15511592 1.49533175 0.48155138
v 5.15448720 1.47369654 0.44908707
v 5.15325621 1.44130064 0.42737532
v 5.15161038 1.40307603 0.41972157
v 5.15070729 1.38309645 0.41969954
v 5.14889716 1.34486248 0.42726899
v 5.14719832 1.31243993 0.44890927
v 5.14586940 1.29076483 0.48132583
v 5.14511271 1.28313703 0.51958356
v 5.14370982 1.28305712 0.64957596
v 5.14364057 1.29063787 0.68785045
v 5.14426929 1.31227308 0.72031477
v 5.14550027 1.34466898 0.74202651
v 5.14714611 1.38289359 0.74968026
v 5.14804920 1.40287317 0.74970229
v 5.14985932 1.44110714 0.74213284
v 5.15155817 1.47352969 0.72049257
v 5.15288709 1.49520479 0.68807600
v 5.15364378 1.50283259 0.64981828
v 5.07431352 1.50618562 0.51929132
v 5.07412352 1.49861531 0.48101517
v 5.07342436 1.47698294 0.44855040
v 5.07232247 1.44458184 0.42683949
v 5.07098562 1.40634478 0.41918771
v 5.07027873 1.38635729 0.41916694
v 5.06891043 1.34810552 0.42673921
v 5.06771900 1.31566253 0.44838274
v 5.06688582 1.29396746 0.48080247
v 5.06653774 1.28632319 0.51906281
v 5.06626923 1.28619758 0.64906247
v 5.06645924 1.29376788 0.68733862
v 5.06715840 1.31540025 0.71980339
v 5.06826028 1.34780135 0.74151430
v 5.06959714 1.38603841 0.74916608
v 5.07030403 1.40602590 0.74918685
v 5.07167232 1.44427767 0.74161458
v 5.07286375 1.47672067 0.71997105
v 5.07369693 1.49841573 0.68755132
v 5.07404502 1.50606000 0.64929098
v 4.98831024 1.50880920 0.51948768
v 4.98785214 1.50124701 0.48121220
v 4.98708013 1.47961684 0.44874761
v 4.98611175 1.44721170 0.42703636
v 4.98509443 1.40896497 0.41938379
v 4.98459043 1.38897133 0.41936252
v 4.98367904 1.35070572 0.42693366
v 4.98301234 1.31824684 0.44857588
v 4.98269183 1.29653625 0.48099434
v 4.98276629 1.28887918 0.51925363
v 4.98367088 1.28871804 0.64925039
v 4.98412899 1.29628023 0.68752587
v 4.98490100 1.31791039 0.71999046
v 4.98586937 1.35031554 0.74170171
v 4.98688670 1.38856227 0.74935427
v 4.98739069 1.40855591 0.74937555
v 4.98830208 1.44682151 0.74180441
v 4.98896878 1.47928040 0.72016219
v 4.98928930 1.50099099 0.68774372
v 4.98921483 1.50864805 0.64948443
v 4.89687652 1.51065673 0.52053189
v 4.89614463 1.50310002 0.48225958
v 4.89529824 1.48147134 0.44979586
v 4.89446619 1.44906347 0.42808303
v 4.89377517 1.41081021 0.42042668
v 4.89347836 1.39081243 0.42040300
v 4.89303356 1.35253748 0.42796874
v 4.89290269 1.32006788 0.44960474
v 4.89310570 1.29834681 0.48201714
v 4.89361166 1.29068111 0.52027142
v 4.89571418 1.29049599 0.65025429
v 4.89644607 1.29805270 0.68852660
v 4.89729247 1.31968138 0.72099032
v 4.89812452 1.35208925 0.74270315
v 4.89881554 1.39034251 0.75035950
v 4.89911235 1.41034030 0.75038318
v 4.89955715 1.44861524 0.74281745
v 4.89968801 1.48108485 0.72118144
v 4.89948501 1.50280592 0.68876905
v 4.89897905 1.51047161 0.65051476
v 4.79984836 1.51160252 0.52254029
v 4.79883960 1.50404846 0.48427375
v 4.79791797 1.48242051 0.45181160
v 4.79722380 1.45001131 0.43009589
v 4.79686275 1.41175489 0.42243266
v 4.79677547 1.39175510 0.42240461
v 4.79680252 1.35347564 0.42996051
v 4.79721354 1.32100085 0.45158522
v 4.79794597 1.29927471 0.48398657
v 4.79888829 1.29160483 0.52223176
v 4.80220227 1.29140811 0.65218936
v 4.80321103 1.29896217 0.69045590
v 4.80413265 1.32059013 0.72291806
v 4.80482683 1.35299932 0.74463376
v 4.80518788 1.39125574 0.75229699
v 4.80527516 1.41125553 0.75232504
v 4.80524811 1.44953499 0.74476914
v 4.80483709 1.48200979 0.72314444
v 4.80410466 1.50373593 0.69074308
v 4.80316234 1.51140580 0.65249789
v 4.69718462 1.51152284 0.52562536
v 4.69586584 1.50396872 0.48736827
v 4.69481910 1.48234073 0.45490992
v 4.69420374 1.44993156 0.43319182
v 4.69411346 1.41167519 0.42552034
v 4.69420707 1.39167544 0.42548678
v 4.69465560 1.35339607 0.43302984
v 4.69557467 1.32092137 0.45463908
v 4.69682434 1.29919534 0.48702468
v 4.69821438 1.29152556 0.52525623
v 4.70281538 1.29132911 0.65517464
v 4.70413416 1.29888323 0.69343173
v 4.70518090 1.32051121 0.72589008
v 4.70579626 1.35292038 0.74760818
v 4.70588654 1.39117675 0.75527966
v 4.70579293 1.41117650 0.75531322
v 4.70534440 1.44945588 0.74777016
v 4.70442533 1.48193057 0.72616092
v 4.70317566 1.50365660 0.69377532
v 4.70178562 1.51132639 0.65554377
v 4.58731247 1.51059876 0.53006374
v 4.58566501 1.50304212 0.49181988
v 4.58442829 1.48141269 0.45936919
v 4.58379058 1.44900334 0.43765199
v 4.58384897 1.41074811 0.42997452
v 4.58405906 1.39074925 0.42993627
v 4.58480466 1.35247215 0.43746736
v 4.58612396 1.32000053 0.45906048
v 4.58781611 1.29827789 0.49142825
v 4.58962350 1.29061131 0.52964299
v 4.59549166 1.29042457 0.65951034
v 4.59713912 1.29798121 0.69775420
v 4.59837584 1.31961064 0.73020489
v 4.59901355 1.35201999 0.75192209
v 4.59895516 1.39027522 0.75959956
v 4.59874506 1.41027408 0.75963781
v 4.59799946 1.44855118 0.75210672
v 4.59668016 1.48102280 0.73051361
v 4.59498801 1.50274544 0.69814583
v 4.59318063 1.51041202 0.65993109
v 4.46908710 1.50910885 0.53592610
v 4.46716777 1.50154881 0.49769560
v 4.46575863 1.47991721 0.46525338
v 4.46507420 1.44750728 0.44353847
v 4.46521868 1.40925313 0.43585677
v 4.46550505 1.38925522 0.43581478
v 4.46645644 1.35098070 0.44333576
v 4.46806992 1.31851276 0.46491442
v 4.47009983 1.29679434 0.49726561
v 4.47223714 1.28913189 0.53546415
v 4.47912748 1.28895794 0.66528130
v 4.48104681 1.29651798 0.70351180
v 4.48245595 1.31814957 0.73595402
v 4.48314038 1.35055951 0.75766893
v 4.48299590 1.38881366 0.76535063
v 4.48270953 1.40881156 0.76539262
v 4.48175813 1.44708608 0.75787164
v 4.48014466 1.47955403 0.73629298
v 4.47811475 1.50127244 0.70394179
v 4.47597744 1.50893490 0.66574326
v 4.34322423 1.50707684 0.54301297
v 4.34111170 1.49951369 0.50479327
v 4.33958860 1.47788026 0.47235742
v 4.33888681 1.44547005 0.45064348
v 4.33911317 1.40721722 0.44295721
v 4.33946500 1.38722037 0.44291155
v 4.34058504 1.34894856 0.45042310
v 4.34242826 1.31648431 0.47198892
v 4.34471403 1.29477000 0.50432580
v 4.34709437 1.28711146 0.54251074
v 4.35472566 1.28694942 0.67228646
v 4.35683818 1.29451257 0.71050616
v 4.35836128 1.31614600 0.74294201
v 4.35906307 1.34855621 0.76465595
v 4.35883671 1.38680904 0.77234222
v 4.35848488 1.40680589 0.77238788
v 4.35736484 1.44507770 0.76487633
v 4.35552162 1.47754195 0.74331051
v 4.35323585 1.49925625 0.71097363
v 4.35085551 1.50691480 0.67278869
v 4.21053591 1.50452548 0.55112320
v 4.20829210 1.49695981 0.51291148
v 4.20670162 1.47532509 0.48047972
v 4.20600663 1.44291501 0.45876537
v 4.20631291 1.40466371 0.45107424
v 4.20672245 1.38466796 0.45102508
v 4.20798338 1.34639885 0.45852806
v 4.21000701 1.31393807 0.48008291
v 4.21248524 1.29222746 0.51240809
v 4.21504079 1.28457227 0.55058238
v 4.22319266 1.28442022 0.68032645
v 4.22543647 1.29198589 0.71853817
v 4.22702694 1.31362060 0.75096992
v 4.22772194 1.34603068 0.77268428
v 4.22741565 1.38428199 0.78037541
v 4.22700612 1.40427773 0.78042457
v 4.22574518 1.44254684 0.77292159
v 4.22372156 1.47500763 0.75136674
v 4.22124333 1.49671824 0.71904156
v 4.21868778 1.50437342 0.68086727
v 4.07184922 1.50147712 0.56005644
v 4.06952490 1.49390968 0.52184989
v 4.06790584 1.47227433 0.48941997
v 4.06723851 1.43986486 0.46770384
v 4.06762453 1.40161531 0.46000759
v 4.06808616 1.38162071 0.45995509
v 4.06946675 1.34335423 0.46745040
v 4.07163172 1.31089654 0.48899619
v 4.07425148 1.28918904 0.52131229
v 4.07692720 1.28153649 0.55947888
v 4.08541993 1.28139192 0.68920109
v 4.08774425 1.28895935 0.72740765
v 4.08936332 1.31059470 0.75983757
v 4.09003064 1.34300417 0.78155369
v 4.08964463 1.38125372 0.78924994
v 4.08918299 1.40124832 0.78930244
v 4.08780241 1.43951481 0.78180713
v 4.08563743 1.47197249 0.76026134
v 4.08301767 1.49368000 0.72794524
v 4.08034195 1.50133255 0.68977865
v 3.92800100 1.49795393 0.56961269
v 3.92563950 1.49038559 0.53140859
v 3.92402553 1.46875037 0.49897834
v 3.92340479 1.43634203 0.47725913
v 3.92387179 1.39809446 0.46955752
v 3.92438151 1.37810104 0.46950184
v 3.92586515 1.33983708 0.47699033
v 3.92813956 1.30738207 0.49852888
v 3.93085848 1.28567699 0.53083842
v 3.93360798 1.27802625 0.56900012
v 3.94228917 1.27788629 0.69870986
v 3.94465067 1.28545464 0.73691396
v 3.94626464 1.30708986 0.76934422
v 3.94688538 1.33949819 0.79106342
v 3.94641839 1.37774576 0.79876503
v 3.94590866 1.39773919 0.79882072
v 3.94442502 1.43600314 0.79133222
v 3.94215062 1.46845815 0.76979368
v 3.93943170 1.49016323 0.73748414
v 3.93668219 1.49781398 0.69932243
v 3.77983467 1.49397802 0.57959205
v 3.77747445 1.48640971 0.54138787
v 3.77589606 1.46477544 0.50895522
v 3.77533978 1.43236883 0.48723169
v 3.77589030 1.39412351 0.47952448
v 3.77644534 1.37413129 0.47946575
v 3.77801885 1.33586975 0.48694822
v 3.78037580 1.30341695 0.50848122
v 3.78315736 1.28171355 0.54078656
v 3.78594007 1.27406370 0.57894603
v 3.79467548 1.27392520 0.70865214
v 3.79703570 1.28149351 0.74685632
v 3.79861409 1.30312777 0.77928896
v 3.79917037 1.33553438 0.80101250
v 3.79861985 1.37377971 0.80871971
v 3.79806481 1.39377192 0.80877844
v 3.79649130 1.43203347 0.80129597
v 3.79413435 1.46448626 0.77976297
v 3.79135279 1.48618966 0.74745763
v 3.78857008 1.49383951 0.70929815
v 3.62819830 1.48957142 0.58979466
v 3.62587484 1.48200418 0.55158802
v 3.62436073 1.46037178 0.51915106
v 3.62388648 1.42796756 0.49742203
v 3.62452430 1.38972477 0.48970897
v 3.62512286 1.36973382 0.48964732
v 3.62677564 1.33147458 0.49712447
v 3.62919176 1.29902350 0.51865350
v 3.63200338 1.27732098 0.55095683
v 3.63478247 1.26967102 0.58911655
v 3.64344932 1.26953052 0.71882725
v 3.64577278 1.27709776 0.75703389
v 3.64728689 1.29873016 0.78947085
v 3.64776113 1.33113438 0.81119988
v 3.64712331 1.36937718 0.81891295
v 3.64652475 1.38936812 0.81897459
v 3.64487197 1.42762737 0.81149744
v 3.64245586 1.46007844 0.78996841
v 3.63964423 1.48178097 0.75766508
v 3.63686514 1.48943093 0.71950537
v 3.47394340 1.48475621 0.60002067
v 3.47169064 1.47719118 0.56180935
v 3.47026887 1.45556166 0.52936629
v 3.46989456 1.42316056 0.50763066
v 3.47062469 1.38492065 0.49991150
v 3.47126584 1.36493103 0.49984703
v 3.47298925 1.32667399 0.50731952
v 3.47544357 1.29422410 0.52884603
v 3.47825515 1.27252158 0.56114936
v 3.48099595 1.26487043 0.59931160
v 3.48947769 1.26472415 0.72903453
v 3.49173045 1.27228919 0.76724585
v 3.49315222 1.29391870 0.79968891
v 3.49352652 1.32631980 0.82142454
v 3.49279640 1.36455972 0.82914371
v 3.49215525 1.38454933 0.82920817
v 3.49043184 1.42280637 0.82173568
v 3.48797752 1.45525626 0.80020917
v 3.48516594 1.47695878 0.76790584
v 3.48242514 1.48460994 0.72974360
v 3.31792414 1.47955446 0.61007018
v 3.31577574 1.47199290 0.57185216
v 3.31447471 1.45036741 0.53940136
v 3.31421914 1.41797027 0.51765810
v 3.31504792 1.37973365 0.50993260
v 3.31573145 1.35974545 0.50986542
v 3.31751841 1.32149052 0.51733383
v 3.31999151 1.28904127 0.53885914
v 3.32277424 1.26733778 0.57116431
v 3.32544295 1.25968422 0.60933119
v 3.33362496 1.25952795 0.73907336
v 3.33577337 1.26708951 0.77729137
v 3.33707439 1.28871500 0.80974218
v 3.33732997 1.32111214 0.83148543
v 3.33650118 1.35934876 0.83921093
v 3.33581766 1.37933697 0.83927811
v 3.33403069 1.41759189 0.83180970
v 3.33155759 1.45004114 0.81028440
v 3.32877487 1.47174463 0.77797922
v 3.32610616 1.47939819 0.73981234
v 3.16099686 1.47398829 0.61974331
v 3.15898734 1.46643166 0.58151677
v 3.15783670 1.44481150 0.54905672
v 3.15772014 1.41241929 0.52730493
v 3.15865539 1.37418645 0.51957290
v 3.15938182 1.35419977 0.51950308
v 3.16122650 1.31594690 0.52696794
v 3.16369978 1.28349764 0.54849324
v 3.16642511 1.26179212 0.58080194
v 3.16898760 1.25413479 0.61897534
v 3.17675332 1.25396375 0.74874307
v 3.17876285 1.26152038 0.78696961
v 3.17991348 1.28314054 0.81942965
v 3.18003004 1.31553275 0.84118145
v 3.17909479 1.35376559 0.84891348
v 3.17836836 1.37375227 0.84898330
v 3.17652368 1.41200515 0.84151844
v 3.17405041 1.44445440 0.81999314
v 3.17132507 1.46615992 0.78768444
v 3.16876258 1.47381725 0.74951104
v 3.00401984 1.46807987 0.62884019
v 3.00218568 1.46052984 0.59060353
v 3.00121731 1.43891655 0.55813297
v 3.00126216 1.40653042 0.53637186
v 3.00231338 1.36830194 0.52863313
v 3.00308394 1.34831692 0.52856077
v 3.00498152 1.31006604 0.53602258
v 3.00743655 1.27761610 0.55754893
v 3.01007528 1.25590732 0.58986263
v 3.01249599 1.24824465 0.62804421
v 3.01972302 1.24805333 0.75784303
v 3.02155717 1.25560335 0.79607969
v 3.02252554 1.27721664 0.82855025
v 3.02248070 1.30960277 0.85031136
v 3.02142947 1.34783125 0.85805008
v 3.02065891 1.36781627 0.85812244
v 3.01876134 1.40606715 0.85066064
v 3.01630630 1.43851709 0.82913429
v 3.01366757 1.46022587 0.79682059
v 3.01124686 1.46788854 0.75863901
v 2.84785315 1.46185145 0.63716100
v 2.84623405 1.45431000 0.59891293
v 2.84548310 1.43270539 0.56643085
v 2.84571460 1.40032671 0.54465984
v 2.84689333 1.36210332 0.53691435
v 2.84770999 1.34212014 0.53683955
v 2.84965649 1.30387121 0.54429876
v 2.85207442 1.27141979 0.56582708
v 2.85459568 1.24970632 0.59814701
v 2.85683643 1.24203647 0.63633813
v 2.86339249 1.24181837 0.76617252
v 2.86501159 1.24935981 0.80442059
v 2.86576255 1.27096443 0.83690268
v 2.86553104 1.30334311 0.85867368
v 2.86435231 1.34156650 0.86641917
v 2.86353565 1.36154968 0.86649398
v 2.86158915 1.39979861 0.85903476
v 2.85917122 1.43225002 0.83750644
v 2.85664996 1.45396350 0.80518652
v 2.85440922 1.46163334 0.76699539
v 2.69335879 1.45532538 0.64450601
v 2.69199903 1.44779490 0.60624569
v 2.69150515 1.42620115 0.57375145
v 2.69195235 1.39383159 0.55197025
v 2.69327253 1.35561418 0.54421808
v 2.69413809 1.33563307 0.54414096
v 2.69613027 1.29738607 0.55159802
v 2.69849117 1.26493224 0.57312903
v 2.70086135 1.24321238 0.60545610
v 2.70287998 1.23553314 0.64365772
v 2.70861829 1.23528047 0.77353076
v 2.70997805 1.24281095 0.81179108
v 2.71047193 1.26440470 0.84428532
v 2.71002474 1.29677426 0.86606652
v 2.70870456 1.33499167 0.87381869
v 2.70783899 1.35497278 0.87389581
v 2.70584681 1.39321978 0.86643876
v 2.70348591 1.42567361 0.84490774
v 2.70111573 1.44739347 0.81258068
v 2.69909710 1.45507271 0.77437906
v 2.54140084 1.44852416 0.65067567
v 2.54035100 1.44100756 0.61240286
v 2.54015995 1.41942738 0.57989643
v 2.54085676 1.38706900 0.55810517
v 2.54233536 1.34885869 0.55034661
v 2.54325358 1.32887993 0.55026737
v 2.54528886 1.29063487 0.55772269
v 2.54757097 1.25817751 0.57925688
v 2.54975248 1.23644920 0.61159155
v 2.55150128 1.22875787 0.64980404
v 2.55625485 1.22846109 0.77971676
v 2.55730469 1.23597768 0.81798957
v 2.55749574 1.25755786 0.85049601
v 2.55679893 1.28991625 0.87228727
v 2.55532033 1.32812656 0.88004582
v 2.55440211 1.34810531 0.88012506
v 2.55236683 1.38635038 0.87266975
v 2.55008472 1.41880774 0.85113556
v 2.54790321 1.44053605 0.81880089
v 2.54615441 1.44822737 0.78058840
v 2.39278494 1.44146758 0.65547259
v 2.39206961 1.43396689 0.61718895
v 2.39220626 1.41240229 0.58467190
v 2.39317408 1.38005679 0.56287187
v 2.39482573 1.34185471 0.55510771
v 2.39580191 1.32187871 0.55502659
v 2.39788594 1.28363596 0.56248033
v 2.40008507 1.25117466 0.58401720
v 2.40206452 1.22943674 0.61635842
v 2.40352292 1.22173161 0.65458031
v 2.40721506 1.22138436 0.78452741
v 2.40793039 1.22888505 0.82281105
v 2.40779374 1.25044965 0.85532810
v 2.40682592 1.28279515 0.87712813
v 2.40517427 1.32099723 0.88489229
v 2.40419809 1.34097323 0.88497341
v 2.40211406 1.37921598 0.87751967
v 2.39991493 1.41167729 0.85598280
v 2.39793548 1.43341520 0.82364158
v 2.39647708 1.44112034 0.78541969
v 2.24602722 1.43405591 0.65902896
v 2.24560844 1.42657019 0.62073800
v 2.24604283 1.40502063 0.58821360
v 2.24726426 1.37268793 0.56640730
v 2.24908677 1.33449448 0.55863892
v 2.25012383 1.31452155 0.55855630
v 2.25226998 1.27628194 0.56600851
v 2.25441302 1.24381780 0.58754677
v 2.25622669 1.22207152 0.61989207
v 2.25743489 1.21435375 0.65812015
v 2.26019837 1.21395961 0.78809018
v 2.26061715 1.22144532 0.82638114
v 2.26018276 1.24299489 0.85890554
v 2.25896133 1.27532758 0.88071184
v 2.25713881 1.31352104 0.88848022
v 2.25610175 1.33349396 0.88856284
v 2.25395561 1.37173358 0.88111063
v 2.25181257 1.40419771 0.85957237
v 2.24999889 1.42594400 0.82722707
v 2.24879070 1.43366177 0.78899899
v 2.09912758 1.42619417 0.66166985
v 2.09895710 1.41872173 0.62337439
v 2.09964669 1.39718581 0.59084535
v 2.10109136 1.36486506 0.56903501
v 2.10307118 1.32668001 0.56126378
v 2.10416697 1.30671023 0.56118009
v 2.10638053 1.26847422 0.56863108
v 2.10849083 1.23600833 0.59016993
v 2.11017660 1.21425521 0.62251755
v 2.11118120 1.20652655 0.66074932
v 2.11317711 1.20609137 0.79073327
v 2.11334759 1.21356380 0.82902874
v 2.11265800 1.23509973 0.86155777
v 2.11121333 1.26742048 0.88336812
v 2.10923350 1.30560552 0.89113935
v 2.10813772 1.32557531 0.89122303
v 2.10592416 1.36381132 0.88377205
v 2.10381386 1.39627720 0.86223320
v 2.10212808 1.41803033 0.82988557
v 2.10112349 1.42575898 0.79165380
v 1.95205971 1.41790658 0.66348870
v 1.95211134 1.41044664 0.62519045
v 1.95303112 1.38892368 0.59265853
v 1.95467901 1.35661437 0.57084564
v 1.95680414 1.31843751 0.56307259
v 1.95795495 1.29847082 0.56298822
v 1.96023378 1.26023849 0.57043838
v 1.96231939 1.22777121 0.59197754
v 1.96389425 1.20601184 0.62432656
v 1.96471861 1.19827304 0.66256058
v 1.96603111 1.19779937 0.79255310
v 1.96597948 1.20525930 0.83085135
v 1.96505970 1.22678226 0.86338326
v 1.96341181 1.25909157 0.88519616
v 1.96128668 1.29726844 0.89296921
v 1.96013587 1.31723512 0.89305358
v 1.95785704 1.35546746 0.88560342
v 1.95577143 1.38793473 0.86406425
v 1.95419657 1.40969411 0.83171524
v 1.95337221 1.41743291 0.79348121
v 1.80475039 1.40921497 0.66458017
v 1.80499772 1.40176658 0.62628044
v 1.80612241 1.38025570 0.59374697
v 1.80795325 1.34795717 0.57193269
v 1.81021150 1.30978816 0.56415863
v 1.81141357 1.28982449 0.56407387
v 1.81375543 1.25159588 0.57152356
v 1.81582438 1.21912762 0.59306285
v 1.81730544 1.19736271 0.62541257
v 1.81797313 1.18961468 0.66364779
v 1.81868711 1.18910572 0.79364483
v 1.81843978 1.19655412 0.83194456
v 1.81731509 1.21806500 0.86447803
v 1.81548425 1.25036352 0.88629231
v 1.81322600 1.28853254 0.89406637
v 1.81202393 1.30849620 0.89415113
v 1.80968207 1.34672482 0.88670144
v 1.80761312 1.37919308 0.86516215
v 1.80613206 1.40095798 0.83281243
v 1.80546437 1.40870602 0.79457721
v 1.65712647 1.40014122 0.66503897
v 1.65754292 1.39270321 0.62673869
v 1.65884710 1.37120336 0.59420463
v 1.66084044 1.33891481 0.57238982
v 1.66321950 1.30075322 0.56461537
v 1.66446899 1.28079247 0.56453045
v 1.66687157 1.24256758 0.57197994
v 1.66893188 1.21009879 0.59351926
v 1.67033628 1.18832918 0.62586924
v 1.67087096 1.18057297 0.66410488
v 1.67107177 1.18003250 0.79410360
v 1.67065532 1.18747051 0.83240389
v 1.66935115 1.20897036 0.86493795
v 1.66735780 1.24125891 0.88675275
v 1.66497875 1.27942050 0.89452721
v 1.66372925 1.29938125 0.89461212
v 1.66132668 1.33760614 0.88716264
v 1.65926636 1.37007493 0.86562332
v 1.65786196 1.39184454 0.83327334
v 1.65732728 1.39960075 0.79503770
v 1.50911489 1.39070721 0.66495986
v 1.50967382 1.38327828 0.62665963
v 1.51113194 1.36178823 0.59412563
v 1.51326727 1.32950873 0.57231088
v 1.51575472 1.29135403 0.56453646
v 1.51704778 1.27139606 0.56445156
v 1.51950865 1.23317488 0.57190107
v 1.52156832 1.20070605 0.59344039
v 1.52291320 1.17893265 0.62579034
v 1.52333855 1.17116948 0.66402595
v 1.52311167 1.17060177 0.79402451
v 1.52255274 1.17803070 0.83232475
v 1.52109462 1.19952075 0.86485874
v 1.51895929 1.23180025 0.88667350
v 1.51647185 1.26995494 0.89444791
v 1.51517879 1.28991292 0.89453281
v 1.51271791 1.32813409 0.88708330
v 1.51065825 1.36060292 0.86554399
v 1.50931337 1.38237633 0.83319403
v 1.50888801 1.39013950 0.79495843
v 1.36064263 1.38093483 0.66443764
v 1.36131743 1.37351352 0.62613779
v 1.36290396 1.35203192 0.59360422
v 1.36516071 1.31976040 0.57178988
v 1.36774409 1.28161202 0.56401578
v 1.36907681 1.26165665 0.56393102
v 1.37159353 1.22343915 0.57138071
v 1.37366044 1.19097080 0.59292005
v 1.37496288 1.16919460 0.62526987
v 1.37530256 1.16142580 0.66350519
v 1.37473335 1.16083557 0.79350260
v 1.37405855 1.16825688 0.83180244
v 1.37247201 1.18973848 0.86433601
v 1.37021527 1.22201000 0.88615036
v 1.36763189 1.26015838 0.89392445
v 1.36629917 1.28011375 0.89400922
v 1.36378245 1.31833125 0.88655952
v 1.36171553 1.35079960 0.86502018
v 1.36041310 1.37257580 0.83267037
v 1.36007342 1.38034460 0.79443505
v 1.21163673 1.37084601 0.66356713
v 1.21240088 1.36343074 0.62526779
v 1.21409038 1.34195611 0.59273481
v 1.21644802 1.30969142 0.57092104
v 1.21911486 1.27154868 0.56314742
v 1.22048332 1.25159573 0.56306286
v 1.22305337 1.21338184 0.57051286
v 1.22513535 1.18091451 0.59205228
v 1.22641230 1.15913659 0.62440195
v 1.22668983 1.15136358 0.66263692
v 1.22586327 1.15075593 0.79263287
v 1.22509912 1.15817120 0.83093221
v 1.22340962 1.17964584 0.86346519
v 1.22105198 1.21191053 0.88527896
v 1.21838514 1.25005326 0.89305258
v 1.21701668 1.27000621 0.89313714
v 1.21444663 1.30822010 0.88568714
v 1.21236465 1.34068744 0.86414772
v 1.21108770 1.36246536 0.83179805
v 1.21081017 1.37023837 0.79356308
v 1.06202428 1.36046267 0.66244324
v 1.06285147 1.35305178 0.62414437
v 1.06461863 1.33158253 0.59161195
v 1.06705672 1.29932342 0.56979877
v 1.06979458 1.26118561 0.56202568
v 1.07119486 1.24123487 0.56194134
v 1.07381566 1.20302449 0.56939172
v 1.07592041 1.17055874 0.59093131
v 1.07718869 1.14878022 0.62328092
v 1.07742740 1.14100451 0.66151560
v 1.07642787 1.14038488 0.79151028
v 1.07560068 1.14779577 0.82980915
v 1.07383352 1.16926502 0.86234156
v 1.07139543 1.20152413 0.88415474
v 1.06865757 1.23966194 0.89192784
v 1.06725729 1.25961268 0.89201217
v 1.06463649 1.29782306 0.88456180
v 1.06253174 1.33028881 0.86302220
v 1.06126346 1.35206733 0.83067260
v 1.06102474 1.35984303 0.79243792
v 0.91173244 1.34980678 0.66116088
v 0.91259659 1.34239850 0.62286232
v 0.91441632 1.32093297 0.59033035
v 0.91691460 1.28867813 0.56851767
v 0.91971108 1.25054447 0.56074506
v 0.92113927 1.23059571 0.56066097
v 0.92380822 1.19238875 0.56811174
v 0.92594331 1.15992514 0.58965159
v 0.92721951 1.13814718 0.62200126
v 0.92744250 1.13037036 0.66023581
v 0.92635349 1.12974439 0.79022974
v 0.92548935 1.13715266 0.82852831
v 0.92366962 1.15861819 0.86106028
v 0.92117134 1.19087303 0.88287296
v 0.91837486 1.22900669 0.89064556
v 0.91694667 1.24895545 0.89072966
v 0.91427772 1.28716242 0.88327888
v 0.91214262 1.31962602 0.86173903
v 0.91086643 1.34140398 0.82938936
v 0.91064343 1.34918080 0.79115481
v 0.76068841 1.33890029 0.65981503
v 0.76156377 1.33149282 0.62151657
v 0.76341127 1.31002930 0.58898484
v 0.76594965 1.27777735 0.56717251
v 0.76879248 1.23964704 0.55940031
v 0.77024467 1.21970000 0.55931642
v 0.77295914 1.18149632 0.56676760
v 0.77513200 1.14903544 0.58830778
v 0.77643245 1.12725924 0.62065766
v 0.77666251 1.11948293 0.65889227
v 0.77556647 1.11885644 0.78888614
v 0.77469112 1.12626391 0.82718461
v 0.77284361 1.14772743 0.85971633
v 0.77030523 1.17997938 0.88152866
v 0.76746240 1.21810969 0.88930086
v 0.76601021 1.23805673 0.88938475
v 0.76329574 1.27626040 0.88193357
v 0.76112289 1.30872128 0.86039340
v 0.75982243 1.33049749 0.82804351
v 0.75959237 1.33827380 0.78980890
v 0.60881943 1.32776519 0.65850069
v 0.60968063 1.32035668 0.62020210
v 0.61153145 1.29889341 0.58767040
v 0.61409013 1.26664294 0.56585825
v 0.61696714 1.22851514 0.55808634
v 0.61843946 1.20856958 0.55800262
v 0.62119679 1.17036904 0.56545416
v 0.62341466 1.13791146 0.58699472
v 0.62475544 1.11613820 0.61934495
v 0.62501498 1.10836406 0.65757981
v 0.62399307 1.10774300 0.78757431
v 0.62313187 1.11515151 0.82587290
v 0.62128105 1.13661479 0.85840460
v 0.61872237 1.16886525 0.88021675
v 0.61584536 1.20699306 0.88798866
v 0.61437304 1.22693861 0.88807238
v 0.61161571 1.26513915 0.88062084
v 0.60939784 1.29759673 0.85908028
v 0.60805706 1.31936999 0.82673005
v 0.60779752 1.32714414 0.78849519
v 0.45605279 1.31642349 0.65731290
v 0.45687490 1.30901208 0.61901401
v 0.45870500 1.28754727 0.58648216
v 0.46126447 1.25529686 0.56467001
v 0.46416365 1.21717070 0.55689827
v 0.46565227 1.19722635 0.55681467
v 0.46844979 1.15902880 0.56426652
v 0.47071976 1.12657508 0.58580748
v 0.47211658 1.10480598 0.61815813
v 0.47242761 1.09703566 0.65639338
v 0.47155952 1.09642602 0.78638906
v 0.47073740 1.10383742 0.82468794
v 0.46890730 1.12530224 0.85721980
v 0.46634784 1.15755264 0.87903195
v 0.46344865 1.19567880 0.88680369
v 0.46196003 1.21562315 0.88688728
v 0.45916251 1.25382071 0.87943543
v 0.45689255 1.28627442 0.85789448
v 0.45549572 1.30804352 0.82554382
v 0.45518469 1.31581385 0.78730857
v 0.30231580 1.30489719 0.65634673
v 0.30307442 1.29748103 0.61804745
v 0.30486021 1.27601289 0.58551532
v 0.30740131 1.24376111 0.56370306
v 0.31031086 1.20563573 0.55593138
v 0.31181199 1.18569232 0.55584787
v 0.31464703 1.14749757 0.56329994
v 0.31697595 1.11504827 0.58484126
v 0.31844419 1.09328453 0.61719235
v 0.31882824 1.08551967 0.65542806
v 0.31819201 1.08492741 0.78542515
v 0.31743339 1.09234357 0.82372442
v 0.31564760 1.11381171 0.85625655
v 0.31310650 1.14606349 0.87806881
v 0.31019695 1.18418887 0.88584049
v 0.30869582 1.20413228 0.88592401
v 0.30586079 1.24232703 0.87847193
v 0.30353187 1.27477633 0.85693061
v 0.30206362 1.29654007 0.82457952
v 0.30167957 1.30430492 0.78634382
v 0.14753583 1.29320834 0.65569727
v 0.14820710 1.28578558 0.61739765
v 0.14992552 1.26431236 0.58486525
v 0.15242949 1.23205778 0.56305283
v 0.15533780 1.19393230 0.55528115
v 0.15684771 1.17398955 0.55519767
v 0.15971759 1.13579744 0.56264989
v 0.16211212 1.10335309 0.58419147
v 0.16366677 1.08159587 0.61654291
v 0.16414485 1.07383811 0.65477899
v 0.16381671 1.07326909 0.78477734
v 0.16314544 1.08069185 0.82307696
v 0.16142701 1.10216507 0.85560936
v 0.15892305 1.13441965 0.87742178
v 0.15601474 1.17254513 0.88519346
v 0.15450483 1.19248788 0.88527694
v 0.15163495 1.23067999 0.87782472
v 0.14924042 1.26312434 0.85628314
v 0.14768577 1.28488156 0.82393170
v 0.14720769 1.29263932 0.78569561
v -0.00826656 1.28138605 0.65545975
v -0.00767945 1.27395693 0.61715997
v -0.00603445 1.25247816 0.58462744
v -0.00358199 1.22021968 0.56281494
v -0.00069546 1.18209256 0.55504322
v 0.00081172 1.16214960 0.55495973
v 0.00369289 1.12395834 0.56241197
v 0.00613007 1.09151722 0.58395363
v 0.00775221 1.06976510 0.61630519
v 0.00831236 1.06201355 0.65454141
v 0.00826656 1.06146589 0.78454025
v 0.00767945 1.06889501 0.82284003
v 0.00603445 1.09037378 0.85537256
v 0.00358199 1.12263226 0.87718506
v 0.00069546 1.16075939 0.88495678
v -0.00081172 1.18070234 0.88504027
v -0.00369289 1.21889360 0.87758803
v -0.00613007 1.25133473 0.85604637
v -0.00775221 1.27308684 0.82369481
v -0.00831236 1.28083839 0.78545859
v -0.16707479 1.26943272 0.65548612
v -0.16653109 1.26200033 0.61718634
v -0.16493569 1.24051783 0.58465380
v -0.16253150 1.20825573 0.56284128
v -0.15968451 1.17012563 0.55506956
v -0.15819416 1.15018141 0.55498607
v -0.15533782 1.11198828 0.56243830
v -0.15290697 1.07954669 0.58397996
v -0.15127168 1.05779556 0.61633152
v -0.15068092 1.05004630 0.65456775
v -0.15060099 1.04950809 0.78456661
v -0.15114470 1.05694048 0.82286640
v -0.15274009 1.07842298 0.85539894
v -0.15514428 1.11068508 0.87721145
v -0.15799127 1.14881518 0.88498318
v -0.15948162 1.16875940 0.88506667
v -0.16233796 1.20695253 0.87761443
v -0.16476882 1.23939412 0.85607277
v -0.16640410 1.26114525 0.82372121
v -0.16699486 1.26889451 0.78548498
v -0.33043044 1.25731161 0.65555816
v -0.32990166 1.24987812 0.61725838
v -0.32833099 1.22839378 0.58472585
v -0.32595755 1.19612939 0.56291335
v -0.32314266 1.15799690 0.55514164
v -0.32166816 1.13805151 0.55505816
v -0.31884038 1.09985626 0.56251040
v -0.31643020 1.06741312 0.58405207
v -0.31480456 1.04566128 0.61640364
v -0.31421094 1.03791224 0.65463987
v -0.31410081 1.03737627 0.78463872
v -0.31462959 1.04480976 0.82293849
v -0.31620026 1.06629410 0.85547102
v -0.31857370 1.09855849 0.87728352
v -0.32138859 1.13669098 0.88505524
v -0.32286309 1.15663637 0.88513872
v -0.32569087 1.19483162 0.87768647
v -0.32810105 1.22727476 0.85614480
v -0.32972669 1.24902661 0.82379324
v -0.33032031 1.25677564 0.78555701
v -0.49754803 1.24500115 0.65566537
v -0.49702775 1.23756703 0.61736560
v -0.49546869 1.21608184 0.58483308
v -0.49310819 1.18381649 0.56302059
v -0.49030561 1.14568310 0.55524888
v -0.48883689 1.12573728 0.55516540
v -0.48601891 1.08754130 0.56261766
v -0.48361454 1.05509774 0.58415933
v -0.48198982 1.03334583 0.61651089
v -0.48139210 1.02559709 0.65474712
v -0.48126056 1.02506270 0.78474596
v -0.48178084 1.03249682 0.82304573
v -0.48333991 1.05398202 0.85557825
v -0.48570041 1.08624737 0.87739074
v -0.48850298 1.12438076 0.88516245
v -0.48997170 1.14432658 0.88524592
v -0.49278968 1.18252255 0.87779367
v -0.49519405 1.21496612 0.85625200
v -0.49681877 1.23671803 0.82390044
v -0.49741649 1.24446677 0.78566421
v -0.66754541 1.23248698 0.65579723
v -0.66702770 1.22505267 0.61749746
v -0.66546806 1.20356752 0.58496494
v -0.66310391 1.17130244 0.56315244
v -0.66029519 1.13316950 0.55538073
v -0.65882284 1.11322395 0.55529725
v -0.65599713 1.07502854 0.56274950
v -0.65358464 1.04258558 0.58429116
v -0.65195263 1.02083420 0.61664272
v -0.65134957 1.01308586 0.65487895
v -0.65120459 1.01255246 0.78487777
v -0.65172230 1.01998677 0.82317754
v -0.65328194 1.04147193 0.85571006
v -0.65564609 1.07373700 0.87752256
v -0.65845481 1.11186994 0.88529427
v -0.65992716 1.13181550 0.88537775
v -0.66275287 1.17001090 0.87792550
v -0.66516536 1.20245386 0.85638384
v -0.66679737 1.22420524 0.82403228
v -0.66740043 1.23195358 0.78579605
v -0.83954207 1.21975453 0.65594319
v -0.83902131 1.21232045 0.61764342
v -0.83744940 1.19083620 0.58511088
v -0.83506566 1.15857258 0.56329837
v -0.83223299 1.12044142 0.55552664
v -0.83074794 1.10049680 0.55544315
v -0.82789759 1.06230323 0.56289538
v -0.82546349 1.02986186 0.58443702
v -0.82381623 1.00811162 0.61678857
v -0.82320657 1.00036376 0.65502479
v -0.82305558 0.99983081 0.78502361
v -0.82357635 1.00726489 0.82332338
v -0.82514826 1.02874914 0.85585591
v -0.82753200 1.06101276 0.87766842
v -0.83036467 1.09914393 0.88544016
v -0.83184971 1.11908854 0.88552365
v -0.83470007 1.15728212 0.87807142
v -0.83713416 1.18972348 0.85652977
v -0.83878143 1.21147373 0.82417823
v -0.83939109 1.21922158 0.78594201
v -1.01265900 1.20678907 0.65609270
v -1.01212964 1.19935563 0.61779292
v -1.01053390 1.17787318 0.58526037
v -1.00811474 1.14561221 0.56344783
v -1.00524045 1.10748417 0.55567606
v -1.00373368 1.08754118 0.55559255
v -1.00084184 1.04935072 0.56304474
v -0.99837271 1.01691198 0.58458636
v -0.99670218 0.99516348 0.61693789
v -0.99608460 0.98741622 0.65517410
v -0.99593475 0.98688319 0.78517292
v -0.99646411 0.99431662 0.82347270
v -0.99805985 1.01579908 0.85600525
v -1.00047901 1.04806005 0.87781780
v -1.00335330 1.08618809 0.88558956
v -1.00486007 1.10613108 0.88567307
v -1.00775191 1.14432154 0.87822088
v -1.01022104 1.17676027 0.85667926
v -1.01189157 1.19850877 0.82432774
v -1.01250915 1.20625603 0.78609152
v -1.18601856 1.19357570 0.65623522
v -1.18547499 1.18614335 0.61793543
v -1.18384364 1.16466361 0.58540285
v -1.18137288 1.13240658 0.56359026
v -1.17843886 1.09428310 0.55581845
v -1.17690113 1.07434248 0.55573492
v -1.17395052 1.03615650 0.56318706
v -1.17143253 1.00372149 0.58472864
v -1.16973049 0.98197540 0.61708014
v -1.16910354 0.97422885 0.65531634
v -1.16896191 0.97369519 0.78531517
v -1.16950548 0.98112754 0.82361496
v -1.17113683 1.00260728 0.85614754
v -1.17360759 1.03486431 0.87796013
v -1.17654161 1.07298779 0.88573194
v -1.17807934 1.09292841 0.88581547
v -1.18102995 1.13111439 0.87836333
v -1.18354794 1.16354939 0.85682176
v -1.18524998 1.18529549 0.82447025
v -1.18587693 1.19304203 0.78623405
v -1.35874454 1.18009933 0.65636018
v -1.35818092 1.17266854 0.61806037
v -1.35650159 1.15119255 0.58552776
v -1.35396221 1.11894089 0.56371513
v -1.35094937 1.08082357 0.55594326
v -1.34937093 1.06088613 0.55585969
v -1.34634332 1.02270617 0.56331178
v -1.34376185 0.99027612 0.58485331
v -1.34201955 0.96853317 0.61720479
v -1.34138164 0.96078748 0.65544098
v -1.34125546 0.96025261 0.78543982
v -1.34181908 0.96768340 0.82373963
v -1.34349841 0.98915939 0.85627224
v -1.34603779 1.02141106 0.87808487
v -1.34905063 1.05952838 0.88585674
v -1.35062907 1.07946582 0.88594031
v -1.35365668 1.11764578 0.87848822
v -1.35623815 1.15007582 0.85694669
v -1.35798045 1.17181877 0.82459521
v -1.35861836 1.17956446 0.78635902
v -1.52996230 1.16634465 0.65645701
v -1.52937238 1.15891598 0.61815719
v -1.52763172 1.13744493 0.58562454
v -1.52500531 1.10520027 0.56381186
v -1.52189301 1.06709095 0.55603993
v -1.52026329 1.04715763 0.55595634
v -1.51713891 1.00898546 0.56340838
v -1.51447812 0.97656180 0.58494986
v -1.51268599 0.95482286 0.61730131
v -1.51203535 0.94707820 0.65553750
v -1.51193223 0.94654147 0.78553635
v -1.51252215 0.95397014 0.82383617
v -1.51426281 0.97544119 0.85636882
v -1.51688922 1.00768586 0.87818150
v -1.52000152 1.04579518 0.88595343
v -1.52163124 1.06572849 0.88603702
v -1.52475562 1.10390066 0.87858498
v -1.52741641 1.13632432 0.85704349
v -1.52920855 1.15806326 0.82469205
v -1.52985918 1.16580793 0.78645586
v -1.69879906 1.15229608 0.65651512
v -1.69817595 1.14487017 0.61821529
v -1.69635919 1.12340546 0.58568262
v -1.69362536 1.09116975 0.56386990
v -1.69039067 1.05307064 0.55609794
v -1.68869793 1.03314257 0.55601433
v -1.68545483 0.99498030 0.56346632
v -1.68269704 0.96256472 0.58500778
v -1.68084442 0.94083082 0.61735921
v -1.68017902 0.93308739 0.65559539
v -1.68010719 0.93254806 0.78559425
v -1.68073030 0.93997396 0.82389408
v -1.68254706 0.96143867 0.85642676
v -1.68528089 0.99367438 0.87823947
v -1.68851558 1.03177350 0.88601144
v -1.69020832 1.05170156 0.88609505
v -1.69345142 1.08986383 0.87864305
v -1.69620921 1.12227941 0.85710160
v -1.69806183 1.14401331 0.82475017
v -1.69872723 1.15175674 0.78651398
v -1.86438432 1.13793762 0.65652393
v -1.86372024 1.13051528 0.61822409
v -1.86181063 1.10905863 0.58569142
v -1.85894621 1.07683427 0.56387870
v -1.85556306 1.03874805 0.55610673
v -1.85379397 1.01882662 0.55602311
v -1.85040715 0.98067683 0.56347510
v -1.84753225 0.94827142 0.58501656
v -1.84560698 0.92654384 0.61736798
v -1.84492442 0.91880190 0.65560416
v -1.84489303 0.91825905 0.78560303
v -1.84555710 0.92568139 0.82390286
v -1.84746671 0.94713804 0.85643554
v -1.85033113 0.97936240 0.87824826
v -1.85371429 1.01744862 0.88602023
v -1.85548337 1.03737005 0.88610384
v -1.85887020 1.07551984 0.87865185
v -1.86174509 1.10792525 0.85711040
v -1.86367037 1.12965283 0.82475897
v -1.86435292 1.13739477 0.78652279
v -2.02585047 1.12325278 0.65647279
v -2.02513645 1.11583499 0.61817297
v -2.02311456 1.09438858 0.58564033
v -2.02009263 1.06217857 0.56382767
v -2.01653072 1.02410864 0.55605576
v -2.01466977 1.00419558 0.55597217
v -2.01111014 0.96606153 0.56342422
v -2.00809471 0.93366894 0.58496572
v -2.00608256 0.91194927 0.61731717
v -2.00538002 0.90420915 0.65555337
v -2.00539953 0.90366166 0.78555221
v -2.00611355 0.91107945 0.82385203
v -2.00813544 0.93252587 0.85638467
v -2.01115737 0.96473588 0.87819733
v -2.01471928 1.00280581 0.88596924
v -2.01658023 1.02271887 0.88605283
v -2.02013986 1.06085291 0.87860078
v -2.02315529 1.09324551 0.85705928
v -2.02516744 1.11496518 0.82470783
v -2.02586998 1.12270530 0.78647163
v -2.18233386 1.10822428 0.65635104
v -2.18155926 1.10081232 0.61805127
v -2.17940205 1.07937893 0.58551874
v -2.17619064 1.04718715 0.56370623
v -2.17241394 1.00913790 0.55593449
v -2.17044267 0.98923546 0.55585099
v -2.16667565 0.95112137 0.56330321
v -2.16349181 0.91874498 0.58484484
v -2.16137584 0.89703531 0.61719638
v -2.16064990 0.88929744 0.65543259
v -2.16073255 0.88874387 0.78543138
v -2.16150714 0.89615584 0.82373115
v -2.16366436 0.91758923 0.85626368
v -2.16687576 0.94978100 0.87807620
v -2.17065246 0.98783026 0.88584793
v -2.17262373 1.00773270 0.88593143
v -2.17639075 1.04584678 0.87847922
v -2.17957460 1.07822317 0.85693758
v -2.18169056 1.09993285 0.82458604
v -2.18241650 1.10767072 0.78634983
v -2.33297619 1.09283367 0.65614794
v -2.33212816 1.08542923 0.61784827
v -2.32980765 1.06401257 0.58531597
v -2.32636794 1.03184417 0.56350377
v -2.32233269 0.99382139 0.55573238
v -2.32022868 0.97393255 0.55564907
v -2.31621222 0.93584401 0.56310163
v -2.31282603 0.90348834 0.58464354
v -2.31058562 0.88179141 0.61699525
v -2.30983207 0.87405637 0.65523150
v -2.30999256 0.87349483 0.78523018
v -2.31084059 0.88089927 0.82352985
v -2.31316110 0.90231594 0.85606216
v -2.31660081 0.93448433 0.87787436
v -2.32063606 0.97250711 0.88564574
v -2.32274007 0.99239596 0.88572905
v -2.32675653 1.03048450 0.87827650
v -2.33014272 1.06284016 0.85673458
v -2.33238313 1.08453710 0.82438288
v -2.33313668 1.09227214 0.78614663
v -2.47692686 1.07706073 0.65585265
v -2.47598945 1.06966611 0.61755317
v -2.47347090 1.04827120 0.58502127
v -2.46975465 1.01613319 0.56320965
v -2.46540645 0.97814480 0.55543892
v -2.46314182 0.95827360 0.55535594
v -2.45882366 0.92021821 0.56280912
v -2.45519292 0.88788941 0.58435154
v -2.45280236 0.86620897 0.61670356
v -2.45201593 0.85847754 0.65493988
v -2.45227236 0.85790547 0.78493837
v -2.45320977 0.86530009 0.82323785
v -2.45572831 0.88669500 0.85576974
v -2.45944457 0.91883301 0.87758137
v -2.46379277 0.95682141 0.88535210
v -2.46605740 0.97669260 0.88543508
v -2.47037556 1.01474800 0.87798189
v -2.47400630 1.04707679 0.85643947
v -2.47639685 1.06875723 0.82408745
v -2.47718329 1.07648866 0.78585113
v -2.61302046 1.06092222 0.65545514
v -2.61200142 1.05353718 0.61715589
v -2.60931064 1.03216249 0.58462449
v -2.60535779 1.00005226 0.56281355
v -2.60074463 0.96209497 0.55504359
v -2.59834466 0.94223966 0.55496100
v -2.59377352 0.90421397 0.56241492
v -2.58994031 0.87190894 0.58395792
v -2.58742860 0.85024273 0.61631029
v -2.58662078 0.84251381 0.65454667
v -2.58697954 0.84192972 0.78454486
v -2.58799858 0.84931476 0.82284411
v -2.59068936 0.87068945 0.85537551
v -2.59464221 0.90279968 0.87718645
v -2.59925537 0.94075697 0.88495641
v -2.60165534 0.96061228 0.88503900
v -2.60622648 0.99863797 0.87758508
v -2.61005969 1.03094300 0.85604208
v -2.61257140 1.05260921 0.82368971
v -2.61337922 1.06033813 0.78545333
v -2.74233734 1.04498557 0.65497627
v -2.74127588 1.03760571 0.61667718
v -2.73851507 1.01623957 0.58414604
v -2.73447523 0.98413995 0.56233542
v -2.72977137 0.94619372 0.55456578
v -2.72732663 0.92634388 0.55448336
v -2.72267489 0.88832802 0.56193757
v -2.71878343 0.85603010 0.58348078
v -2.71624472 0.83436718 0.61583325
v -2.71544523 0.82663725 0.65406960
v -2.71589020 0.82604264 0.78406748
v -2.71695166 0.83342250 0.82236657
v -2.71971247 0.85478864 0.85489771
v -2.72375231 0.88688827 0.87670833
v -2.72845617 0.92483449 0.88447797
v -2.73090091 0.94468434 0.88456039
v -2.73555265 0.98270019 0.87710618
v -2.73944410 1.01499811 0.85556297
v -2.74198282 1.03666103 0.82321050
v -2.74278231 1.04439097 0.78497415
v -2.86725122 1.02961521 0.65444179
v -2.86616321 1.02223863 0.61614282
v -2.86337137 1.00087631 0.58361181
v -2.85930073 0.96878049 0.56180132
v -2.85457101 0.93083746 0.55403179
v -2.85211508 0.91098900 0.55394942
v -2.84744633 0.87297524 0.56140370
v -2.84354934 0.84067800 0.58294694
v -2.84101738 0.81901425 0.61529938
v -2.84023591 0.81128209 0.65353565
v -2.84075659 0.81067814 0.78353321
v -2.84184460 0.81805472 0.82183218
v -2.84463644 0.83941704 0.85436319
v -2.84870708 0.87151286 0.87617368
v -2.85343680 0.90945589 0.88394321
v -2.85589274 0.92930435 0.88402558
v -2.86056148 0.96731811 0.87657130
v -2.86445847 0.99961535 0.85502806
v -2.86699044 1.02127910 0.82267562
v -2.86777190 1.02901126 0.78443935
v -2.98818786 1.01456988 0.65385021
v -2.98706002 1.00719827 0.61555142
v -2.98420165 0.98584426 0.58302074
v -2.98004792 0.95375881 0.56121066
v -2.97523118 0.91582664 0.55344156
v -2.97273220 0.89598355 0.55335939
v -2.96798577 0.85797949 0.56081405
v -2.96403224 0.82568931 0.58235757
v -2.96147351 0.80402890 0.61471014
v -2.96069911 0.79629585 0.65294638
v -2.96129945 0.79568196 0.78294354
v -2.96242729 0.80305358 0.82124233
v -2.96528565 0.82440758 0.85377301
v -2.96943939 0.85649303 0.87558309
v -2.97425613 0.89442520 0.88335219
v -2.97675510 0.91426830 0.88343436
v -2.98150154 0.95227236 0.87597970
v -2.98545506 0.98456254 0.85443618
v -2.98801380 1.00622295 0.82208361
v -2.98878819 1.01395599 0.78384737
v -3.10523832 0.99964844 0.65320118
v -3.10405607 0.99228379 0.61490270
v -3.10109210 0.97094329 0.58237260
v -3.09679764 0.93887584 0.56056330
v -3.09182648 0.90096342 0.55279506
v -3.08924937 0.88113033 0.55271332
v -3.08435833 0.84314476 0.56016879
v -3.08029202 0.81086901 0.58171293
v -3.07766951 0.78921675 0.61406586
v -3.07689005 0.78148436 0.65230212
v -3.07757418 0.78085975 0.78229882
v -3.07875643 0.78822440 0.82059730
v -3.08172040 0.80956490 0.85312740
v -3.08601486 0.84163235 0.87493670
v -3.09098602 0.87954477 0.88270494
v -3.09356313 0.89937787 0.88278668
v -3.09845417 0.93736343 0.87533121
v -3.10252048 0.96963919 0.85378707
v -3.10514299 0.99129144 0.82143414
v -3.10592245 0.99902383 0.78319788
v -3.21849510 0.98464830 0.65249432
v -3.21724247 0.97729300 0.61419628
v -3.21412995 0.95597224 0.58166711
v -3.20963139 0.92393192 0.55985908
v -3.20443167 0.88604988 0.55209226
v -3.20173780 0.86623230 0.55201126
v -3.19662852 0.82827574 0.55946809
v -3.19238752 0.79602321 0.58101333
v -3.18966045 0.77438485 0.61336690
v -3.18886250 0.76665492 0.65160328
v -3.18963478 0.76601859 0.78159943
v -3.19088742 0.77337389 0.81989747
v -3.19399994 0.79469464 0.85242664
v -3.19849849 0.82673497 0.87423467
v -3.20369821 0.86461700 0.88200149
v -3.20639209 0.88443458 0.88208249
v -3.21150137 0.92239114 0.87462566
v -3.21574237 0.95464368 0.85308042
v -3.21846943 0.97628203 0.82072685
v -3.21926738 0.98401197 0.78249047
v -3.32805210 0.96936501 0.65172915
v -3.32671161 0.96202201 0.61343172
v -3.32340346 0.94072864 0.58090392
v -3.31863129 0.90872662 0.55909780
v -3.31312162 0.87088798 0.55133316
v -3.31026860 0.85109268 0.55125327
v -3.30486023 0.81317799 0.55871218
v -3.30037653 0.78095943 0.58025912
v -3.29750010 0.75934199 0.61261374
v -3.29666886 0.75161671 0.65085035
v -3.29753384 0.75096741 0.78084585
v -3.29887433 0.75831041 0.81914328
v -3.30218248 0.77960377 0.85167108
v -3.30695465 0.81160579 0.87347720
v -3.31246431 0.84944444 0.88124184
v -3.31531734 0.86923974 0.88132173
v -3.32072571 0.90715442 0.87386282
v -3.32520941 0.93937298 0.85231588
v -3.32808584 0.96099043 0.81996126
v -3.32891708 0.96871570 0.78172465
v -3.43400455 0.95359180 0.65090510
v -3.43255714 0.94626478 0.61260851
v -3.42900189 0.92500833 0.58008263
v -3.42388005 0.89305855 0.55827923
v -3.41797136 0.85527952 0.55051769
v -3.41491278 0.83551493 0.55043940
v -3.40911680 0.79765816 0.55790134
v -3.40431591 0.76548699 0.57945074
v -3.40124100 0.74389920 0.61180691
v -3.40036020 0.73618132 0.65004391
v -3.40132260 0.73551746 0.78003865
v -3.40277000 0.74284449 0.81833524
v -3.40632526 0.76410094 0.85086112
v -3.41144710 0.79605071 0.87266452
v -3.41735579 0.83382975 0.88042606
v -3.42041436 0.85359434 0.88050435
v -3.42621034 0.89145111 0.87304241
v -3.43101124 0.92362228 0.85149301
v -3.43408614 0.94521007 0.81913684
v -3.43496694 0.95292794 0.78089984
v -3.53644878 0.93711904 0.65002151
v -3.53487376 0.92981260 0.61172602
v -3.53101532 0.90860508 0.57920275
v -3.52546088 0.87672511 0.55740309
v -3.51905604 0.83902614 0.54964583
v -3.51574129 0.81930289 0.54956975
v -3.50946113 0.78152424 0.55703587
v -3.50426176 0.74941738 0.57858871
v -3.50093472 0.72787027 0.61094705
v -3.49998653 0.72016327 0.64918463
v -3.50105122 0.71948290 0.77917849
v -3.50262624 0.72678934 0.81747398
v -3.50648468 0.74799687 0.84999725
v -3.51203912 0.77987683 0.87179691
v -3.51844396 0.81757580 0.87955417
v -3.52175871 0.83729905 0.87963025
v -3.52803887 0.87507770 0.87216413
v -3.53323824 0.90718457 0.85061129
v -3.53656528 0.92873167 0.81825295
v -3.53751347 0.93643867 0.78001537
v -3.63548182 0.91973354 0.64907757
v -3.63375681 0.91245353 0.61078351
v -3.62953438 0.89131012 0.57826372
v -3.62345736 0.85952221 0.55646904
v -3.61645092 0.82192922 0.54871752
v -3.61282504 0.80226077 0.54864441
v -3.60595585 0.76458589 0.55611614
v -3.60026969 0.73256478 0.57767363
v -3.59663220 0.71107236 0.61003493
v -3.59559718 0.70338066 0.64827334
v -3.59676916 0.70268139 0.77826618
v -3.59849417 0.70996140 0.81656024
v -3.60271660 0.73110481 0.84908003
v -3.60879362 0.76289272 0.87087471
v -3.61580006 0.80048571 0.87862623
v -3.61942593 0.82015416 0.87869934
v -3.62629512 0.85782904 0.87122761
v -3.63198129 0.88985015 0.84967012
v -3.63561877 0.91134257 0.81730882
v -3.63665379 0.91903427 0.77907041
v -3.73120076 0.90121793 0.64807238
v -3.72930170 0.89397170 0.60978015
v -3.72464976 0.87291165 0.57726487
v -3.71795315 0.84124399 0.55547670
v -3.71023137 0.80378984 0.54773270
v -3.70623508 0.78419328 0.54766348
v -3.69866370 0.74665468 0.55514259
v -3.69239540 0.71474655 0.57670619
v -3.68838446 0.69332661 0.60907142
v -3.68724152 0.68565586 0.64731096
v -3.68852581 0.68493480 0.77730262
v -3.69042486 0.69218103 0.81559485
v -3.69507680 0.71324107 0.84811013
v -3.70177341 0.74490873 0.86989830
v -3.70949519 0.78236289 0.87764230
v -3.71349149 0.80195944 0.87771152
v -3.72106286 0.83949804 0.87023241
v -3.72733117 0.87140617 0.84866881
v -3.73134210 0.89282611 0.81630358
v -3.73248504 0.90049686 0.77806404
v -3.82370170 0.88134994 0.64700488
v -3.82160299 0.87414673 0.60871495
v -3.81645153 0.85319431 0.57620544
v -3.80903158 0.82168251 0.55442563
v -3.80047277 0.78440872 0.54669129
v -3.79604262 0.76490565 0.54662708
v -3.78764794 0.72754445 0.55411570
v -3.78069542 0.69578375 0.57568720
v -3.77624351 0.67445883 0.60805752
v -3.77496996 0.66681621 0.64629857
v -3.77637154 0.66606988 0.77628887
v -3.77847025 0.67327309 0.81457880
v -3.78362172 0.69422550 0.84708831
v -3.79104166 0.72573730 0.86886812
v -3.79960047 0.76301110 0.87660246
v -3.80403063 0.78251417 0.87666667
v -3.81242530 0.81987537 0.86917805
v -3.81937782 0.85163607 0.84760655
v -3.82382974 0.87296099 0.81523623
v -3.82510328 0.88060360 0.77699518
v -3.91307836 0.85990180 0.64587389
v -3.91075302 0.85275314 0.60758683
v -3.90502806 0.83193877 0.57508458
v -3.89677506 0.80062749 0.55331532
v -3.88725046 0.76358615 0.54559320
v -3.88231929 0.74420368 0.54553534
v -3.87297312 0.70707151 0.55303600
v -3.86522825 0.67550152 0.57461754
v -3.86026378 0.65429998 0.60699435
v -3.85883548 0.64669461 0.64523736
v -3.86035914 0.64591889 0.77522611
v -3.86268448 0.65306755 0.81351317
v -3.86840944 0.67388193 0.84601542
v -3.87666244 0.70519321 0.86778468
v -3.88618704 0.74223454 0.87550680
v -3.89111821 0.76161701 0.87556466
v -3.90046438 0.79874919 0.86806400
v -3.90820925 0.83031917 0.84648246
v -3.91317372 0.85152071 0.81410565
v -3.91460202 0.85912608 0.77586264
v -3.99942002 0.83663990 0.64467812
v -3.99684010 0.82956002 0.60639459
v -3.99046463 0.80892140 0.57390136
v -3.98126423 0.77786609 0.55214522
v -3.97063957 0.74112197 0.54443835
v -3.96513736 0.72189379 0.54438839
v -3.95470595 0.68505482 0.55190410
v -3.94605587 0.65372941 0.57349817
v -3.94050403 0.63268656 0.60588312
v -3.93889563 0.62512986 0.64412863
v -3.94054580 0.62431995 0.77411563
v -3.94312572 0.63139983 0.81239916
v -3.94950119 0.65203845 0.84489239
v -3.95870159 0.68309376 0.86664853
v -3.96932625 0.71983788 0.87435540
v -3.97482846 0.73906607 0.87440536
v -3.98525987 0.77590503 0.86688965
v -3.99390995 0.80723044 0.84529558
v -3.99946179 0.82827329 0.81291063
v -4.00107019 0.83583000 0.77466512
v -4.08280900 0.81132481 0.64341622
v -4.07994610 0.80433106 0.60513697
v -4.07284154 0.78391437 0.57265478
v -4.06257690 0.75318299 0.55091475
v -4.05071490 0.71681549 0.54322661
v -4.04457001 0.69778292 0.54318639
v -4.03291652 0.66131593 0.55072059
v -4.02324568 0.63030122 0.57233012
v -4.01702979 0.60946049 0.60472512
v -4.01521517 0.60196656 0.64297375
v -4.01699569 0.60111698 0.77295878
v -4.01985858 0.60811072 0.81123803
v -4.02696315 0.62852742 0.84372022
v -4.03722779 0.65925880 0.86546025
v -4.04908979 0.69562630 0.87314839
v -4.05523468 0.71465887 0.87318861
v -4.06688817 0.75112585 0.86565441
v -4.07655901 0.78214057 0.84404488
v -4.08277489 0.80298130 0.81164988
v -4.08458952 0.81047523 0.77340125
v -4.16331750 0.78371212 0.64208682
v -4.16014359 0.77682530 0.60381271
v -4.15223182 0.75668613 0.57134385
v -4.14078670 0.72636061 0.54962332
v -4.12755063 0.69046553 0.54195789
v -4.12069170 0.67167845 0.54192946
v -4.10767976 0.63567851 0.54948610
v -4.09687290 0.60505437 0.57111440
v -4.08991637 0.58446828 0.60352163
v -4.08786923 0.57705429 0.64177410
v -4.08978309 0.57615886 0.77175693
v -4.09295700 0.58304568 0.81003104
v -4.10086877 0.60318485 0.84249990
v -4.11231389 0.63351037 0.86422043
v -4.12554996 0.66940546 0.87188586
v -4.13240889 0.68819253 0.87191429
v -4.14542083 0.72419248 0.86435765
v -4.15622769 0.75481662 0.84272935
v -4.16318422 0.77540271 0.81032212
v -4.16523136 0.78281670 0.77206965
v -4.24126217 0.75344682 0.64068329
v -4.23772139 0.74670331 0.60241584
v -4.22886476 0.72693321 0.56996415
v -4.21604062 0.69714635 0.54826867
v -4.20120133 0.66187750 0.54063236
v -4.19350970 0.64341568 0.54061906
v -4.17891442 0.60803421 0.54820447
v -4.16678513 0.57792662 0.56985679
v -4.15896841 0.55767653 0.60227965
v -4.15665430 0.55036682 0.64053697
v -4.15873783 0.54940512 0.77051671
v -4.16227861 0.55614864 0.80878416
v -4.17113524 0.57591873 0.84123585
v -4.18395938 0.60570560 0.86293133
v -4.19879867 0.64097444 0.87056764
v -4.20649030 0.65943626 0.87058094
v -4.22108558 0.69481773 0.86299553
v -4.23321487 0.72492532 0.84134321
v -4.24103159 0.74517541 0.80892035
v -4.24334570 0.75248512 0.77066303
v -4.31574582 0.72015706 0.63917073
v -4.31176054 0.71361293 0.60091238
v -4.30177945 0.69434723 0.56848369
v -4.28732206 0.66529300 0.54682163
v -4.27058939 0.63087347 0.53922405
v -4.26191558 0.61285224 0.53923085
v -4.24545502 0.57830748 0.54685442
v -4.23177254 0.54889661 0.56853851
v -4.22295118 0.52909717 0.60098193
v -4.22033391 0.52192345 0.63924545
v -4.22265750 0.52085407 0.76922028
v -4.22664278 0.52739820 0.80747863
v -4.23662387 0.54666389 0.83990732
v -4.25108126 0.57571812 0.86156938
v -4.26781393 0.61013765 0.86916696
v -4.27648774 0.62815889 0.86916017
v -4.29294830 0.66270365 0.86153660
v -4.30663078 0.69211451 0.83985250
v -4.31545214 0.71191395 0.80740909
v -4.31806941 0.71908767 0.76914557
v -4.38541387 0.68403354 0.63753361
v -4.38095373 0.67773532 0.59928640
v -4.36978049 0.65908695 0.56688569
v -4.35359518 0.63092749 0.54526417
v -4.33486186 0.59754396 0.53771354
v -4.32515078 0.58005986 0.53774467
v -4.30672143 0.54653460 0.54541444
v -4.29140175 0.51797152 0.56713695
v -4.28152403 0.49871910 0.59960516
v -4.27859205 0.49170834 0.63787606
v -4.28118769 0.49049809 0.76784451
v -4.28564783 0.49679632 0.80609172
v -4.29682107 0.51544468 0.83849244
v -4.31300639 0.54360414 0.86011395
v -4.33173971 0.57698767 0.86766458
v -4.34145078 0.59447178 0.86763345
v -4.35988013 0.62799704 0.85996368
v -4.37519981 0.65656011 0.83824117
v -4.38507753 0.67581253 0.80577297
v -4.38800951 0.68282329 0.76750206
v -4.45016129 0.64549412 0.63579109
v -4.44524249 0.63946847 0.59755620
v -4.43291708 0.62150484 0.56518644
v -4.41506150 0.59433802 0.54360980
v -4.39439409 0.56210391 0.53611114
v -4.38368022 0.54521576 0.53616921
v -4.36334741 0.51282172 0.54389012
v -4.34644468 0.48519945 0.56565517
v -4.33554533 0.46655418 0.59815082
v -4.33230868 0.45972449 0.63642991
v -4.33516586 0.45835880 0.76639133
v -4.34008466 0.46438445 0.80462622
v -4.35241007 0.48234808 0.83699598
v -4.37026565 0.50951490 0.85857262
v -4.39093306 0.54174901 0.86607128
v -4.40164693 0.55863716 0.86601321
v -4.42197974 0.59103120 0.85829230
v -4.43888246 0.61865347 0.83652725
v -4.44978182 0.63729874 0.80403160
v -4.45301847 0.64412843 0.76575251
v -4.51025182 0.60483149 0.63395709
v -4.50489933 0.59909878 0.59573541
v -4.49148369 0.58187156 0.56339886
v -4.47204730 0.55577250 0.54187038
v -4.44954919 0.52477496 0.53442748
v -4.43788607 0.50852799 0.53451447
v -4.41575136 0.47735106 0.54229027
v -4.39734987 0.45074114 0.56410097
v -4.38548305 0.43274936 0.59662609
v -4.38195752 0.42611479 0.63491398
v -4.38506068 0.42458296 0.76486791
v -4.39041317 0.43031566 0.80308959
v -4.40382881 0.44754289 0.83542614
v -4.42326520 0.47364194 0.85695462
v -4.44576331 0.50463948 0.86439752
v -4.45742643 0.52088645 0.86431053
v -4.47956114 0.55206338 0.85653473
v -4.49796263 0.57867330 0.83472403
v -4.50982945 0.59666508 0.80219891
v -4.51335498 0.60329965 0.76391102
v -4.56596135 0.56236063 0.63204652
v -4.56020784 0.55693301 0.59383857
v -4.54578323 0.54047339 0.56153654
v -4.52488354 0.51548759 0.54005813
v -4.50069056 0.48577947 0.53267323
v -4.48814858 0.47020112 0.53279030
v -4.46434547 0.44029348 0.54062319
v -4.44455604 0.41473948 0.56248139
v -4.43179305 0.39742948 0.59503718
v -4.42799954 0.39099879 0.63333424
v -4.43132869 0.38929502 0.76328044
v -4.43708220 0.39472264 0.80148839
v -4.45150681 0.41118226 0.83379041
v -4.47240650 0.43616806 0.85526882
v -4.49659948 0.46587618 0.86265372
v -4.50914146 0.48145453 0.86253665
v -4.53294457 0.51136218 0.85470376
v -4.55273400 0.53691618 0.83284557
v -4.56549699 0.55422617 0.80028977
v -4.56929050 0.56065687 0.76199271
v -4.61758451 0.51841233 0.63007497
v -4.61146873 0.51329240 0.59188082
v -4.59613174 0.49760771 0.55961356
v -4.57390844 0.47374611 0.53818558
v -4.54818213 0.44534031 0.53085909
v -4.53484500 0.43043733 0.53100645
v -4.50953228 0.40181186 0.53889686
v -4.48848679 0.37732469 0.56080291
v -4.47491250 0.36070376 0.59338961
v -4.47087599 0.35447947 0.63169593
v -4.47440768 0.35260368 0.76163440
v -4.48052345 0.35772361 0.79982855
v -4.49586045 0.37340830 0.83209582
v -4.51808375 0.39726990 0.85352380
v -4.54381005 0.42567569 0.86085028
v -4.55714719 0.44057868 0.86070292
v -4.58245991 0.46920415 0.85281252
v -4.60350540 0.49369132 0.83090647
v -4.61707968 0.51031224 0.79831977
v -4.62111620 0.51653653 0.76001345
v -4.66543832 0.47332494 0.62805834
v -4.65900321 0.46850511 0.58987761
v -4.64286091 0.45357721 0.55764419
v -4.61946893 0.43081389 0.53626533
v -4.59238850 0.40368065 0.52899576
v -4.57834907 0.38943765 0.52917263
v -4.55170292 0.36206528 0.53711908
v -4.52954771 0.33862098 0.55907177
v -4.51525635 0.32267394 0.59168861
v -4.51100458 0.31665193 0.63000397
v -4.51471305 0.31461001 0.75993502
v -4.52114815 0.31942984 0.79811575
v -4.53729046 0.33435774 0.83034917
v -4.56068243 0.35712106 0.85172803
v -4.58776287 0.38425430 0.85899760
v -4.60180230 0.39849730 0.85882073
v -4.62844844 0.42586967 0.85087428
v -4.65060366 0.44931397 0.82892159
v -4.66489502 0.46526102 0.79630475
v -4.66914679 0.47128302 0.75798939
v -4.70986223 0.42743618 0.62601244
v -4.70315297 0.42289874 0.58784430
v -4.68631814 0.40868418 0.55564268
v -4.66192069 0.38695655 0.53430999
v -4.63367492 0.36102367 0.52709393
v -4.61903103 0.34740329 0.52729856
v -4.59123709 0.32121322 0.53529771
v -4.56812636 0.29875315 0.55729428
v -4.55321724 0.28344243 0.58993948
v -4.54877951 0.27761198 0.62826339
v -4.55263777 0.27541576 0.75818756
v -4.55934703 0.27995320 0.79635570
v -4.57618186 0.29416776 0.82855732
v -4.60057931 0.31589539 0.84989001
v -4.62882508 0.34182827 0.85710607
v -4.64346897 0.35544865 0.85690144
v -4.67126291 0.38163872 0.84890229
v -4.69437364 0.40409879 0.82690572
v -4.70928276 0.41940951 0.79426052
v -4.71372049 0.42523996 0.75593661
v -4.75121493 0.38107627 0.62395271
v -4.74427731 0.37679405 0.58579591
v -4.72686431 0.36322569 0.55362300
v -4.70162691 0.34243684 0.53233201
v -4.67240726 0.31759241 0.52516430
v -4.65725815 0.30453669 0.52539402
v -4.62850469 0.27941903 0.53344081
v -4.60459486 0.25785208 0.55547705
v -4.58916873 0.24311920 0.58814793
v -4.58457478 0.23746334 0.62647959
v -4.58855557 0.23513017 0.75639768
v -4.59549319 0.23941238 0.79455448
v -4.61290619 0.25298075 0.82672739
v -4.63814360 0.27376960 0.84801838
v -4.66736325 0.29861402 0.85518609
v -4.68251236 0.31166974 0.85495637
v -4.71126582 0.33678740 0.84690958
v -4.73517565 0.35835436 0.82487334
v -4.75060178 0.37308724 0.79220246
v -4.75519573 0.37874310 0.75387080
v -4.78986909 0.33456332 0.62189400
v -4.78274833 0.33050075 0.58374692
v -4.76487011 0.31749034 0.55159870
v -4.73895623 0.29751281 0.53034361
v -4.70895185 0.27360956 0.52321756
v -4.69339554 0.26104221 0.52346889
v -4.66386854 0.23685229 0.53155674
v -4.63931415 0.21605840 0.55362719
v -4.62347054 0.20182621 0.58632023
v -4.61874977 0.19632246 0.62465862
v -4.62282622 0.19387456 0.75457163
v -4.62994698 0.19793713 0.79271871
v -4.64782520 0.21094754 0.82486693
v -4.67373908 0.23092507 0.84612201
v -4.70374347 0.25482832 0.85324807
v -4.71929977 0.26739567 0.85299674
v -4.74882677 0.29158559 0.84490889
v -4.77338116 0.31237948 0.82283843
v -4.78922477 0.32661167 0.79014540
v -4.79394554 0.33211542 0.75180701
v -4.82620490 0.28820114 0.61985044
v -4.81894502 0.28431546 0.58171115
v -4.80071153 0.27175676 0.54958284
v -4.77428032 0.25243700 0.52835675
v -4.74367530 0.22929743 0.52126435
v -4.72780721 0.21712649 0.52153315
v -4.69768771 0.19368990 0.52965420
v -4.67263916 0.17352431 0.55175235
v -4.65647497 0.15969973 0.58446335
v -4.65165599 0.15432084 0.62280724
v -4.65580194 0.15178459 0.75271636
v -4.66306182 0.15567027 0.79085564
v -4.68129530 0.16822897 0.82298395
v -4.70772651 0.18754874 0.84421005
v -4.73833154 0.21068831 0.85130245
v -4.75419962 0.22285924 0.85103365
v -4.78431912 0.24629583 0.84291259
v -4.80936767 0.26646143 0.82081445
v -4.82553187 0.28028600 0.78810345
v -4.83035085 0.28566489 0.74975955
v -4.86060377 0.24227887 0.61783548
v -4.85324749 0.23852139 0.57970182
v -4.83476544 0.22629330 0.54758801
v -4.80797132 0.20745620 0.52638309
v -4.77694431 0.18487788 0.51931532
v -4.76085704 0.17299848 0.51959691
v -4.73032071 0.15011628 0.52774228
v -4.70492395 0.13041381 0.54986075
v -4.68853317 0.11689059 0.58258497
v -4.68364374 0.11160541 0.62093297
v -4.68783373 0.10901057 0.75083952
v -4.69519001 0.11276805 0.78897318
v -4.71367206 0.12499615 0.82108699
v -4.74046618 0.14383324 0.84229191
v -4.77149319 0.16641156 0.84935968
v -4.78758046 0.17829097 0.84907809
v -4.81811679 0.20117317 0.84093272
v -4.84351355 0.22087563 0.81881425
v -4.85990433 0.23439885 0.78609003
v -4.86479376 0.23968403 0.74774203
v -4.89344253 0.19707174 0.61586188
v -4.88603171 0.19338905 0.57773149
v -4.86740554 0.18135858 0.54562631
v -4.84039968 0.16281184 0.52443407
v -4.80912552 0.14057241 0.51738108
v -4.79290967 0.12886931 0.51767037
v -4.76212844 0.10632295 0.52583040
v -4.73652628 0.08690212 0.54796116
v -4.72000090 0.07356348 0.58069344
v -4.71506814 0.06833771 0.61904404
v -4.71927720 0.06571673 0.74894944
v -4.72668802 0.06939941 0.78707984
v -4.74531419 0.08142989 0.81918502
v -4.77232005 0.09997663 0.84037726
v -4.80359420 0.12221606 0.84743024
v -4.81981006 0.13391915 0.84714096
v -4.85059129 0.15646552 0.83898092
v -4.87619345 0.17588635 0.81685017
v -4.89271883 0.18922499 0.78411789
v -4.89765159 0.19445076 0.74576729
v -4.92508874 0.15284202 0.61394178
v -4.91766514 0.14917711 0.57581216
v -4.89899906 0.13720218 0.54370939
v -4.87193224 0.11874030 0.52252083
v -4.84058534 0.09660212 0.51547224
v -4.82433129 0.08495220 0.51576384
v -4.79347661 0.06250806 0.52392831
v -4.76781149 0.04317487 0.54606287
v -4.75124321 0.02989594 0.57879774
v -4.74629414 0.02469287 0.61714932
v -4.75049720 0.02208024 0.74705509
v -4.75792079 0.02574514 0.78518471
v -4.77658687 0.03772007 0.81728748
v -4.80365370 0.05618196 0.83847605
v -4.83500059 0.07832014 0.84552463
v -4.85125465 0.08997006 0.84523304
v -4.88210933 0.11241420 0.83706857
v -4.90777445 0.13174739 0.81493400
v -4.92434273 0.14502631 0.78219914
v -4.92929180 0.15022939 0.74384755
v -4.95589703 0.10983938 0.61208668
v -4.94850348 0.10613271 0.57395526
v -4.92990425 0.09406487 0.54184848
v -4.90293089 0.07547309 0.52065431
v -4.87168985 0.05318778 0.51359938
v -4.85549015 0.04146232 0.51388772
v -4.82473760 0.01887623 0.52204607
v -4.79915534 -0.00057212 0.54417566
v -4.78263803 -0.01392189 0.57690747
v -4.77770028 -0.01914070 0.61525838
v -4.78187153 -0.02170912 0.74516605
v -4.78926507 -0.01800245 0.78329748
v -4.80786431 -0.00593461 0.81540426
v -4.83483767 0.01265718 0.83659842
v -4.86607870 0.03494248 0.84365335
v -4.88227841 0.04666795 0.84336502
v -4.91303096 0.06925404 0.83520667
v -4.93861322 0.08870238 0.81307707
v -4.95513053 0.10205215 0.78034526
v -4.96006828 0.10727096 0.74199435
v -4.98758781 0.06639728 0.61022594
v -4.98015306 0.06274815 0.57209698
v -4.96143901 0.05084062 0.53999707
v -4.93429470 0.03248753 0.51881312
v -4.90285261 0.01048295 0.51177020
v -4.88654796 -0.00109598 0.51206481
v -4.85559486 -0.02340205 0.52023515
v -4.82984307 -0.04261370 0.54237487
v -4.81321309 -0.05580614 0.57511342
v -4.80823666 -0.06097094 0.61346664
v -4.81241219 -0.06354534 0.74337406
v -4.81984694 -0.05989620 0.78150302
v -4.83856099 -0.04798868 0.81360293
v -4.86570530 -0.02963558 0.83478688
v -4.89714739 -0.00763100 0.84182980
v -4.91345204 0.00394793 0.84153519
v -4.94440514 0.02625399 0.83336485
v -4.97015693 0.04546564 0.81122513
v -4.98678691 0.05865808 0.77848658
v -4.99176334 0.06382288 0.74013336
v -5.02237275 0.01597374 0.60808687
v -5.01473008 0.01263119 0.56997091
v -4.99548048 0.00151333 0.53790449
v -4.96755452 -0.01568723 0.51676942
v -4.93520369 -0.03635188 0.50978334
v -4.91842705 -0.04723486 0.51010746
v -4.88657646 -0.06821759 0.51833392
v -4.86007508 -0.08632395 0.54052053
v -4.84295749 -0.09879744 0.57328957
v -4.83782971 -0.10373906 0.61165225
v -4.84210133 -0.10645513 0.74155366
v -4.84974400 -0.10311258 0.77966962
v -4.86899360 -0.09199472 0.81173604
v -4.89691955 -0.07479416 0.83287111
v -4.92927038 -0.05412951 0.83985720
v -4.94604702 -0.04324653 0.83953307
v -4.97789761 -0.02226380 0.83130661
v -5.00439900 -0.00415744 0.80912000
v -5.02151658 0.00831605 0.77635096
v -5.02664436 0.01325767 0.73798828
v -5.05549436 -0.03852658 0.60579691
v -5.04760293 -0.04146155 0.56769808
v -5.02771636 -0.05153574 0.53567552
v -4.99886220 -0.06721547 0.51460438
v -4.96543324 -0.08611363 0.50769254
v -4.94809686 -0.09607949 0.50805521
v -4.91518235 -0.11531901 0.51635494
v -4.88779324 -0.13197085 0.53860268
v -4.87009925 -0.14349992 0.57141141
v -4.86479415 -0.14815101 0.60978631
v -4.86918712 -0.15106592 0.73967936
v -4.87707855 -0.14813095 0.77777819
v -4.89696512 -0.13805676 0.80980074
v -4.92581928 -0.12237703 0.83087189
v -4.95924824 -0.10347887 0.83778373
v -4.97658462 -0.09351301 0.83742106
v -5.00949913 -0.07427349 0.82912133
v -5.03688824 -0.05762165 0.80687359
v -5.05458223 -0.04609258 0.77406486
v -5.05988733 -0.04144149 0.73568996
v -5.08588227 -0.09458282 0.60345953
v -5.07779889 -0.09716512 0.56537541
v -5.05742083 -0.10633629 0.53339052
v -5.02785046 -0.12070011 0.51237426
v -4.99358961 -0.13806982 0.50552616
v -4.97582132 -0.14724214 0.50592193
v -4.94208589 -0.16497336 0.51428457
v -4.91401178 -0.18036667 0.53658480
v -4.89587304 -0.19107857 0.56942761
v -4.89043112 -0.19547829 0.60781299
v -4.89491773 -0.19856523 0.73769887
v -4.90300111 -0.19598294 0.77578299
v -4.92337917 -0.18681177 0.80776788
v -4.95294954 -0.17244794 0.82878414
v -4.98721039 -0.15507823 0.83563224
v -5.00497868 -0.14590592 0.83523647
v -5.03871411 -0.12817470 0.82687383
v -5.06678822 -0.11278139 0.80457360
v -5.08492696 -0.10206948 0.77173079
v -5.09036888 -0.09766977 0.73334541
v -5.11379215 -0.15159136 0.60109706
v -5.10555988 -0.15387071 0.56302550
v -5.08480061 -0.16226618 0.53107276
v -5.05467472 -0.17549964 0.51010335
v -5.01976863 -0.19155641 0.50330968
v -5.00166534 -0.20004708 0.50373370
v -4.96729317 -0.21648266 0.51215004
v -4.93868778 -0.23079489 0.53449508
v -4.92020407 -0.24080486 0.56736699
v -4.91465603 -0.24498864 0.60576132
v -4.91921526 -0.24822337 0.73564107
v -4.92744752 -0.24594401 0.77371263
v -4.94820680 -0.23754854 0.80566538
v -4.97833268 -0.22431508 0.82663478
v -5.01323878 -0.20825831 0.83342846
v -5.03134206 -0.19976765 0.83300443
v -5.06571423 -0.18333206 0.82458809
v -5.09431963 -0.16901983 0.80224305
v -5.11280334 -0.15900986 0.76937114
v -5.11835138 -0.15482609 0.73097681
v -5.13943456 -0.20894537 0.59873217
v -5.13108645 -0.21096657 0.56067125
v -5.11003055 -0.21870104 0.52874577
v -5.07947243 -0.23097127 0.50781609
v -5.04406427 -0.24590923 0.50106856
v -5.02570033 -0.25381903 0.50151654
v -4.99083271 -0.26915055 0.50997841
v -4.96181392 -0.28254155 0.53236144
v -4.94306179 -0.29195337 0.56525802
v -4.93743118 -0.29595314 0.60365994
v -4.94204692 -0.29931380 0.73353450
v -4.95039503 -0.29729259 0.77159541
v -4.97145093 -0.28955813 0.80352089
v -5.00200906 -0.27728790 0.82445058
v -5.03741721 -0.26234993 0.83119811
v -5.05578116 -0.25444014 0.83075013
v -5.09064877 -0.23910862 0.82228826
v -5.11966756 -0.22571762 0.79990522
v -5.13841969 -0.21630580 0.76700865
v -5.14405030 -0.21230603 0.72860673
v -5.16298633 -0.26602815 0.59638807
v -5.15454817 -0.26783188 0.55833609
v -5.13326168 -0.27500949 0.52643348
v -5.10236754 -0.28646826 0.50553712
v -5.06656909 -0.30046370 0.49882831
v -5.04800251 -0.30788415 0.49929638
v -5.01274975 -0.32228557 0.50779646
v -4.98340959 -0.33490049 0.53021137
v -4.96444880 -0.34380840 0.56312864
v -4.95875400 -0.34765316 0.60153693
v -4.96341367 -0.35111991 0.73140713
v -4.97185183 -0.34931618 0.76945911
v -4.99313832 -0.34213857 0.80136172
v -5.02403246 -0.33067980 0.82225808
v -5.05983091 -0.31668436 0.82896689
v -5.07839749 -0.30926390 0.82849882
v -5.11365025 -0.29486248 0.81999874
v -5.14299041 -0.28224756 0.79758383
v -5.16195120 -0.27333965 0.76466656
v -5.16764600 -0.26949490 0.72625827
v -5.18459891 -0.32220948 0.59408865
v -5.17609133 -0.32383340 0.55604402
v -5.15462708 -0.33055062 0.52416026
v -5.12347390 -0.34133849 0.50329137
v -5.08737458 -0.35455466 0.49661445
v -5.06865179 -0.36157053 0.49709909
v -5.03310213 -0.37520296 0.50563064
v -5.00351423 -0.38717623 0.52807182
v -4.98439258 -0.39566753 0.56100615
v -4.97864829 -0.39938412 0.59941968
v -4.98334183 -0.40293858 0.72928629
v -4.99184941 -0.40131465 0.76733091
v -5.01331366 -0.39459744 0.79921467
v -5.04446684 -0.38380957 0.82008356
v -5.08056616 -0.37059340 0.82676048
v -5.09928895 -0.36357752 0.82627584
v -5.13483861 -0.34994509 0.81774429
v -5.16442651 -0.33797182 0.79530312
v -5.18354816 -0.32948053 0.76236879
v -5.18929245 -0.32576394 0.72395526
v -5.20440405 -0.37684288 0.59185849
v -5.19584415 -0.37832301 0.55381974
v -5.17424592 -0.38467202 0.52195101
v -5.14289751 -0.39492334 0.50110402
v -5.10657142 -0.40751629 0.49445255
v -5.08773090 -0.41420861 0.49495040
v -5.05195745 -0.42722603 0.50350706
v -5.02218283 -0.43868615 0.52596918
v -5.00293995 -0.44684425 0.55891711
v -4.99715837 -0.45045834 0.59733483
v -5.00187743 -0.45408295 0.72719858
v -5.01043733 -0.45260282 0.76523733
v -5.03203556 -0.44625381 0.79710606
v -5.06338397 -0.43600249 0.81795305
v -5.09971006 -0.42340954 0.82460452
v -5.11855058 -0.41671723 0.82410667
v -5.15432403 -0.40369980 0.81555001
v -5.18409865 -0.39223969 0.79308788
v -5.20334153 -0.38408159 0.76013995
v -5.20912312 -0.38046749 0.72172224
v -5.22251706 -0.42926197 0.58972306
v -5.21391975 -0.43063428 0.55168870
v -5.19222576 -0.43670723 0.51983122
v -5.16073779 -0.44655626 0.49900063
v -5.12424960 -0.45868195 0.49236819
v -5.10532492 -0.46513167 0.49287592
v -5.06939152 -0.47768799 0.50145137
v -5.03948342 -0.48876335 0.52392917
v -5.02015388 -0.49667164 0.55688729
v -5.01434563 -0.50020889 0.59530813
v -5.01908294 -0.50388609 0.72516974
v -5.02768025 -0.50251378 0.76320410
v -5.04937424 -0.49644083 0.79506158
v -5.08086221 -0.48659180 0.81589217
v -5.11735040 -0.47446611 0.82252461
v -5.13627508 -0.46801639 0.82201688
v -5.17220848 -0.45546007 0.81344143
v -5.20211658 -0.44438470 0.79096363
v -5.22144612 -0.43647641 0.75800551
v -5.22725437 -0.43293917 0.71958467
v -5.23903736 -0.47877396 0.58770894
v -5.23041671 -0.48007659 0.54967741
v -5.20866293 -0.48597112 0.51782719
v -5.17708783 -0.49556016 0.49700717
v -5.14049845 -0.50738386 0.49038702
v -5.12152123 -0.51367680 0.49090114
v -5.08548796 -0.52593512 0.49948871
v -5.05549654 -0.53676183 0.52197663
v -5.03611290 -0.54450866 0.55494131
v -5.03028801 -0.54799624 0.59336418
v -5.03503671 -0.55170743 0.72322440
v -5.04365736 -0.55040480 0.76125592
v -5.06541115 -0.54451027 0.79310614
v -5.09698624 -0.53492123 0.81392616
v -5.13357563 -0.52309753 0.82054631
v -5.15255284 -0.51680459 0.82003220
v -5.18858611 -0.50454628 0.81144462
v -5.21857753 -0.49371956 0.78895671
v -5.23796118 -0.48597273 0.75599203
v -5.24378607 -0.48248515 0.71756916
v -5.25404560 -0.52464746 0.58584428
v -5.24541633 -0.52592389 0.54781382
v -5.22364048 -0.53175131 0.51596632
v -5.19203324 -0.54124256 0.49515028
v -5.15540651 -0.55295268 0.48853475
v -5.13640991 -0.55918664 0.48905126
v -5.10033978 -0.57133287 0.49764339
v -5.07031762 -0.58206605 0.52013511
v -5.05091400 -0.58975216 0.55310226
v -5.04508297 -0.59322106 0.59152589
v -5.04983588 -0.59694504 0.72138559
v -5.05846515 -0.59566861 0.75941605
v -5.08024100 -0.58984119 0.79126354
v -5.11184824 -0.58034994 0.81207958
v -5.14847497 -0.56863982 0.81869512
v -5.16747157 -0.56240586 0.81817861
v -5.20354170 -0.55025963 0.80958647
v -5.23356387 -0.53952645 0.78709475
v -5.25296748 -0.53184034 0.75412761
v -5.25879851 -0.52837144 0.71570398
v -5.26759398 -0.56608809 0.58415985
v -5.25897385 -0.56739230 0.54612826
v -5.23722140 -0.57329089 0.51427787
v -5.20564826 -0.58288583 0.49345762
v -5.16906115 -0.59471640 0.48683719
v -5.15008511 -0.60101289 0.48735116
v -5.11405408 -0.61327798 0.49593846
v -5.08406452 -0.62411034 0.51842614
v -5.06468209 -0.63186084 0.55139067
v -5.05885758 -0.63534955 0.58981350
v -5.06360602 -0.63905997 0.71967375
v -5.07222615 -0.63775575 0.75770534
v -5.09397860 -0.63185717 0.78955573
v -5.12555174 -0.62226222 0.81037598
v -5.16213885 -0.61043166 0.81699641
v -5.18111489 -0.60413516 0.81648244
v -5.21714592 -0.59187008 0.80789514
v -5.24713548 -0.58103772 0.78540746
v -5.26651791 -0.57328722 0.75244293
v -5.27234242 -0.56979851 0.71402010
v -5.27968116 -0.60218705 0.58269115
v -5.27109536 -0.60359302 0.54465542
v -5.24943083 -0.60975213 0.51279443
v -5.21798580 -0.61972672 0.49195873
v -5.18154748 -0.63199826 0.48532035
v -5.16264870 -0.63852370 0.48582500
v -5.12676450 -0.65122394 0.49439459
v -5.09689748 -0.66241939 0.51686750
v -5.07759460 -0.67040565 0.54982244
v -5.07179455 -0.67396688 0.58824231
v -5.07652625 -0.67762767 0.71810458
v -5.08511205 -0.67622171 0.75614031
v -5.10677658 -0.67006259 0.78800130
v -5.13822161 -0.66008800 0.80883701
v -5.17465993 -0.64781647 0.81547538
v -5.19355871 -0.64129103 0.81497073
v -5.22944290 -0.62859079 0.80640114
v -5.25930993 -0.61739533 0.78392823
v -5.27861281 -0.60940907 0.75097330
v -5.28441285 -0.60584784 0.71255343
v -5.29018361 -0.63180340 0.58148334
v -5.28167484 -0.63342416 0.54343885
v -5.26020757 -0.64013328 0.51155542
v -5.22904998 -0.65090935 0.49068701
v -5.19294555 -0.66411181 0.48401065
v -5.17422010 -0.67112057 0.48449558
v -5.13866539 -0.68473947 0.49302769
v -5.10907327 -0.69670146 0.51546932
v -5.08994889 -0.70518542 0.54840395
v -5.08420376 -0.70889976 0.58681758
v -5.08889788 -0.71245577 0.71668412
v -5.09740664 -0.71083500 0.75472862
v -5.11887391 -0.70412589 0.78661205
v -5.15003150 -0.69334982 0.80748046
v -5.18613594 -0.68014735 0.81415682
v -5.20486138 -0.67313859 0.81367189
v -5.24041610 -0.65951969 0.80513978
v -5.27000821 -0.64755771 0.78269814
v -5.28913259 -0.63907374 0.74976352
v -5.29487772 -0.63535941 0.71134989
v -5.29989322 -0.65629735 0.58047944
v -5.29144625 -0.65807889 0.54242837
v -5.27013720 -0.66519968 0.51052808
v -5.23921018 -0.67657566 0.48963512
v -5.20337354 -0.69047492 0.48293025
v -5.18478714 -0.69784545 0.48340037
v -5.14949670 -0.71215197 0.49190433
v -5.12012509 -0.72468770 0.51432249
v -5.10114389 -0.73354420 0.54724187
v -5.09544281 -0.73737314 0.58565080
v -5.10010678 -0.74085071 0.71552056
v -5.10855375 -0.73906917 0.75357163
v -5.12986280 -0.73194838 0.78547192
v -5.16078982 -0.72057240 0.80636488
v -5.19662646 -0.70667313 0.81306975
v -5.21521286 -0.69930261 0.81259963
v -5.25050330 -0.68499609 0.80409567
v -5.27987491 -0.67246036 0.78167751
v -5.29885611 -0.66360386 0.74875813
v -5.30455719 -0.65977492 0.71034920
v 5.72681909 1.35142597 0.60462471
v -5.20000000 -0.69857403 0.64800000
f 1921 1922 1942
f 1921 1942 1941
f 1922 1923 1943
f 1922 1943 1942
f 1923 1924 1944
f 1923 1944 1943
f 1924 1925 1945
f 1924 1945 1944
f 1925 1926 1946
f 1925 1946 1945
f 1926 1927 1947
f 1926 1947 1946
f 1927 1928 1948
f 1927 1948 1947
f 1928 1929 1949
f 1928 1949 1948
f 1929 1930 1950
f 1929 1950 1949
f 1930 1931 1951
f 1930 1951 1950
f 1931 1932 1952
f 1931 1952 1951
f 1932 1933 1953
f 1932 1953 1952
f 1933 1934 1954
f 1933 1954 1953
f 1934 1935 1955
f 1934 1955 1954
f 1935 1936 1956
f 1935 1956 1955
f 1936 1937 1957
f 1936 1957 1956
f 1937 1938 1958
f 1937 1958 1957
f 1938 1939 1959
f 1938 1959 1958
f 1939 1940 1960
f 1939 1960 1959
f 1940 1921 1941
f 1940 1941 1960
f 1941 1942 1962
f 1941 1962 1961
f 1942 1943 1963
f 1942 1963 1962
f 1943 1944 1964
f 1943 1964 1963
f 1944 1945 1965
f 1944 1965 1964
f 1945 1946 1966
f 1945 1966 1965
f 1946 1947 1967
f 1946 1967 1966
f 1947 1948 1968
f 1947 1968 1967
f 1948 1949 1969
f 1948 1969 1968
f 1949 1950 1970
f 1949 1970 1969
f 1950 1951 1971
f 1950 1971 1970
f 1951 1952 1972
f 1951 1972 1971
f 1952 1953 1973
f 1952 1973 1972
f 1953 1954 1974
f 1953 1974 1973
f 1954 1955 1975
f 1954 1975 1974
f 1955 1956 1976
f 1955 1976 1975
f 1956 1957 1977
f 1956 1977 1976
f 1957 1958 1978
f 1957 1978 1977
f 1958 1959 1979
f 1958 1979 1978
f 1959 1960 1980
f 1959 1980 1979
f 1960 1941 1961
f 1960 1961 1980
f 1961 1962 1982
f 1961 1982 1981
f 1962 1963 1983
f 1962 1983 1982
f 1963 1964 1984
f 1963 1984 1983
f 1964 1965 1985
f 1964 1985 1984
f 1965 1966 1986
f 1965 1986 1985
f 1966 1967 1987
f 1966 1987 1986
f 1967 1968 1988
f 1967 1988 1987
f 1968 1969 1989
f 1968 1989 1988
f 1969 1970 1990
f 1969 1990 1989
f 1970 1971 1991
f 1970 1991 1990
f 1971 1972 1992
f 1971 1992 1991
f 1972 1973 1993
f 1972 1993 1992
f 1973 1974 1994
f 1973 1994 1993
f 1974 1975 1995
f 1974 1995 1994
f 1975 1976 1996
f 1975 1996 1995
f 1976 1977 1997
f 1976 1997 1996
f 1977 1978 1998
f 1977 1998 1997
f 1978 1979 1999
f 1978 1999 1998
f 1979 1980 2000
f 1979 2000 1999
f 1980 1961 1981
f 1980 1981 2000
f 1981 1982 2002
f 1981 2002 2001
f 1982 1983 2003
f 1982 2003 2002
f 1983 1984 2004
f 1983 2004 2003
f 1984 1985 2005
f 1984 2005 2004
f 1985 1986 2006
f 1985 2006 2005
f 1986 1987 2007
f 1986 2007 2006
f 1987 1988 2008
f 1987 2008 2007
f 1988 1989 2009
f 1988 2009 2008
f 1989 1990 2010
f 1989 2010 2009
f 1990 1991 2011
f 1990 2011 2010
f 1991 1992 2012
f 1991 2012 2011
f 1992 1993 2013
f 1992 2013 2012
f 1993 1994 2014
f 1993 2014 2013
f 1994 1995 2015
f 1994 2015 2014
f 1995 1996 2016
f 1995 2016 2015
f 1996 1997 2017
f 1996 2017 2016
f 1997 1998 2018
f 1997 2018 2017
f 1998 1999 2019
f 1998 2019 2018
f 1999 2000 2020
f 1999 2020 2019
f 2000 1981 2001
f 2000 2001 2020
f 2001 2002 2022
f 2001 2022 2021
f 2002 2003 2023
f 2002 2023 2022
f 2003 2004 2024
f 2003 2024 2023
f 2004 2005 2025
f 2004 2025 2024
f 2005 2006 2026
f 2005 2026 2025
f 2006 2007 2027
f 2006 2027 2026
f 2007 2008 2028
f 2007 2028 2027
f 2008 2009 2029
f 2008 2029 2028
f 2009 2010 2030
f 2009 2030 2029
f 2010 2011 2031
f 2010 2031 2030
f 2011 2012 2032
f 2011 2032 2031
f 2012 2013 2033
f 2012 2033 2032
f 2013 2014 2034
f 2013 2034 2033
f 2014 2015 2035
f 2014 2035 2034
f 2015 2016 2036
f 2015 2036 2035
f 2016 2017 2037
f 2016 2037 2036
f 2017 2018 2038
f 2017 2038 2037
f 2018 2019 2039
f 2018 2039 2038
f 2019 2020 2040
f 2019 2040 2039
f 2020 2001 2021
f 2020 2021 2040
f 2021 2022 2042
f 2021 2042 2041
f 2022 2023 2043
f 2022 2043 2042
f 2023 2024 2044
f 2023 2044 2043
f 2024 2025 2045
f 2024 2045 2044
f 2025 2026 2046
f 2025 2046 2045
f 2026 2027 2047
f 2026 2047 2046
f 2027 2028 2048
f 2027 2048 2047
f 2028 2029 2049
f 2028 2049 2048
f 2029 2030 2050
f 2029 2050 2049
f 2030 2031 2051
f 2030 2051 2050
f 2031 2032 2052
f 2031 2052 2051
f 2032 2033 2053
f 2032 2053 2052
f 2033 2034 2054
f 2033 2054 2053
f 2034 2035 2055
f 2034 2055 2054
f 2035 2036 2056
f 2035 2056 2055
f 2036 2037 2057
f 2036 2057 2056
f 2037 2038 2058
f 2037 2058 2057
f 2038 2039 2059
f 2038 2059 2058
f 2039 2040 2060
f 2039 2060 2059
f 2040 2021 2041
f 2040 2041 2060
f 2041 2042 2062
f 2041 2062 2061
f 2042 2043 2063
f 2042 2063 2062
f 2043 2044 2064
f 2043 2064 2063
f 2044 2045 2065
f 2044 2065 2064
f 2045 2046 2066
f 2045 2066 2065
f 2046 2047 2067
f 2046 2067 2066
f 2047 2048 2068
f 2047 2068 2067
f 2048 2049 2069
f 2048 2069 2068
f 2049 2050 2070
f 2049 2070 2069
f 2050 2051 2071
f 2050 2071 2070
f 2051 2052 2072
f 2051 2072 2071
f 2052 2053 2073
f 2052 2073 2072
f 2053 2054 2074
f 2053 2074 2073
f 2054 2055 2075
f 2054 2075 2074
f 2055 2056 2076
f 2055 2076 2075
f 2056 2057 2077
f 2056 2077 2076
f 2057 2058 2078
f 2057 2078 2077
f 2058 2059 2079
f 2058 2079 2078
f 2059 2060 2080
f 2059 2080 2079
f 2060 2041 2061
f 2060 2061 2080
f 2061 2062 2082
f 2061 2082 2081
f 2062 2063 2083
f 2062 2083 2082
f 2063 2064 2084
f 2063 2084 2083
f 2064 2065 2085
f 2064 2085 2084
f 2065 2066 2086
f 2065 2086 2085
f 2066 2067 2087
f 2066 2087 2086
f 2067 2068 2088
f 2067 2088 2087
f 2068 2069 2089
f 2068 2089 2088
f 2069 2070 2090
f 2069 2090 2089
f 2070 2071 2091
f 2070 2091 2090
f 2071 2072 2092
f 2071 2092 2091
f 2072 2073 2093
f 2072 2093 2092
f 2073 2074 2094
f 2073 2094 2093
f 2074 2075 2095
f 2074 2095 2094
f 2075 2076 2096
f 2075 2096 2095
f 2076 2077 2097
f 2076 2097 2096
f 2077 2078 2098
f 2077 2098 2097
f 2078 2079 2099
f 2078 2099 2098
f 2079 2080 2100
f 2079 2100 2099
f 2080 2061 2081
f 2080 2081 2100
f 2081 2082 2102
f 2081 2102 2101
f 2082 2083 2103
f 2082 2103 2102
f 2083 2084 2104
f 2083 2104 2103
f 2084 2085 2105
f 2084 2105 2104
f 2085 2086 2106
f 2085 2106 2105
f 2086 2087 2107
f 2086 2107 2106
f 2087 2088 2108
f 2087 2108 2107
f 2088 2089 2109
f 2088 2109 2108
f 2089 2090 2110
f 2089 2110 2109
f 2090 2091 2111
f 2090 2111 2110
f 2091 2092 2112
f 2091 2112 2111
f 2092 2093 2113
f 2092 2113 2112
f 2093 2094 2114
f 2093 2114 2113
f 2094 2095 2115
f 2094 2115 2114
f 2095 2096 2116
f 2095 2116 2115
f 2096 2097 2117
f 2096 2117 2116
f 2097 2098 2118
f 2097 2118 2117
f 2098 2099 2119
f 2098 2119 2118
f 2099 2100 2120
f 2099 2120 2119
f 2100 2081 2101
f 2100 2101 2120
f 2101 2102 2122
f 2101 2122 2121
f 2102 2103 2123
f 2102 2123 2122
f 2103 2104 2124
f 2103 2124 2123
f 2104 2105 2125
f 2104 2125 2124
f 2105 2106 2126
f 2105 2126 2125
f 2106 2107 2127
f 2106 2127 2126
f 2107 2108 2128
f 2107 2128 2127
f 2108 2109 2129
f 2108 2129 2128
f 2109 2110 2130
f 2109 2130 2129
f 2110 2111 2131
f 2110 2131 2130
f 2111 2112 2132
f 2111 2132 2131
f 2112 2113 2133
f 2112 2133 2132
f 2113 2114 2134
f 2113 2134 2133
f 2114 2115 2135
f 2114 2135 2134
f 2115 2116 2136
f 2115 2136 2135
f 2116 2117 2137
f 2116 2137 2136
f 2117 2118 2138
f 2117 2138 2137
f 2118 2119 2139
f 2118 2139 2138
f 2119 2120 2140
f 2119 2140 2139
f 2120 2101 2121
f 2120 2121 2140
f 2121 2122 2142
f 2121 2142 2141
f 2122 2123 2143
f 2122 2143 2142
f 2123 2124 2144
f 2123 2144 2143
f 2124 2125 2145
f 2124 2145 2144
f 2125 2126 2146
f 2125 2146 2145
f 2126 2127 2147
f 2126 2147 2146
f 2127 2128 2148
f 2127 2148 2147
f 2128 2129 2149
f 2128 2149 2148
f 2129 2130 2150
f 2129 2150 2149
f 2130 2131 2151
f 2130 2151 2150
f 2131 2132 2152
f 2131 2152 2151
f 2132 2133 2153
f 2132 2153 2152
f 2133 2134 2154
f 2133 2154 2153
f 2134 2135 2155
f 2134 2155 2154
f 2135 2136 2156
f 2135 2156 2155
f 2136 2137 2157
f 2136 2157 2156
f 2137 2138 2158
f 2137 2158 2157
f 2138 2139 2159
f 2138 2159 2158
f 2139 2140 2160
f 2139 2160 2159
f 2140 2121 2141
f 2140 2141 2160
f 2141 2142 2162
f 2141 2162 2161
f 2142 2143 2163
f 2142 2163 2162
f 2143 2144 2164
f 2143 2164 2163
f 2144 2145 2165
f 2144 2165 2164
f 2145 2146 2166
f 2145 2166 2165
f 2146 2147 2167
f 2146 2167 2166
f 2147 2148 2168
f 2147 2168 2167
f 2148 2149 2169
f 2148 2169 2168
f 2149 2150 2170
f 2149 2170 2169
f 2150 2151 2171
f 2150 2171 2170
f 2151 2152 2172
f 2151 2172 2171
f 2152 2153 2173
f 2152 2173 2172
f 2153 2154 2174
f 2153 2174 2173
f 2154 2155 2175
f 2154 2175 2174
f 2155 2156 2176
f 2155 2176 2175
f 2156 2157 2177
f 2156 2177 2176
f 2157 2158 2178
f 2157 2178 2177
f 2158 2159 2179
f 2158 2179 2178
f 2159 2160 2180
f 2159 2180 2179
f 2160 2141 2161
f 2160 2161 2180
f 2161 2162 2182
f 2161 2182 2181
f 2162 2163 2183
f 2162 2183 2182
f 2163 2164 2184
f 2163 2184 2183
f 2164 2165 2185
f 2164 2185 2184
f 2165 2166 2186
f 2165 2186 2185
f 2166 2167 2187
f 2166 2187 2186
f 2167 2168 2188
f 2167 2188 2187
f 2168 2169 2189
f 2168 2189 2188
f 2169 2170 2190
f 2169 2190 2189
f 2170 2171 2191
f 2170 2191 2190
f 2171 2172 2192
f 2171 2192 2191
f 2172 2173 2193
f 2172 2193 2192
f 2173 2174 2194
f 2173 2194 2193
f 2174 2175 2195
f 2174 2195 2194
f 2175 2176 2196
f 2175 2196 2195
f 2176 2177 2197
f 2176 2197 2196
f 2177 2178 2198
f 2177 2198 2197
f 2178 2179 2199
f 2178 2199 2198
f 2179 2180 2200
f 2179 2200 2199
f 2180 2161 2181
f 2180 2181 2200
f 2181 2182 2202
f 2181 2202 2201
f 2182 2183 2203
f 2182 2203 2202
f 2183 2184 2204
f 2183 2204 2203
f 2184 2185 2205
f 2184 2205 2204
f 2185 2186 2206
f 2185 2206 2205
f 2186 2187 2207
f 2186 2207 2206
f 2187 2188 2208
f 2187 2208 2207
f 2188 2189 2209
f 2188 2209 2208
f 2189 2190 2210
f 2189 2210 2209
f 2190 2191 2211
f 2190 2211 2210
f 2191 2192 2212
f 2191 2212 2211
f 2192 2193 2213
f 2192 2213 2212
f 2193 2194 2214
f 2193 2214 2213
f 2194 2195 2215
f 2194 2215 2214
f 2195 2196 2216
f 2195 2216 2215
f 2196 2197 2217
f 2196 2217 2216
f 2197 2198 2218
f 2197 2218 2217
f 2198 2199 2219
f 2198 2219 2218
f 2199 2200 2220
f 2199 2220 2219
f 2200 2181 2201
f 2200 2201 2220
f 2201 2202 2222
f 2201 2222 2221
f 2202 2203 2223
f 2202 2223 2222
f 2203 2204 2224
f 2203 2224 2223
f 2204 2205 2225
f 2204 2225 2224
f 2205 2206 2226
f 2205 2226 2225
f 2206 2207 2227
f 2206 2227 2226
f 2207 2208 2228
f 2207 2228 2227
f 2208 2209 2229
f 2208 2229 2228
f 2209 2210 2230
f 2209 2230 2229
f 2210 2211 2231
f 2210 2231 2230
f 2211 2212 2232
f 2211 2232 2231
f 2212 2213 2233
f 2212 2233 2232
f 2213 2214 2234
f 2213 2234 2233
f 2214 2215 2235
f 2214 2235 2234
f 2215 2216 2236
f 2215 2236 2235
f 2216 2217 2237
f 2216 2237 2236
f 2217 2218 2238
f 2217 2238 2237
f 2218 2219 2239
f 2218 2239 2238
f 2219 2220 2240
f 2219 2240 2239
f 2220 2201 2221
f 2220 2221 2240
f 2221 2222 2242
f 2221 2242 2241
f 2222 2223 2243
f 2222 2243 2242
f 2223 2224 2244
f 2223 2244 2243
f 2224 2225 2245
f 2224 2245 2244
f 2225 2226 2246
f 2225 2246 2245
f 2226 2227 2247
f 2226 2247 2246
f 2227 2228 2248
f 2227 2248 2247
f 2228 2229 2249
f 2228 2249 2248
f 2229 2230 2250
f 2229 2250 2249
f 2230 2231 2251
f 2230 2251 2250
f 2231 2232 2252
f 2231 2252 2251
f 2232 2233 2253
f 2232 2253 2252
f 2233 2234 2254
f 2233 2254 2253
f 2234 2235 2255
f 2234 2255 2254
f 2235 2236 2256
f 2235 2256 2255
f 2236 2237 2257
f 2236 2257 2256
f 2237 2238 2258
f 2237 2258 2257
f 2238 2239 2259
f 2238 2259 2258
f 2239 2240 2260
f 2239 2260 2259
f 2240 2221 2241
f 2240 2241 2260
f 2241 2242 2262
f 2241 2262 2261
f 2242 2243 2263
f 2242 2263 2262
f 2243 2244 2264
f 2243 2264 2263
f 2244 2245 2265
f 2244 2265 2264
f 2245 2246 2266
f 2245 2266 2265
f 2246 2247 2267
f 2246 2267 2266
f 2247 2248 2268
f 2247 2268 2267
f 2248 2249 2269
f 2248 2269 2268
f 2249 2250 2270
f 2249 2270 2269
f 2250 2251 2271
f 2250 2271 2270
f 2251 2252 2272
f 2251 2272 2271
f 2252 2253 2273
f 2252 2273 2272
f 2253 2254 2274
f 2253 2274 2273
f 2254 2255 2275
f 2254 2275 2274
f 2255 2256 2276
f 2255 2276 2275
f 2256 2257 2277
f 2256 2277 2276
f 2257 2258 2278
f 2257 2278 2277
f 2258 2259 2279
f 2258 2279 2278
f 2259 2260 2280
f 2259 2280 2279
f 2260 2241 2261
f 2260 2261 2280
f 2261 2262 2282
f 2261 2282 2281
f 2262 2263 2283
f 2262 2283 2282
f 2263 2264 2284
f 2263 2284 2283
f 2264 2265 2285
f 2264 2285 2284
f 2265 2266 2286
f 2265 2286 2285
f 2266 2267 2287
f 2266 2287 2286
f 2267 2268 2288
f 2267 2288 2287
f 2268 2269 2289
f 2268 2289 2288
f 2269 2270 2290
f 2269 2290 2289
f 2270 2271 2291
f 2270 2291 2290
f 2271 2272 2292
f 2271 2292 2291
f 2272 2273 2293
f 2272 2293 2292
f 2273 2274 2294
f 2273 2294 2293
f 2274 2275 2295
f 2274 2295 2294
f 2275 2276 2296
f 2275 2296 2295
f 2276 2277 2297
f 2276 2297 2296
f 2277 2278 2298
f 2277 2298 2297
f 2278 2279 2299
f 2278 2299 2298
f 2279 2280 2300
f 2279 2300 2299
f 2280 2261 2281
f 2280 2281 2300
f 2281 2282 2302
f 2281 2302 2301
f 2282 2283 2303
f 2282 2303 2302
f 2283 2284 2304
f 2283 2304 2303
f 2284 2285 2305
f 2284 2305 2304
f 2285 2286 2306
f 2285 2306 2305
f 2286 2287 2307
f 2286 2307 2306
f 2287 2288 2308
f 2287 2308 2307
f 2288 2289 2309
f 2288 2309 2308
f 2289 2290 2310
f 2289 2310 2309
f 2290 2291 2311
f 2290 2311 2310
f 2291 2292 2312
f 2291 2312 2311
f 2292 2293 2313
f 2292 2313 2312
f 2293 2294 2314
f 2293 2314 2313
f 2294 2295 2315
f 2294 2315 2314
f 2295 2296 2316
f 2295 2316 2315
f 2296 2297 2317
f 2296 2317 2316
f 2297 2298 2318
f 2297 2318 2317
f 2298 2299 2319
f 2298 2319 2318
f 2299 2300 2320
f 2299 2320 2319
f 2300 2281 2301
f 2300 2301 2320
f 2301 2302 2322
f 2301 2322 2321
f 2302 2303 2323
f 2302 2323 2322
f 2303 2304 2324
f 2303 2324 2323
f 2304 2305 2325
f 2304 2325 2324
f 2305 2306 2326
f 2305 2326 2325
f 2306 2307 2327
f 2306 2327 2326
f 2307 2308 2328
f 2307 2328 2327
f 2308 2309 2329
f 2308 2329 2328
f 2309 2310 2330
f 2309 2330 2329
f 2310 2311 2331
f 2310 2331 2330
f 2311 2312 2332
f 2311 2332 2331
f 2312 2313 2333
f 2312 2333 2332
f 2313 2314 2334
f 2313 2334 2333
f 2314 2315 2335
f 2314 2335 2334
f 2315 2316 2336
f 2315 2336 2335
f 2316 2317 2337
f 2316 2337 2336
f 2317 2318 2338
f 2317 2338 2337
f 2318 2319 2339
f 2318 2339 2338
f 2319 2320 2340
f 2319 2340 2339
f 2320 2301 2321
f 2320 2321 2340
f 2321 2322 2342
f 2321 2342 2341
f 2322 2323 2343
f 2322 2343 2342
f 2323 2324 2344
f 2323 2344 2343
f 2324 2325 2345
f 2324 2345 2344
f 2325 2326 2346
f 2325 2346 2345
f 2326 2327 2347
f 2326 2347 2346
f 2327 2328 2348
f 2327 2348 2347
f 2328 2329 2349
f 2328 2349 2348
f 2329 2330 2350
f 2329 2350 2349
f 2330 2331 2351
f 2330 2351 2350
f 2331 2332 2352
f 2331 2352 2351
f 2332 2333 2353
f 2332 2353 2352
f 2333 2334 2354
f 2333 2354 2353
f 2334 2335 2355
f 2334 2355 2354
f 2335 2336 2356
f 2335 2356 2355
f 2336 2337 2357
f 2336 2357 2356
f 2337 2338 2358
f 2337 2358 2357
f 2338 2339 2359
f 2338 2359 2358
f 2339 2340 2360
f 2339 2360 2359
f 2340 2321 2341
f 2340 2341 2360
f 2341 2342 2362
f 2341 2362 2361
f 2342 2343 2363
f 2342 2363 2362
f 2343 2344 2364
f 2343 2364 2363
f 2344 2345 2365
f 2344 2365 2364
f 2345 2346 2366
f 2345 2366 2365
f 2346 2347 2367
f 2346 2367 2366
f 2347 2348 2368
f 2347 2368 2367
f 2348 2349 2369
f 2348 2369 2368
f 2349 2350 2370
f 2349 2370 2369
f 2350 2351 2371
f 2350 2371 2370
f 2351 2352 2372
f 2351 2372 2371
f 2352 2353 2373
f 2352 2373 2372
f 2353 2354 2374
f 2353 2374 2373
f 2354 2355 2375
f 2354 2375 2374
f 2355 2356 2376
f 2355 2376 2375
f 2356 2357 2377
f 2356 2377 2376
f 2357 2358 2378
f 2357 2378 2377
f 2358 2359 2379
f 2358 2379 2378
f 2359 2360 2380
f 2359 2380 2379
f 2360 2341 2361
f 2360 2361 2380
f 2361 2362 2382
f 2361 2382 2381
f 2362 2363 2383
f 2362 2383 2382
f 2363 2364 2384
f 2363 2384 2383
f 2364 2365 2385
f 2364 2385 2384
f 2365 2366 2386
f 2365 2386 2385
f 2366 2367 2387
f 2366 2387 2386
f 2367 2368 2388
f 2367 2388 2387
f 2368 2369 2389
f 2368 2389 2388
f 2369 2370 2390
f 2369 2390 2389
f 2370 2371 2391
f 2370 2391 2390
f 2371 2372 2392
f 2371 2392 2391
f 2372 2373 2393
f 2372 2393 2392
f 2373 2374 2394
f 2373 2394 2393
f 2374 2375 2395
f 2374 2395 2394
f 2375 2376 2396
f 2375 2396 2395
f 2376 2377 2397
f 2376 2397 2396
f 2377 2378 2398
f 2377 2398 2397
f 2378 2379 2399
f 2378 2399 2398
f 2379 2380 2400
f 2379 2400 2399
f 2380 2361 2381
f 2380 2381 2400
f 2381 2382 2402
f 2381 2402 2401
f 2382 2383 2403
f 2382 2403 2402
f 2383 2384 2404
f 2383 2404 2403
f 2384 2385 2405
f 2384 2405 2404
f 2385 2386 2406
f 2385 2406 2405
f 2386 2387 2407
f 2386 2407 2406
f 2387 2388 2408
f 2387 2408 2407
f 2388 2389 2409
f 2388 2409 2408
f 2389 2390 2410
f 2389 2410 2409
f 2390 2391 2411
f 2390 2411 2410
f 2391 2392 2412
f 2391 2412 2411
f 2392 2393 2413
f 2392 2413 2412
f 2393 2394 2414
f 2393 2414 2413
f 2394 2395 2415
f 2394 2415 2414
f 2395 2396 2416
f 2395 2416 2415
f 2396 2397 2417
f 2396 2417 2416
f 2397 2398 2418
f 2397 2418 2417
f 2398 2399 2419
f 2398 2419 2418
f 2399 2400 2420
f 2399 2420 2419
f 2400 2381 2401
f 2400 2401 2420
f 2401 2402 2422
f 2401 2422 2421
f 2402 2403 2423
f 2402 2423 2422
f 2403 2404 2424
f 2403 2424 2423
f 2404 2405 2425
f 2404 2425 2424
f 2405 2406 2426
f 2405 2426 2425
f 2406 2407 2427
f 2406 2427 2426
f 2407 2408 2428
f 2407 2428 2427
f 2408 2409 2429
f 2408 2429 2428
f 2409 2410 2430
f 2409 2430 2429
f 2410 2411 2431
f 2410 2431 2430
f 2411 2412 2432
f 2411 2432 2431
f 2412 2413 2433
f 2412 2433 2432
f 2413 2414 2434
f 2413 2434 2433
f 2414 2415 2435
f 2414 2435 2434
f 2415 2416 2436
f 2415 2436 2435
f 2416 2417 2437
f 2416 2437 2436
f 2417 2418 2438
f 2417 2438 2437
f 2418 2419 2439
f 2418 2439 2438
f 2419 2420 2440
f 2419 2440 2439
f 2420 2401 2421
f 2420 2421 2440
f 2421 2422 2442
f 2421 2442 2441
f 2422 2423 2443
f 2422 2443 2442
f 2423 2424 2444
f 2423 2444 2443
f 2424 2425 2445
f 2424 2445 2444
f 2425 2426 2446
f 2425 2446 2445
f 2426 2427 2447
f 2426 2447 2446
f 2427 2428 2448
f 2427 2448 2447
f 2428 2429 2449
f 2428 2449 2448
f 2429 2430 2450
f 2429 2450 2449
f 2430 2431 2451
f 2430 2451 2450
f 2431 2432 2452
f 2431 2452 2451
f 2432 2433 2453
f 2432 2453 2452
f 2433 2434 2454
f 2433 2454 2453
f 2434 2435 2455
f 2434 2455 2454
f 2435 2436 2456
f 2435 2456 2455
f 2436 2437 2457
f 2436 2457 2456
f 2437 2438 2458
f 2437 2458 2457
f 2438 2439 2459
f 2438 2459 2458
f 2439 2440 2460
f 2439 2460 2459
f 2440 2421 2441
f 2440 2441 2460
f 2441 2442 2462
f 2441 2462 2461
f 2442 2443 2463
f 2442 2463 2462
f 2443 2444 2464
f 2443 2464 2463
f 2444 2445 2465
f 2444 2465 2464
f 2445 2446 2466
f 2445 2466 2465
f 2446 2447 2467
f 2446 2467 2466
f 2447 2448 2468
f 2447 2468 2467
f 2448 2449 2469
f 2448 2469 2468
f 2449 2450 2470
f 2449 2470 2469
f 2450 2451 2471
f 2450 2471 2470
f 2451 2452 2472
f 2451 2472 2471
f 2452 2453 2473
f 2452 2473 2472
f 2453 2454 2474
f 2453 2474 2473
f 2454 2455 2475
f 2454 2475 2474
f 2455 2456 2476
f 2455 2476 2475
f 2456 2457 2477
f 2456 2477 2476
f 2457 2458 2478
f 2457 2478 2477
f 2458 2459 2479
f 2458 2479 2478
f 2459 2460 2480
f 2459 2480 2479
f 2460 2441 2461
f 2460 2461 2480
f 2461 2462 2482
f 2461 2482 2481
f 2462 2463 2483
f 2462 2483 2482
f 2463 2464 2484
f 2463 2484 2483
f 2464 2465 2485
f 2464 2485 2484
f 2465 2466 2486
f 2465 2486 2485
f 2466 2467 2487
f 2466 2487 2486
f 2467 2468 2488
f 2467 2488 2487
f 2468 2469 2489
f 2468 2489 2488
f 2469 2470 2490
f 2469 2490 2489
f 2470 2471 2491
f 2470 2491 2490
f 2471 2472 2492
f 2471 2492 2491
f 2472 2473 2493
f 2472 2493 2492
f 2473 2474 2494
f 2473 2494 2493
f 2474 2475 2495
f 2474 2495 2494
f 2475 2476 2496
f 2475 2496 2495
f 2476 2477 2497
f 2476 2497 2496
f 2477 2478 2498
f 2477 2498 2497
f 2478 2479 2499
f 2478 2499 2498
f 2479 2480 2500
f 2479 2500 2499
f 2480 2461 2481
f 2480 2481 2500
f 2481 2482 2502
f 2481 2502 2501
f 2482 2483 2503
f 2482 2503 2502
f 2483 2484 2504
f 2483 2504 2503
f 2484 2485 2505
f 2484 2505 2504
f 2485 2486 2506
f 2485 2506 2505
f 2486 2487 2507
f 2486 2507 2506
f 2487 2488 2508
f 2487 2508 2507
f 2488 2489 2509
f 2488 2509 2508
f 2489 2490 2510
f 2489 2510 2509
f 2490 2491 2511
f 2490 2511 2510
f 2491 2492 2512
f 2491 2512 2511
f 2492 2493 2513
f 2492 2513 2512
f 2493 2494 2514
f 2493 2514 2513
f 2494 2495 2515
f 2494 2515 2514
f 2495 2496 2516
f 2495 2516 2515
f 2496 2497 2517
f 2496 2517 2516
f 2497 2498 2518
f 2497 2518 2517
f 2498 2499 2519
f 2498 2519 2518
f 2499 2500 2520
f 2499 2520 2519
f 2500 2481 2501
f 2500 2501 2520
f 2501 2502 2522
f 2501 2522 2521
f 2502 2503 2523
f 2502 2523 2522
f 2503 2504 2524
f 2503 2524 2523
f 2504 2505 2525
f 2504 2525 2524
f 2505 2506 2526
f 2505 2526 2525
f 2506 2507 2527
f 2506 2527 2526
f 2507 2508 2528
f 2507 2528 2527
f 2508 2509 2529
f 2508 2529 2528
f 2509 2510 2530
f 2509 2530 2529
f 2510 2511 2531
f 2510 2531 2530
f 2511 2512 2532
f 2511 2532 2531
f 2512 2513 2533
f 2512 2533 2532
f 2513 2514 2534
f 2513 2534 2533
f 2514 2515 2535
f 2514 2535 2534
f 2515 2516 2536
f 2515 2536 2535
f 2516 2517 2537
f 2516 2537 2536
f 2517 2518 2538
f 2517 2538 2537
f 2518 2519 2539
f 2518 2539 2538
f 2519 2520 2540
f 2519 2540 2539
f 2520 2501 2521
f 2520 2521 2540
f 2521 2522 2542
f 2521 2542 2541
f 2522 2523 2543
f 2522 2543 2542
f 2523 2524 2544
f 2523 2544 2543
f 2524 2525 2545
f 2524 2545 2544
f 2525 2526 2546
f 2525 2546 2545
f 2526 2527 2547
f 2526 2547 2546
f 2527 2528 2548
f 2527 2548 2547
f 2528 2529 2549
f 2528 2549 2548
f 2529 2530 2550
f 2529 2550 2549
f 2530 2531 2551
f 2530 2551 2550
f 2531 2532 2552
f 2531 2552 2551
f 2532 2533 2553
f 2532 2553 2552
f 2533 2534 2554
f 2533 2554 2553
f 2534 2535 2555
f 2534 2555 2554
f 2535 2536 2556
f 2535 2556 2555
f 2536 2537 2557
f 2536 2557 2556
f 2537 2538 2558
f 2537 2558 2557
f 2538 2539 2559
f 2538 2559 2558
f 2539 2540 2560
f 2539 2560 2559
f 2540 2521 2541
f 2540 2541 2560
f 2541 2542 2562
f 2541 2562 2561
f 2542 2543 2563
f 2542 2563 2562
f 2543 2544 2564
f 2543 2564 2563
f 2544 2545 2565
f 2544 2565 2564
f 2545 2546 2566
f 2545 2566 2565
f 2546 2547 2567
f 2546 2567 2566
f 2547 2548 2568
f 2547 2568 2567
f 2548 2549 2569
f 2548 2569 2568
f 2549 2550 2570
f 2549 2570 2569
f 2550 2551 2571
f 2550 2571 2570
f 2551 2552 2572
f 2551 2572 2571
f 2552 2553 2573
f 2552 2573 2572
f 2553 2554 2574
f 2553 2574 2573
f 2554 2555 2575
f 2554 2575 2574
f 2555 2556 2576
f 2555 2576 2575
f 2556 2557 2577
f 2556 2577 2576
f 2557 2558 2578
f 2557 2578 2577
f 2558 2559 2579
f 2558 2579 2578
f 2559 2560 2580
f 2559 2580 2579
f 2560 2541 2561
f 2560 2561 2580
f 2561 2562 2582
f 2561 2582 2581
f 2562 2563 2583
f 2562 2583 2582
f 2563 2564 2584
f 2563 2584 2583
f 2564 2565 2585
f 2564 2585 2584
f 2565 2566 2586
f 2565 2586 2585
f 2566 2567 2587
f 2566 2587 2586
f 2567 2568 2588
f 2567 2588 2587
f 2568 2569 2589
f 2568 2589 2588
f 2569 2570 2590
f 2569 2590 2589
f 2570 2571 2591
f 2570 2591 2590
f 2571 2572 2592
f 2571 2592 2591
f 2572 2573 2593
f 2572 2593 2592
f 2573 2574 2594
f 2573 2594 2593
f 2574 2575 2595
f 2574 2595 2594
f 2575 2576 2596
f 2575 2596 2595
f 2576 2577 2597
f 2576 2597 2596
f 2577 2578 2598
f 2577 2598 2597
f 2578 2579 2599
f 2578 2599 2598
f 2579 2580 2600
f 2579 2600 2599
f 2580 2561 2581
f 2580 2581 2600
f 2581 2582 2602
f 2581 2602 2601
f 2582 2583 2603
f 2582 2603 2602
f 2583 2584 2604
f 2583 2604 2603
f 2584 2585 2605
f 2584 2605 2604
f 2585 2586 2606
f 2585 2606 2605
f 2586 2587 2607
f 2586 2607 2606
f 2587 2588 2608
f 2587 2608 2607
f 2588 2589 2609
f 2588 2609 2608
f 2589 2590 2610
f 2589 2610 2609
f 2590 2591 2611
f 2590 2611 2610
f 2591 2592 2612
f 2591 2612 2611
f 2592 2593 2613
f 2592 2613 2612
f 2593 2594 2614
f 2593 2614 2613
f 2594 2595 2615
f 2594 2615 2614
f 2595 2596 2616
f 2595 2616 2615
f 2596 2597 2617
f 2596 2617 2616
f 2597 2598 2618
f 2597 2618 2617
f 2598 2599 2619
f 2598 2619 2618
f 2599 2600 2620
f 2599 2620 2619
f 2600 2581 2601
f 2600 2601 2620
f 2601 2602 2622
f 2601 2622 2621
f 2602 2603 2623
f 2602 2623 2622
f 2603 2604 2624
f 2603 2624 2623
f 2604 2605 2625
f 2604 2625 2624
f 2605 2606 2626
f 2605 2626 2625
f 2606 2607 2627
f 2606 2627 2626
f 2607 2608 2628
f 2607 2628 2627
f 2608 2609 2629
f 2608 2629 2628
f 2609 2610 2630
f 2609 2630 2629
f 2610 2611 2631
f 2610 2631 2630
f 2611 2612 2632
f 2611 2632 2631
f 2612 2613 2633
f 2612 2633 2632
f 2613 2614 2634
f 2613 2634 2633
f 2614 2615 2635
f 2614 2635 2634
f 2615 2616 2636
f 2615 2636 2635
f 2616 2617 2637
f 2616 2637 2636
f 2617 2618 2638
f 2617 2638 2637
f 2618 2619 2639
f 2618 2639 2638
f 2619 2620 2640
f 2619 2640 2639
f 2620 2601 2621
f 2620 2621 2640
f 2621 2622 2642
f 2621 2642 2641
f 2622 2623 2643
f 2622 2643 2642
f 2623 2624 2644
f 2623 2644 2643
f 2624 2625 2645
f 2624 2645 2644
f 2625 2626 2646
f 2625 2646 2645
f 2626 2627 2647
f 2626 2647 2646
f 2627 2628 2648
f 2627 2648 2647
f 2628 2629 2649
f 2628 2649 2648
f 2629 2630 2650
f 2629 2650 2649
f 2630 2631 2651
f 2630 2651 2650
f 2631 2632 2652
f 2631 2652 2651
f 2632 2633 2653
f 2632 2653 2652
f 2633 2634 2654
f 2633 2654 2653
f 2634 2635 2655
f 2634 2655 2654
f 2635 2636 2656
f 2635 2656 2655
f 2636 2637 2657
f 2636 2657 2656
f 2637 2638 2658
f 2637 2658 2657
f 2638 2639 2659
f 2638 2659 2658
f 2639 2640 2660
f 2639 2660 2659
f 2640 2621 2641
f 2640 2641 2660
f 2641 2642 2662
f 2641 2662 2661
f 2642 2643 2663
f 2642 2663 2662
f 2643 2644 2664
f 2643 2664 2663
f 2644 2645 2665
f 2644 2665 2664
f 2645 2646 2666
f 2645 2666 2665
f 2646 2647 2667
f 2646 2667 2666
f 2647 2648 2668
f 2647 2668 2667
f 2648 2649 2669
f 2648 2669 2668
f 2649 2650 2670
f 2649 2670 2669
f 2650 2651 2671
f 2650 2671 2670
f 2651 2652 2672
f 2651 2672 2671
f 2652 2653 2673
f 2652 2673 2672
f 2653 2654 2674
f 2653 2674 2673
f 2654 2655 2675
f 2654 2675 2674
f 2655 2656 2676
f 2655 2676 2675
f 2656 2657 2677
f 2656 2677 2676
f 2657 2658 2678
f 2657 2678 2677
f 2658 2659 2679
f 2658 2679 2678
f 2659 2660 2680
f 2659 2680 2679
f 2660 2641 2661
f 2660 2661 2680
f 2661 2662 2682
f 2661 2682 2681
f 2662 2663 2683
f 2662 2683 2682
f 2663 2664 2684
f 2663 2684 2683
f 2664 2665 2685
f 2664 2685 2684
f 2665 2666 2686
f 2665 2686 2685
f 2666 2667 2687
f 2666 2687 2686
f 2667 2668 2688
f 2667 2688 2687
f 2668 2669 2689
f 2668 2689 2688
f 2669 2670 2690
f 2669 2690 2689
f 2670 2671 2691
f 2670 2691 2690
f 2671 2672 2692
f 2671 2692 2691
f 2672 2673 2693
f 2672 2693 2692
f 2673 2674 2694
f 2673 2694 2693
f 2674 2675 2695
f 2674 2695 2694
f 2675 2676 2696
f 2675 2696 2695
f 2676 2677 2697
f 2676 2697 2696
f 2677 2678 2698
f 2677 2698 2697
f 2678 2679 2699
f 2678 2699 2698
f 2679 2680 2700
f 2679 2700 2699
f 2680 2661 2681
f 2680 2681 2700
f 2681 2682 2702
f 2681 2702 2701
f 2682 2683 2703
f 2682 2703 2702
f 2683 2684 2704
f 2683 2704 2703
f 2684 2685 2705
f 2684 2705 2704
f 2685 2686 2706
f 2685 2706 2705
f 2686 2687 2707
f 2686 2707 2706
f 2687 2688 2708
f 2687 2708 2707
f 2688 2689 2709
f 2688 2709 2708
f 2689 2690 2710
f 2689 2710 2709
f 2690 2691 2711
f 2690 2711 2710
f 2691 2692 2712
f 2691 2712 2711
f 2692 2693 2713
f 2692 2713 2712
f 2693 2694 2714
f 2693 2714 2713
f 2694 2695 2715
f 2694 2715 2714
f 2695 2696 2716
f 2695 2716 2715
f 2696 2697 2717
f 2696 2717 2716
f 2697 2698 2718
f 2697 2718 2717
f 2698 2699 2719
f 2698 2719 2718
f 2699 2700 2720
f 2699 2720 2719
f 2700 2681 2701
f 2700 2701 2720
f 2701 2702 2722
f 2701 2722 2721
f 2702 2703 2723
f 2702 2723 2722
f 2703 2704 2724
f 2703 2724 2723
f 2704 2705 2725
f 2704 2725 2724
f 2705 2706 2726
f 2705 2726 2725
f 2706 2707 2727
f 2706 2727 2726
f 2707 2708 2728
f 2707 2728 2727
f 2708 2709 2729
f 2708 2729 2728
f 2709 2710 2730
f 2709 2730 2729
f 2710 2711 2731
f 2710 2731 2730
f 2711 2712 2732
f 2711 2732 2731
f 2712 2713 2733
f 2712 2733 2732
f 2713 2714 2734
f 2713 2734 2733
f 2714 2715 2735
f 2714 2735 2734
f 2715 2716 2736
f 2715 2736 2735
f 2716 2717 2737
f 2716 2737 2736
f 2717 2718 2738
f 2717 2738 2737
f 2718 2719 2739
f 2718 2739 2738
f 2719 2720 2740
f 2719 2740 2739
f 2720 2701 2721
f 2720 2721 2740
f 2721 2722 2742
f 2721 2742 2741
f 2722 2723 2743
f 2722 2743 2742
f 2723 2724 2744
f 2723 2744 2743
f 2724 2725 2745
f 2724 2745 2744
f 2725 2726 2746
f 2725 2746 2745
f 2726 2727 2747
f 2726 2747 2746
f 2727 2728 2748
f 2727 2748 2747
f 2728 2729 2749
f 2728 2749 2748
f 2729 2730 2750
f 2729 2750 2749
f 2730 2731 2751
f 2730 2751 2750
f 2731 2732 2752
f 2731 2752 2751
f 2732 2733 2753
f 2732 2753 2752
f 2733 2734 2754
f 2733 2754 2753
f 2734 2735 2755
f 2734 2755 2754
f 2735 2736 2756
f 2735 2756 2755
f 2736 2737 2757
f 2736 2757 2756
f 2737 2738 2758
f 2737 2758 2757
f 2738 2739 2759
f 2738 2759 2758
f 2739 2740 2760
f 2739 2760 2759
f 2740 2721 2741
f 2740 2741 2760
f 2741 2742 2762
f 2741 2762 2761
f 2742 2743 2763
f 2742 2763 2762
f 2743 2744 2764
f 2743 2764 2763
f 2744 2745 2765
f 2744 2765 2764
f 2745 2746 2766
f 2745 2766 2765
f 2746 2747 2767
f 2746 2767 2766
f 2747 2748 2768
f 2747 2768 2767
f 2748 2749 2769
f 2748 2769 2768
f 2749 2750 2770
f 2749 2770 2769
f 2750 2751 2771
f 2750 2771 2770
f 2751 2752 2772
f 2751 2772 2771
f 2752 2753 2773
f 2752 2773 2772
f 2753 2754 2774
f 2753 2774 2773
f 2754 2755 2775
f 2754 2775 2774
f 2755 2756 2776
f 2755 2776 2775
f 2756 2757 2777
f 2756 2777 2776
f 2757 2758 2778
f 2757 2778 2777
f 2758 2759 2779
f 2758 2779 2778
f 2759 2760 2780
f 2759 2780 2779
f 2760 2741 2761
f 2760 2761 2780
f 2761 2762 2782
f 2761 2782 2781
f 2762 2763 2783
f 2762 2783 2782
f 2763 2764 2784
f 2763 2784 2783
f 2764 2765 2785
f 2764 2785 2784
f 2765 2766 2786
f 2765 2786 2785
f 2766 2767 2787
f 2766 2787 2786
f 2767 2768 2788
f 2767 2788 2787
f 2768 2769 2789
f 2768 2789 2788
f 2769 2770 2790
f 2769 2790 2789
f 2770 2771 2791
f 2770 2791 2790
f 2771 2772 2792
f 2771 2792 2791
f 2772 2773 2793
f 2772 2793 2792
f 2773 2774 2794
f 2773 2794 2793
f 2774 2775 2795
f 2774 2795 2794
f 2775 2776 2796
f 2775 2796 2795
f 2776 2777 2797
f 2776 2797 2796
f 2777 2778 2798
f 2777 2798 2797
f 2778 2779 2799
f 2778 2799 2798
f 2779 2780 2800
f 2779 2800 2799
f 2780 2761 2781
f 2780 2781 2800
f 2781 2782 2802
f 2781 2802 2801
f 2782 2783 2803
f 2782 2803 2802
f 2783 2784 2804
f 2783 2804 2803
f 2784 2785 2805
f 2784 2805 2804
f 2785 2786 2806
f 2785 2806 2805
f 2786 2787 2807
f 2786 2807 2806
f 2787 2788 2808
f 2787 2808 2807
f 2788 2789 2809
f 2788 2809 2808
f 2789 2790 2810
f 2789 2810 2809
f 2790 2791 2811
f 2790 2811 2810
f 2791 2792 2812
f 2791 2812 2811
f 2792 2793 2813
f 2792 2813 2812
f 2793 2794 2814
f 2793 2814 2813
f 2794 2795 2815
f 2794 2815 2814
f 2795 2796 2816
f 2795 2816 2815
f 2796 2797 2817
f 2796 2817 2816
f 2797 2798 2818
f 2797 2818 2817
f 2798 2799 2819
f 2798 2819 2818
f 2799 2800 2820
f 2799 2820 2819
f 2800 2781 2801
f 2800 2801 2820
f 2801 2802 2822
f 2801 2822 2821
f 2802 2803 2823
f 2802 2823 2822
f 2803 2804 2824
f 2803 2824 2823
f 2804 2805 2825
f 2804 2825 2824
f 2805 2806 2826
f 2805 2826 2825
f 2806 2807 2827
f 2806 2827 2826
f 2807 2808 2828
f 2807 2828 2827
f 2808 2809 2829
f 2808 2829 2828
f 2809 2810 2830
f 2809 2830 2829
f 2810 2811 2831
f 2810 2831 2830
f 2811 2812 2832
f 2811 2832 2831
f 2812 2813 2833
f 2812 2833 2832
f 2813 2814 2834
f 2813 2834 2833
f 2814 2815 2835
f 2814 2835 2834
f 2815 2816 2836
f 2815 2836 2835
f 2816 2817 2837
f 2816 2837 2836
f 2817 2818 2838
f 2817 2838 2837
f 2818 2819 2839
f 2818 2839 2838
f 2819 2820 2840
f 2819 2840 2839
f 2820 2801 2821
f 2820 2821 2840
f 2821 2822 2842
f 2821 2842 2841
f 2822 2823 2843
f 2822 2843 2842
f 2823 2824 2844
f 2823 2844 2843
f 2824 2825 2845
f 2824 2845 2844
f 2825 2826 2846
f 2825 2846 2845
f 2826 2827 2847
f 2826 2847 2846
f 2827 2828 2848
f 2827 2848 2847
f 2828 2829 2849
f 2828 2849 2848
f 2829 2830 2850
f 2829 2850 2849
f 2830 2831 2851
f 2830 2851 2850
f 2831 2832 2852
f 2831 2852 2851
f 2832 2833 2853
f 2832 2853 2852
f 2833 2834 2854
f 2833 2854 2853
f 2834 2835 2855
f 2834 2855 2854
f 2835 2836 2856
f 2835 2856 2855
f 2836 2837 2857
f 2836 2857 2856
f 2837 2838 2858
f 2837 2858 2857
f 2838 2839 2859
f 2838 2859 2858
f 2839 2840 2860
f 2839 2860 2859
f 2840 2821 2841
f 2840 2841 2860
f 2841 2842 2862
f 2841 2862 2861
f 2842 2843 2863
f 2842 2863 2862
f 2843 2844 2864
f 2843 2864 2863
f 2844 2845 2865
f 2844 2865 2864
f 2845 2846 2866
f 2845 2866 2865
f 2846 2847 2867
f 2846 2867 2866
f 2847 2848 2868
f 2847 2868 2867
f 2848 2849 2869
f 2848 2869 2868
f 2849 2850 2870
f 2849 2870 2869
f 2850 2851 2871
f 2850 2871 2870
f 2851 2852 2872
f 2851 2872 2871
f 2852 2853 2873
f 2852 2873 2872
f 2853 2854 2874
f 2853 2874 2873
f 2854 2855 2875
f 2854 2875 2874
f 2855 2856 2876
f 2855 2876 2875
f 2856 2857 2877
f 2856 2877 2876
f 2857 2858 2878
f 2857 2878 2877
f 2858 2859 2879
f 2858 2879 2878
f 2859 2860 2880
f 2859 2880 2879
f 2860 2841 2861
f 2860 2861 2880
f 2861 2862 2882
f 2861 2882 2881
f 2862 2863 2883
f 2862 2883 2882
f 2863 2864 2884
f 2863 2884 2883
f 2864 2865 2885
f 2864 2885 2884
f 2865 2866 2886
f 2865 2886 2885
f 2866 2867 2887
f 2866 2887 2886
f 2867 2868 2888
f 2867 2888 2887
f 2868 2869 2889
f 2868 2889 2888
f 2869 2870 2890
f 2869 2890 2889
f 2870 2871 2891
f 2870 2891 2890
f 2871 2872 2892
f 2871 2892 2891
f 2872 2873 2893
f 2872 2893 2892
f 2873 2874 2894
f 2873 2894 2893
f 2874 2875 2895
f 2874 2895 2894
f 2875 2876 2896
f 2875 2896 2895
f 2876 2877 2897
f 2876 2897 2896
f 2877 2878 2898
f 2877 2898 2897
f 2878 2879 2899
f 2878 2899 2898
f 2879 2880 2900
f 2879 2900 2899
f 2880 2861 2881
f 2880 2881 2900
f 2881 2882 2902
f 2881 2902 2901
f 2882 2883 2903
f 2882 2903 2902
f 2883 2884 2904
f 2883 2904 2903
f 2884 2885 2905
f 2884 2905 2904
f 2885 2886 2906
f 2885 2906 2905
f 2886 2887 2907
f 2886 2907 2906
f 2887 2888 2908
f 2887 2908 2907
f 2888 2889 2909
f 2888 2909 2908
f 2889 2890 2910
f 2889 2910 2909
f 2890 2891 2911
f 2890 2911 2910
f 2891 2892 2912
f 2891 2912 2911
f 2892 2893 2913
f 2892 2913 2912
f 2893 2894 2914
f 2893 2914 2913
f 2894 2895 2915
f 2894 2915 2914
f 2895 2896 2916
f 2895 2916 2915
f 2896 2897 2917
f 2896 2917 2916
f 2897 2898 2918
f 2897 2918 2917
f 2898 2899 2919
f 2898 2919 2918
f 2899 2900 2920
f 2899 2920 2919
f 2900 2881 2901
f 2900 2901 2920
f 2901 2902 2922
f 2901 2922 2921
f 2902 2903 2923
f 2902 2923 2922
f 2903 2904 2924
f 2903 2924 2923
f 2904 2905 2925
f 2904 2925 2924
f 2905 2906 2926
f 2905 2926 2925
f 2906 2907 2927
f 2906 2927 2926
f 2907 2908 2928
f 2907 2928 2927
f 2908 2909 2929
f 2908 2929 2928
f 2909 2910 2930
f 2909 2930 2929
f 2910 2911 2931
f 2910 2931 2930
f 2911 2912 2932
f 2911 2932 2931
f 2912 2913 2933
f 2912 2933 2932
f 2913 2914 2934
f 2913 2934 2933
f 2914 2915 2935
f 2914 2935 2934
f 2915 2916 2936
f 2915 2936 2935
f 2916 2917 2937
f 2916 2937 2936
f 2917 2918 2938
f 2917 2938 2937
f 2918 2919 2939
f 2918 2939 2938
f 2919 2920 2940
f 2919 2940 2939
f 2920 2901 2921
f 2920 2921 2940
f 2921 2922 2942
f 2921 2942 2941
f 2922 2923 2943
f 2922 2943 2942
f 2923 2924 2944
f 2923 2944 2943
f 2924 2925 2945
f 2924 2945 2944
f 2925 2926 2946
f 2925 2946 2945
f 2926 2927 2947
f 2926 2947 2946
f 2927 2928 2948
f 2927 2948 2947
f 2928 2929 2949
f 2928 2949 2948
f 2929 2930 2950
f 2929 2950 2949
f 2930 2931 2951
f 2930 2951 2950
f 2931 2932 2952
f 2931 2952 2951
f 2932 2933 2953
f 2932 2953 2952
f 2933 2934 2954
f 2933 2954 2953
f 2934 2935 2955
f 2934 2955 2954
f 2935 2936 2956
f 2935 2956 2955
f 2936 2937 2957
f 2936 2957 2956
f 2937 2938 2958
f 2937 2958 2957
f 2938 2939 2959
f 2938 2959 2958
f 2939 2940 2960
f 2939 2960 2959
f 2940 2921 2941
f 2940 2941 2960
f 2941 2942 2962
f 2941 2962 2961
f 2942 2943 2963
f 2942 2963 2962
f 2943 2944 2964
f 2943 2964 2963
f 2944 2945 2965
f 2944 2965 2964
f 2945 2946 2966
f 2945 2966 2965
f 2946 2947 2967
f 2946 2967 2966
f 2947 2948 2968
f 2947 2968 2967
f 2948 2949 2969
f 2948 2969 2968
f 2949 2950 2970
f 2949 2970 2969
f 2950 2951 2971
f 2950 2971 2970
f 2951 2952 2972
f 2951 2972 2971
f 2952 2953 2973
f 2952 2973 2972
f 2953 2954 2974
f 2953 2974 2973
f 2954 2955 2975
f 2954 2975 2974
f 2955 2956 2976
f 2955 2976 2975
f 2956 2957 2977
f 2956 2977 2976
f 2957 2958 2978
f 2957 2978 2977
f 2958 2959 2979
f 2958 2979 2978
f 2959 2960 2980
f 2959 2980 2979
f 2960 2941 2961
f 2960 2961 2980
f 2961 2962 2982
f 2961 2982 2981
f 2962 2963 2983
f 2962 2983 2982
f 2963 2964 2984
f 2963 2984 2983
f 2964 2965 2985
f 2964 2985 2984
f 2965 2966 2986
f 2965 2986 2985
f 2966 2967 2987
f 2966 2987 2986
f 2967 2968 2988
f 2967 2988 2987
f 2968 2969 2989
f 2968 2989 2988
f 2969 2970 2990
f 2969 2990 2989
f 2970 2971 2991
f 2970 2991 2990
f 2971 2972 2992
f 2971 2992 2991
f 2972 2973 2993
f 2972 2993 2992
f 2973 2974 2994
f 2973 2994 2993
f 2974 2975 2995
f 2974 2995 2994
f 2975 2976 2996
f 2975 2996 2995
f 2976 2977 2997
f 2976 2997 2996
f 2977 2978 2998
f 2977 2998 2997
f 2978 2979 2999
f 2978 2999 2998
f 2979 2980 3000
f 2979 3000 2999
f 2980 2961 2981
f 2980 2981 3000
f 2981 2982 3002
f 2981 3002 3001
f 2982 2983 3003
f 2982 3003 3002
f 2983 2984 3004
f 2983 3004 3003
f 2984 2985 3005
f 2984 3005 3004
f 2985 2986 3006
f 2985 3006 3005
f 2986 2987 3007
f 2986 3007 3006
f 2987 2988 3008
f 2987 3008 3007
f 2988 2989 3009
f 2988 3009 3008
f 2989 2990 3010
f 2989 3010 3009
f 2990 2991 3011
f 2990 3011 3010
f 2991 2992 3012
f 2991 3012 3011
f 2992 2993 3013
f 2992 3013 3012
f 2993 2994 3014
f 2993 3014 3013
f 2994 2995 3015
f 2994 3015 3014
f 2995 2996 3016
f 2995 3016 3015
f 2996 2997 3017
f 2996 3017 3016
f 2997 2998 3018
f 2997 3018 3017
f 2998 2999 3019
f 2998 3019 3018
f 2999 3000 3020
f 2999 3020 3019
f 3000 2981 3001
f 3000 3001 3020
f 3001 3002 3022
f 3001 3022 3021
f 3002 3003 3023
f 3002 3023 3022
f 3003 3004 3024
f 3003 3024 3023
f 3004 3005 3025
f 3004 3025 3024
f 3005 3006 3026
f 3005 3026 3025
f 3006 3007 3027
f 3006 3027 3026
f 3007 3008 3028
f 3007 3028 3027
f 3008 3009 3029
f 3008 3029 3028
f 3009 3010 3030
f 3009 3030 3029
f 3010 3011 3031
f 3010 3031 3030
f 3011 3012 3032
f 3011 3032 3031
f 3012 3013 3033
f 3012 3033 3032
f 3013 3014 3034
f 3013 3034 3033
f 3014 3015 3035
f 3014 3035 3034
f 3015 3016 3036
f 3015 3036 3035
f 3016 3017 3037
f 3016 3037 3036
f 3017 3018 3038
f 3017 3038 3037
f 3018 3019 3039
f 3018 3039 3038
f 3019 3020 3040
f 3019 3040 3039
f 3020 3001 3021
f 3020 3021 3040
f 3021 3022 3042
f 3021 3042 3041
f 3022 3023 3043
f 3022 3043 3042
f 3023 3024 3044
f 3023 3044 3043
f 3024 3025 3045
f 3024 3045 3044
f 3025 3026 3046
f 3025 3046 3045
f 3026 3027 3047
f 3026 3047 3046
f 3027 3028 3048
f 3027 3048 3047
f 3028 3029 3049
f 3028 3049 3048
f 3029 3030 3050
f 3029 3050 3049
f 3030 3031 3051
f 3030 3051 3050
f 3031 3032 3052
f 3031 3052 3051
f 3032 3033 3053
f 3032 3053 3052
f 3033 3034 3054
f 3033 3054 3053
f 3034 3035 3055
f 3034 3055 3054
f 3035 3036 3056
f 3035 3056 3055
f 3036 3037 3057
f 3036 3057 3056
f 3037 3038 3058
f 3037 3058 3057
f 3038 3039 3059
f 3038 3059 3058
f 3039 3040 3060
f 3039 3060 3059
f 3040 3021 3041
f 3040 3041 3060
f 3041 3042 3062
f 3041 3062 3061
f 3042 3043 3063
f 3042 3063 3062
f 3043 3044 3064
f 3043 3064 3063
f 3044 3045 3065
f 3044 3065 3064
f 3045 3046 3066
f 3045 3066 3065
f 3046 3047 3067
f 3046 3067 3066
f 3047 3048 3068
f 3047 3068 3067
f 3048 3049 3069
f 3048 3069 3068
f 3049 3050 3070
f 3049 3070 3069
f 3050 3051 3071
f 3050 3071 3070
f 3051 3052 3072
f 3051 3072 3071
f 3052 3053 3073
f 3052 3073 3072
f 3053 3054 3074
f 3053 3074 3073
f 3054 3055 3075
f 3054 3075 3074
f 3055 3056 3076
f 3055 3076 3075
f 3056 3057 3077
f 3056 3077 3076
f 3057 3058 3078
f 3057 3078 3077
f 3058 3059 3079
f 3058 3079 3078
f 3059 3060 3080
f 3059 3080 3079
f 3060 3041 3061
f 3060 3061 3080
f 3061 3062 3082
f 3061 3082 3081
f 3062 3063 3083
f 3062 3083 3082
f 3063 3064 3084
f 3063 3084 3083
f 3064 3065 3085
f 3064 3085 3084
f 3065 3066 3086
f 3065 3086 3085
f 3066 3067 3087
f 3066 3087 3086
f 3067 3068 3088
f 3067 3088 3087
f 3068 3069 3089
f 3068 3089 3088
f 3069 3070 3090
f 3069 3090 3089
f 3070 3071 3091
f 3070 3091 3090
f 3071 3072 3092
f 3071 3092 3091
f 3072 3073 3093
f 3072 3093 3092
f 3073 3074 3094
f 3073 3094 3093
f 3074 3075 3095
f 3074 3095 3094
f 3075 3076 3096
f 3075 3096 3095
f 3076 3077 3097
f 3076 3097 3096
f 3077 3078 3098
f 3077 3098 3097
f 3078 3079 3099
f 3078 3099 3098
f 3079 3080 3100
f 3079 3100 3099
f 3080 3061 3081
f 3080 3081 3100
f 3081 3082 3102
f 3081 3102 3101
f 3082 3083 3103
f 3082 3103 3102
f 3083 3084 3104
f 3083 3104 3103
f 3084 3085 3105
f 3084 3105 3104
f 3085 3086 3106
f 3085 3106 3105
f 3086 3087 3107
f 3086 3107 3106
f 3087 3088 3108
f 3087 3108 3107
f 3088 3089 3109
f 3088 3109 3108
f 3089 3090 3110
f 3089 3110 3109
f 3090 3091 3111
f 3090 3111 3110
f 3091 3092 3112
f 3091 3112 3111
f 3092 3093 3113
f 3092 3113 3112
f 3093 3094 3114
f 3093 3114 3113
f 3094 3095 3115
f 3094 3115 3114
f 3095 3096 3116
f 3095 3116 3115
f 3096 3097 3117
f 3096 3117 3116
f 3097 3098 3118
f 3097 3118 3117
f 3098 3099 3119
f 3098 3119 3118
f 3099 3100 3120
f 3099 3120 3119
f 3100 3081 3101
f 3100 3101 3120
f 3101 3102 3122
f 3101 3122 3121
f 3102 3103 3123
f 3102 3123 3122
f 3103 3104 3124
f 3103 3124 3123
f 3104 3105 3125
f 3104 3125 3124
f 3105 3106 3126
f 3105 3126 3125
f 3106 3107 3127
f 3106 3127 3126
f 3107 3108 3128
f 3107 3128 3127
f 3108 3109 3129
f 3108 3129 3128
f 3109 3110 3130
f 3109 3130 3129
f 3110 3111 3131
f 3110 3131 3130
f 3111 3112 3132
f 3111 3132 3131
f 3112 3113 3133
f 3112 3133 3132
f 3113 3114 3134
f 3113 3134 3133
f 3114 3115 3135
f 3114 3135 3134
f 3115 3116 3136
f 3115 3136 3135
f 3116 3117 3137
f 3116 3137 3136
f 3117 3118 3138
f 3117 3138 3137
f 3118 3119 3139
f 3118 3139 3138
f 3119 3120 3140
f 3119 3140 3139
f 3120 3101 3121
f 3120 3121 3140
f 3121 3122 3142
f 3121 3142 3141
f 3122 3123 3143
f 3122 3143 3142
f 3123 3124 3144
f 3123 3144 3143
f 3124 3125 3145
f 3124 3145 3144
f 3125 3126 3146
f 3125 3146 3145
f 3126 3127 3147
f 3126 3147 3146
f 3127 3128 3148
f 3127 3148 3147
f 3128 3129 3149
f 3128 3149 3148
f 3129 3130 3150
f 3129 3150 3149
f 3130 3131 3151
f 3130 3151 3150
f 3131 3132 3152
f 3131 3152 3151
f 3132 3133 3153
f 3132 3153 3152
f 3133 3134 3154
f 3133 3154 3153
f 3134 3135 3155
f 3134 3155 3154
f 3135 3136 3156
f 3135 3156 3155
f 3136 3137 3157
f 3136 3157 3156
f 3137 3138 3158
f 3137 3158 3157
f 3138 3139 3159
f 3138 3159 3158
f 3139 3140 3160
f 3139 3160 3159
f 3140 3121 3141
f 3140 3141 3160
f 3141 3142 3162
f 3141 3162 3161
f 3142 3143 3163
f 3142 3163 3162
f 3143 3144 3164
f 3143 3164 3163
f 3144 3145 3165
f 3144 3165 3164
f 3145 3146 3166
f 3145 3166 3165
f 3146 3147 3167
f 3146 3167 3166
f 3147 3148 3168
f 3147 3168 3167
f 3148 3149 3169
f 3148 3169 3168
f 3149 3150 3170
f 3149 3170 3169
f 3150 3151 3171
f 3150 3171 3170
f 3151 3152 3172
f 3151 3172 3171
f 3152 3153 3173
f 3152 3173 3172
f 3153 3154 3174
f 3153 3174 3173
f 3154 3155 3175
f 3154 3175 3174
f 3155 3156 3176
f 3155 3176 3175
f 3156 3157 3177
f 3156 3177 3176
f 3157 3158 3178
f 3157 3178 3177
f 3158 3159 3179
f 3158 3179 3178
f 3159 3160 3180
f 3159 3180 3179
f 3160 3141 3161
f 3160 3161 3180
f 3161 3162 3182
f 3161 3182 3181
f 3162 3163 3183
f 3162 3183 3182
f 3163 3164 3184
f 3163 3184 3183
f 3164 3165 3185
f 3164 3185 3184
f 3165 3166 3186
f 3165 3186 3185
f 3166 3167 3187
f 3166 3187 3186
f 3167 3168 3188
f 3167 3188 3187
f 3168 3169 3189
f 3168 3189 3188
f 3169 3170 3190
f 3169 3190 3189
f 3170 3171 3191
f 3170 3191 3190
f 3171 3172 3192
f 3171 3192 3191
f 3172 3173 3193
f 3172 3193 3192
f 3173 3174 3194
f 3173 3194 3193
f 3174 3175 3195
f 3174 3195 3194
f 3175 3176 3196
f 3175 3196 3195
f 3176 3177 3197
f 3176 3197 3196
f 3177 3178 3198
f 3177 3198 3197
f 3178 3179 3199
f 3178 3199 3198
f 3179 3180 3200
f 3179 3200 3199
f 3180 3161 3181
f 3180 3181 3200
f 3181 3182 3202
f 3181 3202 3201
f 3182 3183 3203
f 3182 3203 3202
f 3183 3184 3204
f 3183 3204 3203
f 3184 3185 3205
f 3184 3205 3204
f 3185 3186 3206
f 3185 3206 3205
f 3186 3187 3207
f 3186 3207 3206
f 3187 3188 3208
f 3187 3208 3207
f 3188 3189 3209
f 3188 3209 3208
f 3189 3190 3210
f 3189 3210 3209
f 3190 3191 3211
f 3190 3211 3210
f 3191 3192 3212
f 3191 3212 3211
f 3192 3193 3213
f 3192 3213 3212
f 3193 3194 3214
f 3193 3214 3213
f 3194 3195 3215
f 3194 3215 3214
f 3195 3196 3216
f 3195 3216 3215
f 3196 3197 3217
f 3196 3217 3216
f 3197 3198 3218
f 3197 3218 3217
f 3198 3199 3219
f 3198 3219 3218
f 3199 3200 3220
f 3199 3220 3219
f 3200 3181 3201
f 3200 3201 3220
f 3201 3202 3222
f 3201 3222 3221
f 3202 3203 3223
f 3202 3223 3222
f 3203 3204 3224
f 3203 3224 3223
f 3204 3205 3225
f 3204 3225 3224
f 3205 3206 3226
f 3205 3226 3225
f 3206 3207 3227
f 3206 3227 3226
f 3207 3208 3228
f 3207 3228 3227
f 3208 3209 3229
f 3208 3229 3228
f 3209 3210 3230
f 3209 3230 3229
f 3210 3211 3231
f 3210 3231 3230
f 3211 3212 3232
f 3211 3232 3231
f 3212 3213 3233
f 3212 3233 3232
f 3213 3214 3234
f 3213 3234 3233
f 3214 3215 3235
f 3214 3235 3234
f 3215 3216 3236
f 3215 3236 3235
f 3216 3217 3237
f 3216 3237 3236
f 3217 3218 3238
f 3217 3238 3237
f 3218 3219 3239
f 3218 3239 3238
f 3219 3220 3240
f 3219 3240 3239
f 3220 3201 3221
f 3220 3221 3240
f 3221 3222 3242
f 3221 3242 3241
f 3222 3223 3243
f 3222 3243 3242
f 3223 3224 3244
f 3223 3244 3243
f 3224 3225 3245
f 3224 3245 3244
f 3225 3226 3246
f 3225 3246 3245
f 3226 3227 3247
f 3226 3247 3246
f 3227 3228 3248
f 3227 3248 3247
f 3228 3229 3249
f 3228 3249 3248
f 3229 3230 3250
f 3229 3250 3249
f 3230 3231 3251
f 3230 3251 3250
f 3231 3232 3252
f 3231 3252 3251
f 3232 3233 3253
f 3232 3253 3252
f 3233 3234 3254
f 3233 3254 3253
f 3234 3235 3255
f 3234 3255 3254
f 3235 3236 3256
f 3235 3256 3255
f 3236 3237 3257
f 3236 3257 3256
f 3237 3238 3258
f 3237 3258 3257
f 3238 3239 3259
f 3238 3259 3258
f 3239 3240 3260
f 3239 3260 3259
f 3240 3221 3241
f 3240 3241 3260
f 3241 3242 3262
f 3241 3262 3261
f 3242 3243 3263
f 3242 3263 3262
f 3243 3244 3264
f 3243 3264 3263
f 3244 3245 3265
f 3244 3265 3264
f 3245 3246 3266
f 3245 3266 3265
f 3246 3247 3267
f 3246 3267 3266
f 3247 3248 3268
f 3247 3268 3267
f 3248 3249 3269
f 3248 3269 3268
f 3249 3250 3270
f 3249 3270 3269
f 3250 3251 3271
f 3250 3271 3270
f 3251 3252 3272
f 3251 3272 3271
f 3252 3253 3273
f 3252 3273 3272
f 3253 3254 3274
f 3253 3274 3273
f 3254 3255 3275
f 3254 3275 3274
f 3255 3256 3276
f 3255 3276 3275
f 3256 3257 3277
f 3256 3277 3276
f 3257 3258 3278
f 3257 3278 3277
f 3258 3259 3279
f 3258 3279 3278
f 3259 3260 3280
f 3259 3280 3279
f 3260 3241 3261
f 3260 3261 3280
f 3261 3262 3282
f 3261 3282 3281
f 3262 3263 3283
f 3262 3283 3282
f 3263 3264 3284
f 3263 3284 3283
f 3264 3265 3285
f 3264 3285 3284
f 3265 3266 3286
f 3265 3286 3285
f 3266 3267 3287
f 3266 3287 3286
f 3267 3268 3288
f 3267 3288 3287
f 3268 3269 3289
f 3268 3289 3288
f 3269 3270 3290
f 3269 3290 3289
f 3270 3271 3291
f 3270 3291 3290
f 3271 3272 3292
f 3271 3292 3291
f 3272 3273 3293
f 3272 3293 3292
f 3273 3274 3294
f 3273 3294 3293
f 3274 3275 3295
f 3274 3295 3294
f 3275 3276 3296
f 3275 3296 3295
f 3276 3277 3297
f 3276 3297 3296
f 3277 3278 3298
f 3277 3298 3297
f 3278 3279 3299
f 3278 3299 3298
f 3279 3280 3300
f 3279 3300 3299
f 3280 3261 3281
f 3280 3281 3300
f 3281 3282 3302
f 3281 3302 3301
f 3282 3283 3303
f 3282 3303 3302
f 3283 3284 3304
f 3283 3304 3303
f 3284 3285 3305
f 3284 3305 3304
f 3285 3286 3306
f 3285 3306 3305
f 3286 3287 3307
f 3286 3307 3306
f 3287 3288 3308
f 3287 3308 3307
f 3288 3289 3309
f 3288 3309 3308
f 3289 3290 3310
f 3289 3310 3309
f 3290 3291 3311
f 3290 3311 3310
f 3291 3292 3312
f 3291 3312 3311
f 3292 3293 3313
f 3292 3313 3312
f 3293 3294 3314
f 3293 3314 3313
f 3294 3295 3315
f 3294 3315 3314
f 3295 3296 3316
f 3295 3316 3315
f 3296 3297 3317
f 3296 3317 3316
f 3297 3298 3318
f 3297 3318 3317
f 3298 3299 3319
f 3298 3319 3318
f 3299 3300 3320
f 3299 3320 3319
f 3300 3281 3301
f 3300 3301 3320
f 3301 3302 3322
f 3301 3322 3321
f 3302 3303 3323
f 3302 3323 3322
f 3303 3304 3324
f 3303 3324 3323
f 3304 3305 3325
f 3304 3325 3324
f 3305 3306 3326
f 3305 3326 3325
f 3306 3307 3327
f 3306 3327 3326
f 3307 3308 3328
f 3307 3328 3327
f 3308 3309 3329
f 3308 3329 3328
f 3309 3310 3330
f 3309 3330 3329
f 3310 3311 3331
f 3310 3331 3330
f 3311 3312 3332
f 3311 3332 3331
f 3312 3313 3333
f 3312 3333 3332
f 3313 3314 3334
f 3313 3334 3333
f 3314 3315 3335
f 3314 3335 3334
f 3315 3316 3336
f 3315 3336 3335
f 3316 3317 3337
f 3316 3337 3336
f 3317 3318 3338
f 3317 3338 3337
f 3318 3319 3339
f 3318 3339 3338
f 3319 3320 3340
f 3319 3340 3339
f 3320 3301 3321
f 3320 3321 3340
f 3321 3322 3342
f 3321 3342 3341
f 3322 3323 3343
f 3322 3343 3342
f 3323 3324 3344
f 3323 3344 3343
f 3324 3325 3345
f 3324 3345 3344
f 3325 3326 3346
f 3325 3346 3345
f 3326 3327 3347
f 3326 3347 3346
f 3327 3328 3348
f 3327 3348 3347
f 3328 3329 3349
f 3328 3349 3348
f 3329 3330 3350
f 3329 3350 3349
f 3330 3331 3351
f 3330 3351 3350
f 3331 3332 3352
f 3331 3352 3351
f 3332 3333 3353
f 3332 3353 3352
f 3333 3334 3354
f 3333 3354 3353
f 3334 3335 3355
f 3334 3355 3354
f 3335 3336 3356
f 3335 3356 3355
f 3336 3337 3357
f 3336 3357 3356
f 3337 3338 3358
f 3337 3358 3357
f 3338 3339 3359
f 3338 3359 3358
f 3339 3340 3360
f 3339 3360 3359
f 3340 3321 3341
f 3340 3341 3360
f 3341 3342 3362
f 3341 3362 3361
f 3342 3343 3363
f 3342 3363 3362
f 3343 3344 3364
f 3343 3364 3363
f 3344 3345 3365
f 3344 3365 3364
f 3345 3346 3366
f 3345 3366 3365
f 3346 3347 3367
f 3346 3367 3366
f 3347 3348 3368
f 3347 3368 3367
f 3348 3349 3369
f 3348 3369 3368
f 3349 3350 3370
f 3349 3370 3369
f 3350 3351 3371
f 3350 3371 3370
f 3351 3352 3372
f 3351 3372 3371
f 3352 3353 3373
f 3352 3373 3372
f 3353 3354 3374
f 3353 3374 3373
f 3354 3355 3375
f 3354 3375 3374
f 3355 3356 3376
f 3355 3376 3375
f 3356 3357 3377
f 3356 3377 3376
f 3357 3358 3378
f 3357 3378 3377
f 3358 3359 3379
f 3358 3379 3378
f 3359 3360 3380
f 3359 3380 3379
f 3360 3341 3361
f 3360 3361 3380
f 3361 3362 3382
f 3361 3382 3381
f 3362 3363 3383
f 3362 3383 3382
f 3363 3364 3384
f 3363 3384 3383
f 3364 3365 3385
f 3364 3385 3384
f 3365 3366 3386
f 3365 3386 3385
f 3366 3367 3387
f 3366 3387 3386
f 3367 3368 3388
f 3367 3388 3387
f 3368 3369 3389
f 3368 3389 3388
f 3369 3370 3390
f 3369 3390 3389
f 3370 3371 3391
f 3370 3391 3390
f 3371 3372 3392
f 3371 3392 3391
f 3372 3373 3393
f 3372 3393 3392
f 3373 3374 3394
f 3373 3394 3393
f 3374 3375 3395
f 3374 3395 3394
f 3375 3376 3396
f 3375 3396 3395
f 3376 3377 3397
f 3376 3397 3396
f 3377 3378 3398
f 3377 3398 3397
f 3378 3379 3399
f 3378 3399 3398
f 3379 3380 3400
f 3379 3400 3399
f 3380 3361 3381
f 3380 3381 3400
f 3381 3382 3402
f 3381 3402 3401
f 3382 3383 3403
f 3382 3403 3402
f 3383 3384 3404
f 3383 3404 3403
f 3384 3385 3405
f 3384 3405 3404
f 3385 3386 3406
f 3385 3406 3405
f 3386 3387 3407
f 3386 3407 3406
f 3387 3388 3408
f 3387 3408 3407
f 3388 3389 3409
f 3388 3409 3408
f 3389 3390 3410
f 3389 3410 3409
f 3390 3391 3411
f 3390 3411 3410
f 3391 3392 3412
f 3391 3412 3411
f 3392 3393 3413
f 3392 3413 3412
f 3393 3394 3414
f 3393 3414 3413
f 3394 3395 3415
f 3394 3415 3414
f 3395 3396 3416
f 3395 3416 3415
f 3396 3397 3417
f 3396 3417 3416
f 3397 3398 3418
f 3397 3418 3417
f 3398 3399 3419
f 3398 3419 3418
f 3399 3400 3420
f 3399 3420 3419
f 3400 3381 3401
f 3400 3401 3420
f 3401 3402 3422
f 3401 3422 3421
f 3402 3403 3423
f 3402 3423 3422
f 3403 3404 3424
f 3403 3424 3423
f 3404 3405 3425
f 3404 3425 3424
f 3405 3406 3426
f 3405 3426 3425
f 3406 3407 3427
f 3406 3427 3426
f 3407 3408 3428
f 3407 3428 3427
f 3408 3409 3429
f 3408 3429 3428
f 3409 3410 3430
f 3409 3430 3429
f 3410 3411 3431
f 3410 3431 3430
f 3411 3412 3432
f 3411 3432 3431
f 3412 3413 3433
f 3412 3433 3432
f 3413 3414 3434
f 3413 3434 3433
f 3414 3415 3435
f 3414 3435 3434
f 3415 3416 3436
f 3415 3436 3435
f 3416 3417 3437
f 3416 3437 3436
f 3417 3418 3438
f 3417 3438 3437
f 3418 3419 3439
f 3418 3439 3438
f 3419 3420 3440
f 3419 3440 3439
f 3420 3401 3421
f 3420 3421 3440
f 3421 3422 3442
f 3421 3442 3441
f 3422 3423 3443
f 3422 3443 3442
f 3423 3424 3444
f 3423 3444 3443
f 3424 3425 3445
f 3424 3445 3444
f 3425 3426 3446
f 3425 3446 3445
f 3426 3427 3447
f 3426 3447 3446
f 3427 3428 3448
f 3427 3448 3447
f 3428 3429 3449
f 3428 3449 3448
f 3429 3430 3450
f 3429 3450 3449
f 3430 3431 3451
f 3430 3451 3450
f 3431 3432 3452
f 3431 3452 3451
f 3432 3433 3453
f 3432 3453 3452
f 3433 3434 3454
f 3433 3454 3453
f 3434 3435 3455
f 3434 3455 3454
f 3435 3436 3456
f 3435 3456 3455
f 3436 3437 3457
f 3436 3457 3456
f 3437 3438 3458
f 3437 3458 3457
f 3438 3439 3459
f 3438 3459 3458
f 3439 3440 3460
f 3439 3460 3459
f 3440 3421 3441
f 3440 3441 3460
f 3441 3442 3462
f 3441 3462 3461
f 3442 3443 3463
f 3442 3463 3462
f 3443 3444 3464
f 3443 3464 3463
f 3444 3445 3465
f 3444 3465 3464
f 3445 3446 3466
f 3445 3466 3465
f 3446 3447 3467
f 3446 3467 3466
f 3447 3448 3468
f 3447 3468 3467
f 3448 3449 3469
f 3448 3469 3468
f 3449 3450 3470
f 3449 3470 3469
f 3450 3451 3471
f 3450 3471 3470
f 3451 3452 3472
f 3451 3472 3471
f 3452 3453 3473
f 3452 3473 3472
f 3453 3454 3474
f 3453 3474 3473
f 3454 3455 3475
f 3454 3475 3474
f 3455 3456 3476
f 3455 3476 3475
f 3456 3457 3477
f 3456 3477 3476
f 3457 3458 3478
f 3457 3478 3477
f 3458 3459 3479
f 3458 3479 3478
f 3459 3460 3480
f 3459 3480 3479
f 3460 3441 3461
f 3460 3461 3480
f 3461 3462 3482
f 3461 3482 3481
f 3462 3463 3483
f 3462 3483 3482
f 3463 3464 3484
f 3463 3484 3483
f 3464 3465 3485
f 3464 3485 3484
f 3465 3466 3486
f 3465 3486 3485
f 3466 3467 3487
f 3466 3487 3486
f 3467 3468 3488
f 3467 3488 3487
f 3468 3469 3489
f 3468 3489 3488
f 3469 3470 3490
f 3469 3490 3489
f 3470 3471 3491
f 3470 3491 3490
f 3471 3472 3492
f 3471 3492 3491
f 3472 3473 3493
f 3472 3493 3492
f 3473 3474 3494
f 3473 3494 3493
f 3474 3475 3495
f 3474 3495 3494
f 3475 3476 3496
f 3475 3496 3495
f 3476 3477 3497
f 3476 3497 3496
f 3477 3478 3498
f 3477 3498 3497
f 3478 3479 3499
f 3478 3499 3498
f 3479 3480 3500
f 3479 3500 3499
f 3480 3461 3481
f 3480 3481 3500
f 3481 3482 3502
f 3481 3502 3501
f 3482 3483 3503
f 3482 3503 3502
f 3483 3484 3504
f 3483 3504 3503
f 3484 3485 3505
f 3484 3505 3504
f 3485 3486 3506
f 3485 3506 3505
f 3486 3487 3507
f 3486 3507 3506
f 3487 3488 3508
f 3487 3508 3507
f 3488 3489 3509
f 3488 3509 3508
f 3489 3490 3510
f 3489 3510 3509
f 3490 3491 3511
f 3490 3511 3510
f 3491 3492 3512
f 3491 3512 3511
f 3492 3493 3513
f 3492 3513 3512
f 3493 3494 3514
f 3493 3514 3513
f 3494 3495 3515
f 3494 3515 3514
f 3495 3496 3516
f 3495 3516 3515
f 3496 3497 3517
f 3496 3517 3516
f 3497 3498 3518
f 3497 3518 3517
f 3498 3499 3519
f 3498 3519 3518
f 3499 3500 3520
f 3499 3520 3519
f 3500 3481 3501
f 3500 3501 3520
f 3501 3502 3522
f 3501 3522 3521
f 3502 3503 3523
f 3502 3523 3522
f 3503 3504 3524
f 3503 3524 3523
f 3504 3505 3525
f 3504 3525 3524
f 3505 3506 3526
f 3505 3526 3525
f 3506 3507 3527
f 3506 3527 3526
f 3507 3508 3528
f 3507 3528 3527
f 3508 3509 3529
f 3508 3529 3528
f 3509 3510 3530
f 3509 3530 3529
f 3510 3511 3531
f 3510 3531 3530
f 3511 3512 3532
f 3511 3532 3531
f 3512 3513 3533
f 3512 3533 3532
f 3513 3514 3534
f 3513 3534 3533
f 3514 3515 3535
f 3514 3535 3534
f 3515 3516 3536
f 3515 3536 3535
f 3516 3517 3537
f 3516 3537 3536
f 3517 3518 3538
f 3517 3538 3537
f 3518 3519 3539
f 3518 3539 3538
f 3519 3520 3540
f 3519 3540 3539
f 3520 3501 3521
f 3520 3521 3540
f 3521 3522 3542
f 3521 3542 3541
f 3522 3523 3543
f 3522 3543 3542
f 3523 3524 3544
f 3523 3544 3543
f 3524 3525 3545
f 3524 3545 3544
f 3525 3526 3546
f 3525 3546 3545
f 3526 3527 3547
f 3526 3547 3546
f 3527 3528 3548
f 3527 3548 3547
f 3528 3529 3549
f 3528 3549 3548
f 3529 3530 3550
f 3529 3550 3549
f 3530 3531 3551
f 3530 3551 3550
f 3531 3532 3552
f 3531 3552 3551
f 3532 3533 3553
f 3532 3553 3552
f 3533 3534 3554
f 3533 3554 3553
f 3534 3535 3555
f 3534 3555 3554
f 3535 3536 3556
f 3535 3556 3555
f 3536 3537 3557
f 3536 3557 3556
f 3537 3538 3558
f 3537 3558 3557
f 3538 3539 3559
f 3538 3559 3558
f 3539 3540 3560
f 3539 3560 3559
f 3540 3521 3541
f 3540 3541 3560
f 3541 3542 3562
f 3541 3562 3561
f 3542 3543 3563
f 3542 3563 3562
f 3543 3544 3564
f 3543 3564 3563
f 3544 3545 3565
f 3544 3565 3564
f 3545 3546 3566
f 3545 3566 3565
f 3546 3547 3567
f 3546 3567 3566
f 3547 3548 3568
f 3547 3568 3567
f 3548 3549 3569
f 3548 3569 3568
f 3549 3550 3570
f 3549 3570 3569
f 3550 3551 3571
f 3550 3571 3570
f 3551 3552 3572
f 3551 3572 3571
f 3552 3553 3573
f 3552 3573 3572
f 3553 3554 3574
f 3553 3574 3573
f 3554 3555 3575
f 3554 3575 3574
f 3555 3556 3576
f 3555 3576 3575
f 3556 3557 3577
f 3556 3577 3576
f 3557 3558 3578
f 3557 3578 3577
f 3558 3559 3579
f 3558 3579 3578
f 3559 3560 3580
f 3559 3580 3579
f 3560 3541 3561
f 3560 3561 3580
f 3561 3562 3582
f 3561 3582 3581
f 3562 3563 3583
f 3562 3583 3582
f 3563 3564 3584
f 3563 3584 3583
f 3564 3565 3585
f 3564 3585 3584
f 3565 3566 3586
f 3565 3586 3585
f 3566 3567 3587
f 3566 3587 3586
f 3567 3568 3588
f 3567 3588 3587
f 3568 3569 3589
f 3568 3589 3588
f 3569 3570 3590
f 3569 3590 3589
f 3570 3571 3591
f 3570 3591 3590
f 3571 3572 3592
f 3571 3592 3591
f 3572 3573 3593
f 3572 3593 3592
f 3573 3574 3594
f 3573 3594 3593
f 3574 3575 3595
f 3574 3595 3594
f 3575 3576 3596
f 3575 3596 3595
f 3576 3577 3597
f 3576 3597 3596
f 3577 3578 3598
f 3577 3598 3597
f 3578 3579 3599
f 3578 3599 3598
f 3579 3580 3600
f 3579 3600 3599
f 3580 3561 3581
f 3580 3581 3600
f 3581 3582 3602
f 3581 3602 3601
f 3582 3583 3603
f 3582 3603 3602
f 3583 3584 3604
f 3583 3604 3603
f 3584 3585 3605
f 3584 3605 3604
f 3585 3586 3606
f 3585 3606 3605
f 3586 3587 3607
f 3586 3607 3606
f 3587 3588 3608
f 3587 3608 3607
f 3588 3589 3609
f 3588 3609 3608
f 3589 3590 3610
f 3589 3610 3609
f 3590 3591 3611
f 3590 3611 3610
f 3591 3592 3612
f 3591 3612 3611
f 3592 3593 3613
f 3592 3613 3612
f 3593 3594 3614
f 3593 3614 3613
f 3594 3595 3615
f 3594 3615 3614
f 3595 3596 3616
f 3595 3616 3615
f 3596 3597 3617
f 3596 3617 3616
f 3597 3598 3618
f 3597 3618 3617
f 3598 3599 3619
f 3598 3619 3618
f 3599 3600 3620
f 3599 3620 3619
f 3600 3581 3601
f 3600 3601 3620
f 3601 3602 3622
f 3601 3622 3621
f 3602 3603 3623
f 3602 3623 3622
f 3603 3604 3624
f 3603 3624 3623
f 3604 3605 3625
f 3604 3625 3624
f 3605 3606 3626
f 3605 3626 3625
f 3606 3607 3627
f 3606 3627 3626
f 3607 3608 3628
f 3607 3628 3627
f 3608 3609 3629
f 3608 3629 3628
f 3609 3610 3630
f 3609 3630 3629
f 3610 3611 3631
f 3610 3631 3630
f 3611 3612 3632
f 3611 3632 3631
f 3612 3613 3633
f 3612 3633 3632
f 3613 3614 3634
f 3613 3634 3633
f 3614 3615 3635
f 3614 3635 3634
f 3615 3616 3636
f 3615 3636 3635
f 3616 3617 3637
f 3616 3637 3636
f 3617 3618 3638
f 3617 3638 3637
f 3618 3619 3639
f 3618 3639 3638
f 3619 3620 3640
f 3619 3640 3639
f 3620 3601 3621
f 3620 3621 3640
f 3621 3622 3642
f 3621 3642 3641
f 3622 3623 3643
f 3622 3643 3642
f 3623 3624 3644
f 3623 3644 3643
f 3624 3625 3645
f 3624 3645 3644
f 3625 3626 3646
f 3625 3646 3645
f 3626 3627 3647
f 3626 3647 3646
f 3627 3628 3648
f 3627 3648 3647
f 3628 3629 3649
f 3628 3649 3648
f 3629 3630 3650
f 3629 3650 3649
f 3630 3631 3651
f 3630 3651 3650
f 3631 3632 3652
f 3631 3652 3651
f 3632 3633 3653
f 3632 3653 3652
f 3633 3634 3654
f 3633 3654 3653
f 3634 3635 3655
f 3634 3655 3654
f 3635 3636 3656
f 3635 3656 3655
f 3636 3637 3657
f 3636 3657 3656
f 3637 3638 3658
f 3637 3658 3657
f 3638 3639 3659
f 3638 3659 3658
f 3639 3640 3660
f 3639 3660 3659
f 3640 3621 3641
f 3640 3641 3660
f 3641 3642 3662
f 3641 3662 3661
f 3642 3643 3663
f 3642 3663 3662
f 3643 3644 3664
f 3643 3664 3663
f 3644 3645 3665
f 3644 3665 3664
f 3645 3646 3666
f 3645 3666 3665
f 3646 3647 3667
f 3646 3667 3666
f 3647 3648 3668
f 3647 3668 3667
f 3648 3649 3669
f 3648 3669 3668
f 3649 3650 3670
f 3649 3670 3669
f 3650 3651 3671
f 3650 3671 3670
f 3651 3652 3672
f 3651 3672 3671
f 3652 3653 3673
f 3652 3673 3672
f 3653 3654 3674
f 3653 3674 3673
f 3654 3655 3675
f 3654 3675 3674
f 3655 3656 3676
f 3655 3676 3675
f 3656 3657 3677
f 3656 3677 3676
f 3657 3658 3678
f 3657 3678 3677
f 3658 3659 3679
f 3658 3679 3678
f 3659 3660 3680
f 3659 3680 3679
f 3660 3641 3661
f 3660 3661 3680
f 3661 3662 3682
f 3661 3682 3681
f 3662 3663 3683
f 3662 3683 3682
f 3663 3664 3684
f 3663 3684 3683
f 3664 3665 3685
f 3664 3685 3684
f 3665 3666 3686
f 3665 3686 3685
f 3666 3667 3687
f 3666 3687 3686
f 3667 3668 3688
f 3667 3688 3687
f 3668 3669 3689
f 3668 3689 3688
f 3669 3670 3690
f 3669 3690 3689
f 3670 3671 3691
f 3670 3691 3690
f 3671 3672 3692
f 3671 3692 3691
f 3672 3673 3693
f 3672 3693 3692
f 3673 3674 3694
f 3673 3694 3693
f 3674 3675 3695
f 3674 3695 3694
f 3675 3676 3696
f 3675 3696 3695
f 3676 3677 3697
f 3676 3697 3696
f 3677 3678 3698
f 3677 3698 3697
f 3678 3679 3699
f 3678 3699 3698
f 3679 3680 3700
f 3679 3700 3699
f 3680 3661 3681
f 3680 3681 3700
f 3681 3682 3702
f 3681 3702 3701
f 3682 3683 3703
f 3682 3703 3702
f 3683 3684 3704
f 3683 3704 3703
f 3684 3685 3705
f 3684 3705 3704
f 3685 3686 3706
f 3685 3706 3705
f 3686 3687 3707
f 3686 3707 3706
f 3687 3688 3708
f 3687 3708 3707
f 3688 3689 3709
f 3688 3709 3708
f 3689 3690 3710
f 3689 3710 3709
f 3690 3691 3711
f 3690 3711 3710
f 3691 3692 3712
f 3691 3712 3711
f 3692 3693 3713
f 3692 3713 3712
f 3693 3694 3714
f 3693 3714 3713
f 3694 3695 3715
f 3694 3715 3714
f 3695 3696 3716
f 3695 3716 3715
f 3696 3697 3717
f 3696 3717 3716
f 3697 3698 3718
f 3697 3718 3717
f 3698 3699 3719
f 3698 3719 3718
f 3699 3700 3720
f 3699 3720 3719
f 3700 3681 3701
f 3700 3701 3720
f 3701 3702 3722
f 3701 3722 3721
f 3702 3703 3723
f 3702 3723 3722
f 3703 3704 3724
f 3703 3724 3723
f 3704 3705 3725
f 3704 3725 3724
f 3705 3706 3726
f 3705 3726 3725
f 3706 3707 3727
f 3706 3727 3726
f 3707 3708 3728
f 3707 3728 3727
f 3708 3709 3729
f 3708 3729 3728
f 3709 3710 3730
f 3709 3730 3729
f 3710 3711 3731
f 3710 3731 3730
f 3711 3712 3732
f 3711 3732 3731
f 3712 3713 3733
f 3712 3733 3732
f 3713 3714 3734
f 3713 3734 3733
f 3714 3715 3735
f 3714 3735 3734
f 3715 3716 3736
f 3715 3736 3735
f 3716 3717 3737
f 3716 3737 3736
f 3717 3718 3738
f 3717 3738 3737
f 3718 3719 3739
f 3718 3739 3738
f 3719 3720 3740
f 3719 3740 3739
f 3720 3701 3721
f 3720 3721 3740
f 3721 3722 3742
f 3721 3742 3741
f 3722 3723 3743
f 3722 3743 3742
f 3723 3724 3744
f 3723 3744 3743
f 3724 3725 3745
f 3724 3745 3744
f 3725 3726 3746
f 3725 3746 3745
f 3726 3727 3747
f 3726 3747 3746
f 3727 3728 3748
f 3727 3748 3747
f 3728 3729 3749
f 3728 3749 3748
f 3729 3730 3750
f 3729 3750 3749
f 3730 3731 3751
f 3730 3751 3750
f 3731 3732 3752
f 3731 3752 3751
f 3732 3733 3753
f 3732 3753 3752
f 3733 3734 3754
f 3733 3754 3753
f 3734 3735 3755
f 3734 3755 3754
f 3735 3736 3756
f 3735 3756 3755
f 3736 3737 3757
f 3736 3757 3756
f 3737 3738 3758
f 3737 3758 3757
f 3738 3739 3759
f 3738 3759 3758
f 3739 3740 3760
f 3739 3760 3759
f 3740 3721 3741
f 3740 3741 3760
f 3741 3742 3762
f 3741 3762 3761
f 3742 3743 3763
f 3742 3763 3762
f 3743 3744 3764
f 3743 3764 3763
f 3744 3745 3765
f 3744 3765 3764
f 3745 3746 3766
f 3745 3766 3765
f 3746 3747 3767
f 3746 3767 3766
f 3747 3748 3768
f 3747 3768 3767
f 3748 3749 3769
f 3748 3769 3768
f 3749 3750 3770
f 3749 3770 3769
f 3750 3751 3771
f 3750 3771 3770
f 3751 3752 3772
f 3751 3772 3771
f 3752 3753 3773
f 3752 3773 3772
f 3753 3754 3774
f 3753 3774 3773
f 3754 3755 3775
f 3754 3775 3774
f 3755 3756 3776
f 3755 3776 3775
f 3756 3757 3777
f 3756 3777 3776
f 3757 3758 3778
f 3757 3778 3777
f 3758 3759 3779
f 3758 3779 3778
f 3759 3760 3780
f 3759 3780 3779
f 3760 3741 3761
f 3760 3761 3780
f 3761 3762 3782
f 3761 3782 3781
f 3762 3763 3783
f 3762 3783 3782
f 3763 3764 3784
f 3763 3784 3783
f 3764 3765 3785
f 3764 3785 3784
f 3765 3766 3786
f 3765 3786 3785
f 3766 3767 3787
f 3766 3787 3786
f 3767 3768 3788
f 3767 3788 3787
f 3768 3769 3789
f 3768 3789 3788
f 3769 3770 3790
f 3769 3790 3789
f 3770 3771 3791
f 3770 3791 3790
f 3771 3772 3792
f 3771 3792 3791
f 3772 3773 3793
f 3772 3793 3792
f 3773 3774 3794
f 3773 3794 3793
f 3774 3775 3795
f 3774 3795 3794
f 3775 3776 3796
f 3775 3796 3795
f 3776 3777 3797
f 3776 3797 3796
f 3777 3778 3798
f 3777 3798 3797
f 3778 3779 3799
f 3778 3799 3798
f 3779 3780 3800
f 3779 3800 3799
f 3780 3761 3781
f 3780 3781 3800
f 3781 3782 3802
f 3781 3802 3801
f 3782 3783 3803
f 3782 3803 3802
f 3783 3784 3804
f 3783 3804 3803
f 3784 3785 3805
f 3784 3805 3804
f 3785 3786 3806
f 3785 3806 3805
f 3786 3787 3807
f 3786 3807 3806
f 3787 3788 3808
f 3787 3808 3807
f 3788 3789 3809
f 3788 3809 3808
f 3789 3790 3810
f 3789 3810 3809
f 3790 3791 3811
f 3790 3811 3810
f 3791 3792 3812
f 3791 3812 3811
f 3792 3793 3813
f 3792 3813 3812
f 3793 3794 3814
f 3793 3814 3813
f 3794 3795 3815
f 3794 3815 3814
f 3795 3796 3816
f 3795 3816 3815
f 3796 3797 3817
f 3796 3817 3816
f 3797 3798 3818
f 3797 3818 3817
f 3798 3799 3819
f 3798 3819 3818
f 3799 3800 3820
f 3799 3820 3819
f 3800 3781 3801
f 3800 3801 3820
f 3801 3802 3822
f 3801 3822 3821
f 3802 3803 3823
f 3802 3823 3822
f 3803 3804 3824
f 3803 3824 3823
f 3804 3805 3825
f 3804 3825 3824
f 3805 3806 3826
f 3805 3826 3825
f 3806 3807 3827
f 3806 3827 3826
f 3807 3808 3828
f 3807 3828 3827
f 3808 3809 3829
f 3808 3829 3828
f 3809 3810 3830
f 3809 3830 3829
f 3810 3811 3831
f 3810 3831 3830
f 3811 3812 3832
f 3811 3832 3831
f 3812 3813 3833
f 3812 3833 3832
f 3813 3814 3834
f 3813 3834 3833
f 3814 3815 3835
f 3814 3835 3834
f 3815 3816 3836
f 3815 3836 3835
f 3816 3817 3837
f 3816 3837 3836
f 3817 3818 3838
f 3817 3838 3837
f 3818 3819 3839
f 3818 3839 3838
f 3819 3820 3840
f 3819 3840 3839
f 3820 3801 3821
f 3820 3821 3840
f 3821 3822 3842
f 3821 3842 3841
f 3822 3823 3843
f 3822 3843 3842
f 3823 3824 3844
f 3823 3844 3843
f 3824 3825 3845
f 3824 3845 3844
f 3825 3826 3846
f 3825 3846 3845
f 3826 3827 3847
f 3826 3847 3846
f 3827 3828 3848
f 3827 3848 3847
f 3828 3829 3849
f 3828 3849 3848
f 3829 3830 3850
f 3829 3850 3849
f 3830 3831 3851
f 3830 3851 3850
f 3831 3832 3852
f 3831 3852 3851
f 3832 3833 3853
f 3832 3853 3852
f 3833 3834 3854
f 3833 3854 3853
f 3834 3835 3855
f 3834 3855 3854
f 3835 3836 3856
f 3835 3856 3855
f 3836 3837 3857
f 3836 3857 3856
f 3837 3838 3858
f 3837 3858 3857
f 3838 3839 3859
f 3838 3859 3858
f 3839 3840 3860
f 3839 3860 3859
f 3840 3821 3841
f 3840 3841 3860
f 3841 3842 3862
f 3841 3862 3861
f 3842 3843 3863
f 3842 3863 3862
f 3843 3844 3864
f 3843 3864 3863
f 3844 3845 3865
f 3844 3865 3864
f 3845 3846 3866
f 3845 3866 3865
f 3846 3847 3867
f 3846 3867 3866
f 3847 3848 3868
f 3847 3868 3867
f 3848 3849 3869
f 3848 3869 3868
f 3849 3850 3870
f 3849 3870 3869
f 3850 3851 3871
f 3850 3871 3870
f 3851 3852 3872
f 3851 3872 3871
f 3852 3853 3873
f 3852 3873 3872
f 3853 3854 3874
f 3853 3874 3873
f 3854 3855 3875
f 3854 3875 3874
f 3855 3856 3876
f 3855 3876 3875
f 3856 3857 3877
f 3856 3877 3876
f 3857 3858 3878
f 3857 3878 3877
f 3858 3859 3879
f 3858 3879 3878
f 3859 3860 3880
f 3859 3880 3879
f 3860 3841 3861
f 3860 3861 3880
f 3861 3862 3882
f 3861 3882 3881
f 3862 3863 3883
f 3862 3883 3882
f 3863 3864 3884
f 3863 3884 3883
f 3864 3865 3885
f 3864 3885 3884
f 3865 3866 3886
f 3865 3886 3885
f 3866 3867 3887
f 3866 3887 3886
f 3867 3868 3888
f 3867 3888 3887
f 3868 3869 3889
f 3868 3889 3888
f 3869 3870 3890
f 3869 3890 3889
f 3870 3871 3891
f 3870 3891 3890
f 3871 3872 3892
f 3871 3892 3891
f 3872 3873 3893
f 3872 3893 3892
f 3873 3874 3894
f 3873 3894 3893
f 3874 3875 3895
f 3874 3895 3894
f 3875 3876 3896
f 3875 3896 3895
f 3876 3877 3897
f 3876 3897 3896
f 3877 3878 3898
f 3877 3898 3897
f 3878 3879 3899
f 3878 3899 3898
f 3879 3880 3900
f 3879 3900 3899
f 3880 3861 3881
f 3880 3881 3900
f 3881 3882 3902
f 3881 3902 3901
f 3882 3883 3903
f 3882 3903 3902
f 3883 3884 3904
f 3883 3904 3903
f 3884 3885 3905
f 3884 3905 3904
f 3885 3886 3906
f 3885 3906 3905
f 3886 3887 3907
f 3886 3907 3906
f 3887 3888 3908
f 3887 3908 3907
f 3888 3889 3909
f 3888 3909 3908
f 3889 3890 3910
f 3889 3910 3909
f 3890 3891 3911
f 3890 3911 3910
f 3891 3892 3912
f 3891 3912 3911
f 3892 3893 3913
f 3892 3913 3912
f 3893 3894 3914
f 3893 3914 3913
f 3894 3895 3915
f 3894 3915 3914
f 3895 3896 3916
f 3895 3916 3915
f 3896 3897 3917
f 3896 3917 3916
f 3897 3898 3918
f 3897 3918 3917
f 3898 3899 3919
f 3898 3919 3918
f 3899 3900 3920
f 3899 3920 3919
f 3900 3881 3901
f 3900 3901 3920
f 3901 3902 3922
f 3901 3922 3921
f 3902 3903 3923
f 3902 3923 3922
f 3903 3904 3924
f 3903 3924 3923
f 3904 3905 3925
f 3904 3925 3924
f 3905 3906 3926
f 3905 3926 3925
f 3906 3907 3927
f 3906 3927 3926
f 3907 3908 3928
f 3907 3928 3927
f 3908 3909 3929
f 3908 3929 3928
f 3909 3910 3930
f 3909 3930 3929
f 3910 3911 3931
f 3910 3931 3930
f 3911 3912 3932
f 3911 3932 3931
f 3912 3913 3933
f 3912 3933 3932
f 3913 3914 3934
f 3913 3934 3933
f 3914 3915 3935
f 3914 3935 3934
f 3915 3916 3936
f 3915 3936 3935
f 3916 3917 3937
f 3916 3937 3936
f 3917 3918 3938
f 3917 3938 3937
f 3918 3919 3939
f 3918 3939 3938
f 3919 3920 3940
f 3919 3940 3939
f 3920 3901 3921
f 3920 3921 3940
f 3921 3922 3942
f 3921 3942 3941
f 3922 3923 3943
f 3922 3943 3942
f 3923 3924 3944
f 3923 3944 3943
f 3924 3925 3945
f 3924 3945 3944
f 3925 3926 3946
f 3925 3946 3945
f 3926 3927 3947
f 3926 3947 3946
f 3927 3928 3948
f 3927 3948 3947
f 3928 3929 3949
f 3928 3949 3948
f 3929 3930 3950
f 3929 3950 3949
f 3930 3931 3951
f 3930 3951 3950
f 3931 3932 3952
f 3931 3952 3951
f 3932 3933 3953
f 3932 3953 3952
f 3933 3934 3954
f 3933 3954 3953
f 3934 3935 3955
f 3934 3955 3954
f 3935 3936 3956
f 3935 3956 3955
f 3936 3937 3957
f 3936 3957 3956
f 3937 3938 3958
f 3937 3958 3957
f 3938 3939 3959
f 3938 3959 3958
f 3939 3940 3960
f 3939 3960 3959
f 3940 3921 3941
f 3940 3941 3960
f 3941 3942 3962
f 3941 3962 3961
f 3942 3943 3963
f 3942 3963 3962
f 3943 3944 3964
f 3943 3964 3963
f 3944 3945 3965
f 3944 3965 3964
f 3945 3946 3966
f 3945 3966 3965
f 3946 3947 3967
f 3946 3967 3966
f 3947 3948 3968
f 3947 3968 3967
f 3948 3949 3969
f 3948 3969 3968
f 3949 3950 3970
f 3949 3970 3969
f 3950 3951 3971
f 3950 3971 3970
f 3951 3952 3972
f 3951 3972 3971
f 3952 3953 3973
f 3952 3973 3972
f 3953 3954 3974
f 3953 3974 3973
f 3954 3955 3975
f 3954 3975 3974
f 3955 3956 3976
f 3955 3976 3975
f 3956 3957 3977
f 3956 3977 3976
f 3957 3958 3978
f 3957 3978 3977
f 3958 3959 3979
f 3958 3979 3978
f 3959 3960 3980
f 3959 3980 3979
f 3960 3941 3961
f 3960 3961 3980
f 3961 3962 3982
f 3961 3982 3981
f 3962 3963 3983
f 3962 3983 3982
f 3963 3964 3984
f 3963 3984 3983
f 3964 3965 3985
f 3964 3985 3984
f 3965 3966 3986
f 3965 3986 3985
f 3966 3967 3987
f 3966 3987 3986
f 3967 3968 3988
f 3967 3988 3987
f 3968 3969 3989
f 3968 3989 3988
f 3969 3970 3990
f 3969 3990 3989
f 3970 3971 3991
f 3970 3991 3990
f 3971 3972 3992
f 3971 3992 3991
f 3972 3973 3993
f 3972 3993 3992
f 3973 3974 3994
f 3973 3994 3993
f 3974 3975 3995
f 3974 3995 3994
f 3975 3976 3996
f 3975 3996 3995
f 3976 3977 3997
f 3976 3997 3996
f 3977 3978 3998
f 3977 3998 3997
f 3978 3979 3999
f 3978 3999 3998
f 3979 3980 4000
f 3979 4000 3999
f 3980 3961 3981
f 3980 3981 4000
f 3981 3982 4002
f 3981 4002 4001
f 3982 3983 4003
f 3982 4003 4002
f 3983 3984 4004
f 3983 4004 4003
f 3984 3985 4005
f 3984 4005 4004
f 3985 3986 4006
f 3985 4006 4005
f 3986 3987 4007
f 3986 4007 4006
f 3987 3988 4008
f 3987 4008 4007
f 3988 3989 4009
f 3988 4009 4008
f 3989 3990 4010
f 3989 4010 4009
f 3990 3991 4011
f 3990 4011 4010
f 3991 3992 4012
f 3991 4012 4011
f 3992 3993 4013
f 3992 4013 4012
f 3993 3994 4014
f 3993 4014 4013
f 3994 3995 4015
f 3994 4015 4014
f 3995 3996 4016
f 3995 4016 4015
f 3996 3997 4017
f 3996 4017 4016
f 3997 3998 4018
f 3997 4018 4017
f 3998 3999 4019
f 3998 4019 4018
f 3999 4000 4020
f 3999 4020 4019
f 4000 3981 4001
f 4000 4001 4020
f 4001 4002 4022
f 4001 4022 4021
f 4002 4003 4023
f 4002 4023 4022
f 4003 4004 4024
f 4003 4024 4023
f 4004 4005 4025
f 4004 4025 4024
f 4005 4006 4026
f 4005 4026 4025
f 4006 4007 4027
f 4006 4027 4026
f 4007 4008 4028
f 4007 4028 4027
f 4008 4009 4029
f 4008 4029 4028
f 4009 4010 4030
f 4009 4030 4029
f 4010 4011 4031
f 4010 4031 4030
f 4011 4012 4032
f 4011 4032 4031
f 4012 4013 4033
f 4012 4033 4032
f 4013 4014 4034
f 4013 4034 4033
f 4014 4015 4035
f 4014 4035 4034
f 4015 4016 4036
f 4015 4036 4035
f 4016 4017 4037
f 4016 4037 4036
f 4017 4018 4038
f 4017 4038 4037
f 4018 4019 4039
f 4018 4039 4038
f 4019 4020 4040
f 4019 4040 4039
f 4020 4001 4021
f 4020 4021 4040
f 4021 4022 4042
f 4021 4042 4041
f 4022 4023 4043
f 4022 4043 4042
f 4023 4024 4044
f 4023 4044 4043
f 4024 4025 4045
f 4024 4045 4044
f 4025 4026 4046
f 4025 4046 4045
f 4026 4027 4047
f 4026 4047 4046
f 4027 4028 4048
f 4027 4048 4047
f 4028 4029 4049
f 4028 4049 4048
f 4029 4030 4050
f 4029 4050 4049
f 4030 4031 4051
f 4030 4051 4050
f 4031 4032 4052
f 4031 4052 4051
f 4032 4033 4053
f 4032 4053 4052
f 4033 4034 4054
f 4033 4054 4053
f 4034 4035 4055
f 4034 4055 4054
f 4035 4036 4056
f 4035 4056 4055
f 4036 4037 4057
f 4036 4057 4056
f 4037 4038 4058
f 4037 4058 4057
f 4038 4039 4059
f 4038 4059 4058
f 4039 4040 4060
f 4039 4060 4059
f 4040 4021 4041
f 4040 4041 4060
f 4041 4042 4062
f 4041 4062 4061
f 4042 4043 4063
f 4042 4063 4062
f 4043 4044 4064
f 4043 4064 4063
f 4044 4045 4065
f 4044 4065 4064
f 4045 4046 4066
f 4045 4066 4065
f 4046 4047 4067
f 4046 4067 4066
f 4047 4048 4068
f 4047 4068 4067
f 4048 4049 4069
f 4048 4069 4068
f 4049 4050 4070
f 4049 4070 4069
f 4050 4051 4071
f 4050 4071 4070
f 4051 4052 4072
f 4051 4072 4071
f 4052 4053 4073
f 4052 4073 4072
f 4053 4054 4074
f 4053 4074 4073
f 4054 4055 4075
f 4054 4075 4074
f 4055 4056 4076
f 4055 4076 4075
f 4056 4057 4077
f 4056 4077 4076
f 4057 4058 4078
f 4057 4078 4077
f 4058 4059 4079
f 4058 4079 4078
f 4059 4060 4080
f 4059 4080 4079
f 4060 4041 4061
f 4060 4061 4080
f 4061 4062 4082
f 4061 4082 4081
f 4062 4063 4083
f 4062 4083 4082
f 4063 4064 4084
f 4063 4084 4083
f 4064 4065 4085
f 4064 4085 4084
f 4065 4066 4086
f 4065 4086 4085
f 4066 4067 4087
f 4066 4087 4086
f 4067 4068 4088
f 4067 4088 4087
f 4068 4069 4089
f 4068 4089 4088
f 4069 4070 4090
f 4069 4090 4089
f 4070 4071 4091
f 4070 4091 4090
f 4071 4072 4092
f 4071 4092 4091
f 4072 4073 4093
f 4072 4093 4092
f 4073 4074 4094
f 4073 4094 4093
f 4074 4075 4095
f 4074 4095 4094
f 4075 4076 4096
f 4075 4096 4095
f 4076 4077 4097
f 4076 4097 4096
f 4077 4078 4098
f 4077 4098 4097
f 4078 4079 4099
f 4078 4099 4098
f 4079 4080 4100
f 4079 4100 4099
f 4080 4061 4081
f 4080 4081 4100
f 4081 4082 4102
f 4081 4102 4101
f 4082 4083 4103
f 4082 4103 4102
f 4083 4084 4104
f 4083 4104 4103
f 4084 4085 4105
f 4084 4105 4104
f 4085 4086 4106
f 4085 4106 4105
f 4086 4087 4107
f 4086 4107 4106
f 4087 4088 4108
f 4087 4108 4107
f 4088 4089 4109
f 4088 4109 4108
f 4089 4090 4110
f 4089 4110 4109
f 4090 4091 4111
f 4090 4111 4110
f 4091 4092 4112
f 4091 4112 4111
f 4092 4093 4113
f 4092 4113 4112
f 4093 4094 4114
f 4093 4114 4113
f 4094 4095 4115
f 4094 4115 4114
f 4095 4096 4116
f 4095 4116 4115
f 4096 4097 4117
f 4096 4117 4116
f 4097 4098 4118
f 4097 4118 4117
f 4098 4099 4119
f 4098 4119 4118
f 4099 4100 4120
f 4099 4120 4119
f 4100 4081 4101
f 4100 4101 4120
f 4101 4102 4122
f 4101 4122 4121
f 4102 4103 4123
f 4102 4123 4122
f 4103 4104 4124
f 4103 4124 4123
f 4104 4105 4125
f 4104 4125 4124
f 4105 4106 4126
f 4105 4126 4125
f 4106 4107 4127
f 4106 4127 4126
f 4107 4108 4128
f 4107 4128 4127
f 4108 4109 4129
f 4108 4129 4128
f 4109 4110 4130
f 4109 4130 4129
f 4110 4111 4131
f 4110 4131 4130
f 4111 4112 4132
f 4111 4132 4131
f 4112 4113 4133
f 4112 4133 4132
f 4113 4114 4134
f 4113 4134 4133
f 4114 4115 4135
f 4114 4135 4134
f 4115 4116 4136
f 4115 4136 4135
f 4116 4117 4137
f 4116 4137 4136
f 4117 4118 4138
f 4117 4138 4137
f 4118 4119 4139
f 4118 4139 4138
f 4119 4120 4140
f 4119 4140 4139
f 4120 4101 4121
f 4120 4121 4140
f 4121 4122 4142
f 4121 4142 4141
f 4122 4123 4143
f 4122 4143 4142
f 4123 4124 4144
f 4123 4144 4143
f 4124 4125 4145
f 4124 4145 4144
f 4125 4126 4146
f 4125 4146 4145
f 4126 4127 4147
f 4126 4147 4146
f 4127 4128 4148
f 4127 4148 4147
f 4128 4129 4149
f 4128 4149 4148
f 4129 4130 4150
f 4129 4150 4149
f 4130 4131 4151
f 4130 4151 4150
f 4131 4132 4152
f 4131 4152 4151
f 4132 4133 4153
f 4132 4153 4152
f 4133 4134 4154
f 4133 4154 4153
f 4134 4135 4155
f 4134 4155 4154
f 4135 4136 4156
f 4135 4156 4155
f 4136 4137 4157
f 4136 4157 4156
f 4137 4138 4158
f 4137 4158 4157
f 4138 4139 4159
f 4138 4159 4158
f 4139 4140 4160
f 4139 4160 4159
f 4140 4121 4141
f 4140 4141 4160
f 4161 1922 1921
f 4161 1923 1922
f 4161 1924 1923
f 4161 1925 1924
f 4161 1926 1925
f 4161 1927 1926
f 4161 1928 1927
f 4161 1929 1928
f 4161 1930 1929
f 4161 1931 1930
f 4161 1932 1931
f 4161 1933 1932
f 4161 1934 1933
f 4161 1935 1934
f 4161 1936 1935
f 4161 1937 1936
f 4161 1938 1937
f 4161 1939 1938
f 4161 1940 1939
f 4161 1921 1940
f 4162 4141 4142
f 4162 4142 4143
f 4162 4143 4144
f 4162 4144 4145
f 4162 4145 4146
f 4162 4146 4147
f 4162 4147 4148
f 4162 4148 4149
f 4162 4149 4150
f 4162 4150 4151
f 4162 4151 4152
f 4162 4152 4153
f 4162 4153 4154
f 4162 4154 4155
f 4162 4155 4156
f 4162 4156 4157
f 4162 4157 4158
f 4162 4158 4159
f 4162 4159 4160
f 4162 4160 4141

o gold_R
usemtl GoldAccent
v 5.11620929 1.67197382 0.13897539
v 5.11620929 1.67197382 0.75897539
v 5.25989950 1.98011847 0.13897539
v 5.25989950 1.98011847 0.75897539
v 5.97720169 1.27048647 0.13897539
v 5.97720169 1.27048647 0.75897539
v 6.12089190 1.57863112 0.13897539
v 6.12089190 1.57863112 0.75897539
f 4164 4166 4163
f 4167 4164 4163
f 4163 4166 4165
f 4165 4167 4163
f 4164 4170 4166
f 4168 4164 4167
f 4168 4170 4164
f 4166 4170 4165
f 4169 4167 4165
f 4165 4170 4169
f 4169 4168 4167
f 4170 4168 4169

o nosearm_R
usemtl ArmMetal
v 1.61442756 1.08859624 0.23642960
v 1.60853950 1.07729166 0.19631052
v 1.62693843 1.05000000 0.17006841
v 1.65884652 1.02270834 0.17307555
v 1.68557244 1.01140376 0.20357040
v 1.69146050 1.02270834 0.24368948
v 1.67306157 1.05000000 0.26993159
v 1.64115348 1.07729166 0.26692445
v 1.57967825 1.04973608 0.25247957
v 1.57381552 1.03845966 0.21234885
v 1.59211370 1.01105604 0.18615300
v 1.62385395 0.98357790 0.18923718
v 1.65044327 0.97212156 0.21979474
v 1.65630600 0.98339798 0.25992546
v 1.63800783 1.01080160 0.28612131
v 1.60626758 1.03827973 0.28303712
v 1.53462933 1.00050685 0.27283988
v 1.52879598 0.98926261 0.23269585
v 1.54697735 0.96173101 0.20655292
v 1.57852303 0.93403968 0.20972526
v 1.60495400 0.92240982 0.24035457
v 1.61078735 0.93365405 0.28049860
v 1.59260599 0.96118566 0.30664153
v 1.56106030 0.98887699 0.30346918
v 1.48092172 0.94232590 0.29691505
v 1.47509750 0.93109157 0.25676692
v 1.49324256 0.90352058 0.23064030
v 1.52472778 0.87576362 0.23383979
v 1.55110953 0.86408035 0.26449120
v 1.55693375 0.87531468 0.30463933
v 1.53878869 0.90288567 0.33076595
v 1.50730347 0.93064263 0.32756646
v 1.42043683 0.87687366 0.32400084
v 1.41460930 0.86563574 0.28385419
v 1.43276753 0.83807901 0.25772166
v 1.46427468 0.81034582 0.26091132
v 1.49067428 0.79868190 0.29155472
v 1.49650181 0.80991981 0.33170136
v 1.47834358 0.83747654 0.35783390
v 1.44683644 0.86520973 0.35464423
v 1.35502024 0.80578895 0.35341010
v 1.34917998 0.79453719 0.31326918
v 1.36738883 0.76703553 0.28711387
v 1.39898028 0.73939406 0.29026558
v 1.42544851 0.72780480 0.32087810
v 1.43128877 0.73905656 0.36101901
v 1.41307992 0.76655822 0.38717433
v 1.38148847 0.79419969 0.38402261
v 1.28650167 0.73069240 0.38446323
v 1.28064017 0.71941733 0.34433195
v 1.29893347 0.69200833 0.31813832
v 1.33066561 0.66452124 0.32122621
v 1.35724833 0.65305760 0.35178677
v 1.36310983 0.66433267 0.39191805
v 1.34481653 0.69174167 0.41811168
v 1.31308439 0.71922876 0.41502379
v 1.21670129 0.65319318 0.41648531
v 1.21080967 0.64188463 0.37636787
v 1.22922272 0.61460877 0.35011923
v 1.26115434 0.58734344 0.35311550
v 1.28789940 0.57606029 0.38360149
v 1.29379103 0.58736884 0.42371894
v 1.27537797 0.61464470 0.44996758
v 1.24344636 0.64191003 0.44697131
v 1.14743105 0.57488984 0.44880581
v 1.14149897 0.56353548 0.40870727
v 1.16007289 0.53644174 0.38238347
v 1.19227247 0.50947976 0.38525453
v 1.21923562 0.49844350 0.41563863
v 1.22516770 0.50979785 0.45573717
v 1.20659377 0.53689160 0.48206098
v 1.17439420 0.56385358 0.47918991
v 1.08049320 0.49736682 0.48075991
v 1.07450757 0.48595033 0.44068698
v 1.09329443 0.45910366 0.41426135
v 1.12584871 0.43255323 0.41696279
v 1.15310055 0.42185193 0.44720884
v 1.15908618 0.43326842 0.48728177
v 1.14029932 0.46011509 0.51370740
v 1.10774504 0.48666552 0.51100596
v 1.01767570 0.42218559 0.51169213
v 1.01161874 0.41068352 0.47165440
v 1.03068918 0.38417708 0.44508881
v 1.06371581 0.35819337 0.44755712
v 1.09135208 0.34795330 0.47761342
v 1.09740904 0.35945536 0.51765115
v 1.07833860 0.38596181 0.54421675
v 1.04531197 0.41194552 0.54174844
v 0.96074250 0.35086410 0.54096456
v 0.95458859 0.33924015 0.50097684
v 0.97404451 0.31321834 0.47421238
v 1.00771323 0.28804188 0.47634943
v 1.03587209 0.27845881 0.50613614
v 1.04202599 0.29008276 0.54612385
v 1.02257007 0.31610458 0.57288831
v 0.98890135 0.34128103 0.57075126
v 0.91139536 0.28480149 0.56798716
v 0.90510271 0.27299059 0.52807589
v 0.92511029 0.24771211 0.50100747
v 0.95969792 0.22377385 0.50263821
v 0.98860464 0.21519851 0.53201284
v 0.99489729 0.22700941 0.57192411
v 0.97488971 0.25228789 0.59899253
v 0.94030208 0.27622615 0.59736179
v 0.86403531 0.21490103 0.59644864
v 0.85759869 0.20287786 0.55662381
v 0.87817872 0.17844339 0.52921171
v 0.91371991 0.15591101 0.53026999
v 0.94340270 0.14847988 0.55917870
v 0.94983933 0.16050306 0.59900354
v 0.92925929 0.18493752 0.62641563
v 0.89371811 0.20746990 0.62535736
v 0.81975362 0.14297542 0.62561462
v 0.81319781 0.13075947 0.58586797
v 0.83425174 0.10709149 0.55814501
v 0.87058230 0.08583585 0.55868547
v 0.90090754 0.07944382 0.58717276
v 0.90746335 0.09165976 0.62691941
v 0.88640942 0.11532775 0.65464237
v 0.85007886 0.13658339 0.65410191
v 0.77856895 0.07033025 0.65497685
v 0.77192123 0.05795283 0.61529548
v 0.79334058 0.03492686 0.58731298
v 0.83027983 0.01474063 0.58742114
v 0.86110048 0.00921896 0.61555658
v 0.86774819 0.02159638 0.65523796
v 0.84632884 0.04462235 0.68322045
v 0.80938959 0.06480858 0.68311230
v 0.74043574 -0.00184087 0.68407239
v 0.73371732 -0.01435159 0.64444476
v 0.75541779 -0.03684754 0.61624856
v 0.79282532 -0.05615090 0.61600074
v 0.82402707 -0.06095402 0.64384647
v 0.83074549 -0.04844330 0.68347410
v 0.80904502 -0.02594735 0.71167030
v 0.77163749 -0.00664399 0.71191812
v 0.70532373 -0.07233539 0.71243439
v 0.69855178 -0.08495319 0.67284985
v 0.72046513 -0.10702336 0.64448233
v 0.75822724 -0.12561751 0.64394914
v 0.78971759 -0.12984343 0.67156261
v 0.79648955 -0.11722563 0.71114714
v 0.77457620 -0.09515545 0.73951467
v 0.73681408 -0.07656130 0.74004786
v 0.67321488 -0.13993972 0.73959139
v 0.66640414 -0.15263886 0.70003953
v 0.68847170 -0.17438563 0.67154208
v 0.72649068 -0.19244109 0.67079246
v 0.75819008 -0.19622857 0.69822979
v 0.76500082 -0.18352944 0.73778166
v 0.74293326 -0.16178266 0.76627910
v 0.70491428 -0.14372721 0.76702872
v 0.64410267 -0.20342528 0.76506579
v 0.63726704 -0.21617848 0.72553562
v 0.65943358 -0.23771030 0.69695191
v 0.69761745 -0.25540771 0.69605860
v 0.72945105 -0.25890380 0.72337899
v 0.73628668 -0.24615060 0.76290916
v 0.71412014 -0.22461877 0.79149287
v 0.67593627 -0.20692136 0.79238617
v 0.61799485 -0.26153979 0.78837037
v 0.61114924 -0.27431508 0.74884907
v 0.63335545 -0.29575905 0.72023012
v 0.67160538 -0.31331013 0.71927812
v 0.70349275 -0.31668711 0.74655074
v 0.71033836 -0.30391182 0.78607204
v 0.68813216 -0.28246784 0.81469099
v 0.64988222 -0.26491677 0.81564299
v 0.59492330 -0.31298732 0.80900031
v 0.58808688 -0.32574223 0.76947083
v 0.61025652 -0.34726725 0.74088439
v 0.64844553 -0.36495332 0.73998654
v 0.68028332 -0.36844018 0.76730322
v 0.68711973 -0.35568527 0.80683270
v 0.66495009 -0.33416025 0.83541914
v 0.62676108 -0.31647418 0.83631700
v 0.57497434 -0.35637746 0.82641256
v 0.56817781 -0.36904639 0.78684857
v 0.59018884 -0.39091329 0.75839936
v 0.62811365 -0.40916882 0.75773009
v 0.65973641 -0.41311916 0.78523282
v 0.66653293 -0.40045023 0.82479681
v 0.64452191 -0.37858333 0.85324602
v 0.60659709 -0.36032779 0.85391529
v 0.55788664 -0.39107527 0.84036725
v 0.55112583 -0.40367029 0.80077355
v 0.57299485 -0.42583103 0.77244245
v 0.61068312 -0.44457604 0.77196991
v 0.64211336 -0.44892473 0.79963275
v 0.64887417 -0.43632971 0.83922645
v 0.62700515 -0.41416897 0.86755755
v 0.58931688 -0.39542396 0.86803009
v 1.65000000 1.05000000 0.22000000
v 0.60000000 -0.42000000 0.82000000
f 4171 4172 4180
f 4171 4180 4179
f 4172 4173 4181
f 4172 4181 4180
f 4173 4174 4182
f 4173 4182 4181
f 4174 4175 4183
f 4174 4183 4182
f 4175 4176 4184
f 4175 4184 4183
f 4176 4177 4185
f 4176 4185 4184
f 4177 4178 4186
f 4177 4186 4185
f 4178 4171 4179
f 4178 4179 4186
f 4179 4180 4188
f 4179 4188 4187
f 4180 4181 4189
f 4180 4189 4188
f 4181 4182 4190
f 4181 4190 4189
f 4182 4183 4191
f 4182 4191 4190
f 4183 4184 4192
f 4183 4192 4191
f 4184 4185 4193
f 4184 4193 4192
f 4185 4186 4194
f 4185 4194 4193
f 4186 4179 4187
f 4186 4187 4194
f 4187 4188 4196
f 4187 4196 4195
f 4188 4189 4197
f 4188 4197 4196
f 4189 4190 4198
f 4189 4198 4197
f 4190 4191 4199
f 4190 4199 4198
f 4191 4192 4200
f 4191 4200 4199
f 4192 4193 4201
f 4192 4201 4200
f 4193 4194 4202
f 4193 4202 4201
f 4194 4187 4195
f 4194 4195 4202
f 4195 4196 4204
f 4195 4204 4203
f 4196 4197 4205
f 4196 4205 4204
f 4197 4198 4206
f 4197 4206 4205
f 4198 4199 4207
f 4198 4207 4206
f 4199 4200 4208
f 4199 4208 4207
f 4200 4201 4209
f 4200 4209 4208
f 4201 4202 4210
f 4201 4210 4209
f 4202 4195 4203
f 4202 4203 4210
f 4203 4204 4212
f 4203 4212 4211
f 4204 4205 4213
f 4204 4213 4212
f 4205 4206 4214
f 4205 4214 4213
f 4206 4207 4215
f 4206 4215 4214
f 4207 4208 4216
f 4207 4216 4215
f 4208 4209 4217
f 4208 4217 4216
f 4209 4210 4218
f 4209 4218 4217
f 4210 4203 4211
f 4210 4211 4218
f 4211 4212 4220
f 4211 4220 4219
f 4212 4213 4221
f 4212 4221 4220
f 4213 4214 4222
f 4213 4222 4221
f 4214 4215 4223
f 4214 4223 4222
f 4215 4216 4224
f 4215 4224 4223
f 4216 4217 4225
f 4216 4225 4224
f 4217 4218 4226
f 4217 4226 4225
f 4218 4211 4219
f 4218 4219 4226
f 4219 4220 4228
f 4219 4228 4227
f 4220 4221 4229
f 4220 4229 4228
f 4221 4222 4230
f 4221 4230 4229
f 4222 4223 4231
f 4222 4231 4230
f 4223 4224 4232
f 4223 4232 4231
f 4224 4225 4233
f 4224 4233 4232
f 4225 4226 4234
f 4225 4234 4233
f 4226 4219 4227
f 4226 4227 4234
f 4227 4228 4236
f 4227 4236 4235
f 4228 4229 4237
f 4228 4237 4236
f 4229 4230 4238
f 4229 4238 4237
f 4230 4231 4239
f 4230 4239 4238
f 4231 4232 4240
f 4231 4240 4239
f 4232 4233 4241
f 4232 4241 4240
f 4233 4234 4242
f 4233 4242 4241
f 4234 4227 4235
f 4234 4235 4242
f 4235 4236 4244
f 4235 4244 4243
f 4236 4237 4245
f 4236 4245 4244
f 4237 4238 4246
f 4237 4246 4245
f 4238 4239 4247
f 4238 4247 4246
f 4239 4240 4248
f 4239 4248 4247
f 4240 4241 4249
f 4240 4249 4248
f 4241 4242 4250
f 4241 4250 4249
f 4242 4235 4243
f 4242 4243 4250
f 4243 4244 4252
f 4243 4252 4251
f 4244 4245 4253
f 4244 4253 4252
f 4245 4246 4254
f 4245 4254 4253
f 4246 4247 4255
f 4246 4255 4254
f 4247 4248 4256
f 4247 4256 4255
f 4248 4249 4257
f 4248 4257 4256
f 4249 4250 4258
f 4249 4258 4257
f 4250 4243 4251
f 4250 4251 4258
f 4251 4252 4260
f 4251 4260 4259
f 4252 4253 4261
f 4252 4261 4260
f 4253 4254 4262
f 4253 4262 4261
f 4254 4255 4263
f 4254 4263 4262
f 4255 4256 4264
f 4255 4264 4263
f 4256 4257 4265
f 4256 4265 4264
f 4257 4258 4266
f 4257 4266 4265
f 4258 4251 4259
f 4258 4259 4266
f 4259 4260 4268
f 4259 4268 4267
f 4260 4261 4269
f 4260 4269 4268
f 4261 4262 4270
f 4261 4270 4269
f 4262 4263 4271
f 4262 4271 4270
f 4263 4264 4272
f 4263 4272 4271
f 4264 4265 4273
f 4264 4273 4272
f 4265 4266 4274
f 4265 4274 4273
f 4266 4259 4267
f 4266 4267 4274
f 4267 4268 4276
f 4267 4276 4275
f 4268 4269 4277
f 4268 4277 4276
f 4269 4270 4278
f 4269 4278 4277
f 4270 4271 4279
f 4270 4279 4278
f 4271 4272 4280
f 4271 4280 4279
f 4272 4273 4281
f 4272 4281 4280
f 4273 4274 4282
f 4273 4282 4281
f 4274 4267 4275
f 4274 4275 4282
f 4275 4276 4284
f 4275 4284 4283
f 4276 4277 4285
f 4276 4285 4284
f 4277 4278 4286
f 4277 4286 4285
f 4278 4279 4287
f 4278 4287 4286
f 4279 4280 4288
f 4279 4288 4287
f 4280 4281 4289
f 4280 4289 4288
f 4281 4282 4290
f 4281 4290 4289
f 4282 4275 4283
f 4282 4283 4290
f 4283 4284 4292
f 4283 4292 4291
f 4284 4285 4293
f 4284 4293 4292
f 4285 4286 4294
f 4285 4294 4293
f 4286 4287 4295
f 4286 4295 4294
f 4287 4288 4296
f 4287 4296 4295
f 4288 4289 4297
f 4288 4297 4296
f 4289 4290 4298
f 4289 4298 4297
f 4290 4283 4291
f 4290 4291 4298
f 4291 4292 4300
f 4291 4300 4299
f 4292 4293 4301
f 4292 4301 4300
f 4293 4294 4302
f 4293 4302 4301
f 4294 4295 4303
f 4294 4303 4302
f 4295 4296 4304
f 4295 4304 4303
f 4296 4297 4305
f 4296 4305 4304
f 4297 4298 4306
f 4297 4306 4305
f 4298 4291 4299
f 4298 4299 4306
f 4299 4300 4308
f 4299 4308 4307
f 4300 4301 4309
f 4300 4309 4308
f 4301 4302 4310
f 4301 4310 4309
f 4302 4303 4311
f 4302 4311 4310
f 4303 4304 4312
f 4303 4312 4311
f 4304 4305 4313
f 4304 4313 4312
f 4305 4306 4314
f 4305 4314 4313
f 4306 4299 4307
f 4306 4307 4314
f 4307 4308 4316
f 4307 4316 4315
f 4308 4309 4317
f 4308 4317 4316
f 4309 4310 4318
f 4309 4318 4317
f 4310 4311 4319
f 4310 4319 4318
f 4311 4312 4320
f 4311 4320 4319
f 4312 4313 4321
f 4312 4321 4320
f 4313 4314 4322
f 4313 4322 4321
f 4314 4307 4315
f 4314 4315 4322
f 4315 4316 4324
f 4315 4324 4323
f 4316 4317 4325
f 4316 4325 4324
f 4317 4318 4326
f 4317 4326 4325
f 4318 4319 4327
f 4318 4327 4326
f 4319 4320 4328
f 4319 4328 4327
f 4320 4321 4329
f 4320 4329 4328
f 4321 4322 4330
f 4321 4330 4329
f 4322 4315 4323
f 4322 4323 4330
f 4323 4324 4332
f 4323 4332 4331
f 4324 4325 4333
f 4324 4333 4332
f 4325 4326 4334
f 4325 4334 4333
f 4326 4327 4335
f 4326 4335 4334
f 4327 4328 4336
f 4327 4336 4335
f 4328 4329 4337
f 4328 4337 4336
f 4329 4330 4338
f 4329 4338 4337
f 4330 4323 4331
f 4330 4331 4338
f 4331 4332 4340
f 4331 4340 4339
f 4332 4333 4341
f 4332 4341 4340
f 4333 4334 4342
f 4333 4342 4341
f 4334 4335 4343
f 4334 4343 4342
f 4335 4336 4344
f 4335 4344 4343
f 4336 4337 4345
f 4336 4345 4344
f 4337 4338 4346
f 4337 4346 4345
f 4338 4331 4339
f 4338 4339 4346
f 4339 4340 4348
f 4339 4348 4347
f 4340 4341 4349
f 4340 4349 4348
f 4341 4342 4350
f 4341 4350 4349
f 4342 4343 4351
f 4342 4351 4350
f 4343 4344 4352
f 4343 4352 4351
f 4344 4345 4353
f 4344 4353 4352
f 4345 4346 4354
f 4345 4354 4353
f 4346 4339 4347
f 4346 4347 4354
f 4347 4348 4356
f 4347 4356 4355
f 4348 4349 4357
f 4348 4357 4356
f 4349 4350 4358
f 4349 4358 4357
f 4350 4351 4359
f 4350 4359 4358
f 4351 4352 4360
f 4351 4360 4359
f 4352 4353 4361
f 4352 4361 4360
f 4353 4354 4362
f 4353 4362 4361
f 4354 4347 4355
f 4354 4355 4362
f 4363 4172 4171
f 4363 4173 4172
f 4363 4174 4173
f 4363 4175 4174
f 4363 4176 4175
f 4363 4177 4176
f 4363 4178 4177
f 4363 4171 4178
f 4364 4355 4356
f 4364 4356 4357
f 4364 4357 4358
f 4364 4358 4359
f 4364 4359 4360
f 4364 4360 4361
f 4364 4361 4362
f 4364 4362 4355

o nosepad_R
usemtl NosePadSilicone
v 0.54146590 -0.24829615 1.07219468
v 0.74361197 -0.30626061 1.07219468
v 0.35638803 -0.89373939 0.82780532
v 0.55853410 -0.95170385 0.82780532
v 0.48190143 -0.83748794 0.98319117
v 0.59628584 -0.43858208 1.13423210
v 0.50371416 -0.76141792 0.76576790
v 0.61809857 -0.36251206 0.91680883
v 0.72028011 -0.62338730 0.88281251
v 0.70679910 -0.67040116 1.01718749
v 0.39320090 -0.52959884 0.88281251
v 0.37971989 -0.57661270 1.01718749
v 0.65878604 -0.22061798 1.09364846
v 0.44121396 -0.97938202 0.80635154
v 0.39617040 -0.91224759 0.89768505
v 0.51498888 -0.94631825 0.89768505
v 0.57218992 -0.29839459 1.13011314
v 0.69100840 -0.33246524 1.13011314
v 0.53717880 -0.64471284 1.07779820
v 0.40899160 -0.86753476 0.76988686
v 0.52781008 -0.90160541 0.76988686
v 0.58501112 -0.25368175 1.00231495
v 0.70382960 -0.28775241 1.00231495
v 0.56282120 -0.55528716 0.82220180
v 0.76389040 -0.44109102 0.98233242
v 0.65510436 -0.82047304 0.83868396
v 0.62288200 -0.70862578 0.80221927
v 0.69011547 -0.47415480 0.89099890
v 0.75596646 -0.46872508 1.06131604
v 0.64718042 -0.84810710 0.91766758
v 0.60213686 -0.78097267 1.00900110
v 0.66937034 -0.54650169 1.09778073
v 0.74225234 -0.65512747 0.95000000
v 0.45281958 -0.35189290 0.98233242
v 0.34403354 -0.73127492 0.83868396
v 0.43062966 -0.65349831 0.80221927
v 0.49786314 -0.41902733 0.89099890
v 0.44489564 -0.37952696 1.06131604
v 0.33610960 -0.75890898 0.91766758
v 0.40988453 -0.72584520 1.00900110
v 0.47711800 -0.49137422 1.09778073
v 0.35774766 -0.54487253 0.95000000
v 0.60210934 -0.21999339 1.08818096
v 0.70718160 -0.25012238 1.08818096
v 0.39281840 -0.94987762 0.81181904
v 0.49789066 -0.98000661 0.81181904
v 0.36940549 -0.91498224 0.85929272
v 0.43464533 -0.88574364 0.94005977
v 0.41193479 -0.96361121 0.84697594
v 0.53623767 -0.96282059 0.85929272
v 0.49640525 -0.90345301 0.94005977
v 0.47440136 -0.98152321 0.84697594
v 0.45072056 -0.94622855 0.89499281
v 0.55709807 -0.26042042 1.10713472
v 0.58559259 -0.35932796 1.13938077
v 0.61885814 -0.24198372 1.12021155
v 0.72393026 -0.30825877 1.10713472
v 0.64735252 -0.37703734 1.13938077
v 0.68132471 -0.25989572 1.12021155
v 0.63579843 -0.30078531 1.13938217
v 0.50793921 -0.74668340 1.03367967
v 0.56739438 -0.53933859 1.11218830
v 0.37606974 -0.89174123 0.79286528
v 0.45264748 -0.82296266 0.76061923
v 0.41867529 -0.94010428 0.77978845
v 0.54290193 -0.93957958 0.79286528
v 0.51440741 -0.84067204 0.76061923
v 0.48114186 -0.95801628 0.77978845
v 0.46420157 -0.89921469 0.76061783
v 0.56376233 -0.23717941 1.04070728
v 0.60359475 -0.29654699 0.95994023
v 0.62559864 -0.21847679 1.05302406
v 0.73059451 -0.28501776 1.04070728
v 0.66535467 -0.31425636 0.95994023
v 0.68806521 -0.23638879 1.05302406
v 0.64927944 -0.25377145 1.00500719
v 0.53260562 -0.66066141 0.78781170
v 0.59206079 -0.45331660 0.86632033
v 0.76181314 -0.36472070 1.03032068
v 0.74968562 -0.52955802 0.93188290
v 0.74332184 -0.35229833 0.99450175
v 0.60906743 -0.89740829 0.82862490
v 0.69314039 -0.72675466 0.85721675
v 0.59359070 -0.87447289 0.79678661
v 0.56382425 -0.74036435 0.77742510
v 0.67639173 -0.66861826 0.83826300
v 0.57665041 -0.81567130 0.77761599
v 0.59505684 -0.63360102 0.80511959
v 0.64357297 -0.77301749 0.81378477
v 0.65822629 -0.41114531 0.90207995
v 0.71133861 -0.54674404 0.88440921
v 0.70453607 -0.36968099 0.94648488
v 0.63040357 -0.51033233 0.85179380
v 0.73611190 -0.45029587 0.93597944
v 0.66197940 -0.59094722 0.84128836
v 0.75769441 -0.37908443 1.07137510
v 0.73855967 -0.56835880 1.04278325
v 0.73241548 -0.39033334 1.10321339
v 0.77073182 -0.44744130 1.02552046
v 0.60494870 -0.91177203 0.86967932
v 0.68201445 -0.76555544 0.96811710
v 0.58268434 -0.91250790 0.90549825
v 0.65634740 -0.84634716 0.87447954
v 0.54170336 -0.81750906 0.99792005
v 0.65860154 -0.73066005 1.01559079
v 0.55900354 -0.87721324 0.95351512
v 0.57066947 -0.71864989 1.04820620
v 0.62850074 -0.82558058 0.96402056
v 0.63610540 -0.48829002 1.12257490
v 0.69354841 -0.60878583 1.06173700
v 0.68688920 -0.43122293 1.12238401
v 0.60601620 -0.59538120 1.09488041
v 0.72103968 -0.50285896 1.08621523
v 0.64016667 -0.66701724 1.05871164
v 0.73843850 -0.64081071 0.91507703
v 0.73143129 -0.66524775 0.98492297
v 0.76352187 -0.54543883 0.96699816
v 0.70632967 -0.74489177 0.89147769
v 0.75935601 -0.55996692 1.00852231
v 0.70216381 -0.75941985 0.93300184
v 0.49505130 -0.28822797 1.03032068
v 0.41798555 -0.43444456 0.93188290
v 0.51731566 -0.28749210 0.99450175
v 0.34230559 -0.82091557 0.82862490
v 0.36144033 -0.63164120 0.85721675
v 0.36758452 -0.80966666 0.79678661
v 0.46389460 -0.71170998 0.77742510
v 0.40645159 -0.59121417 0.83826300
v 0.41311080 -0.76877707 0.77761599
v 0.49398380 -0.60461880 0.80511959
v 0.37896032 -0.69714104 0.81378477
v 0.55829664 -0.38249094 0.90207995
v 0.44139846 -0.46933995 0.88440921
v 0.54099646 -0.32278676 0.94648488
v 0.52933053 -0.48135011 0.85179380
v 0.47149926 -0.37441942 0.93597944
v 0.45983333 -0.53298276 0.84128836
v 0.49093257 -0.30259171 1.07137510
v 0.40685961 -0.47324534 1.04278325
v 0.50640930 -0.32552711 1.10321339
v 0.44365260 -0.35365284 1.02552046
v 0.33818686 -0.83527930 0.86967932
v 0.35031438 -0.67044198 0.96811710
v 0.35667816 -0.84770167 0.90549825
v 0.32926818 -0.75255870 0.87447954
v 0.44177371 -0.78885469 0.99792005
v 0.38866139 -0.65325596 1.01559079
v 0.39546393 -0.83031901 0.95351512
v 0.46959643 -0.68966767 1.04820620
v 0.36388810 -0.74970413 0.96402056
v 0.53617575 -0.45963565 1.12257490
v 0.42360827 -0.53138174 1.06173700
v 0.52334959 -0.38432870 1.12238401
v 0.50494316 -0.56639898 1.09488041
v 0.45642703 -0.42698251 1.08621523
v 0.43802060 -0.60905278 1.05871164
v 0.36856871 -0.53475225 0.91507703
v 0.36156150 -0.55918929 0.98492297
v 0.39783619 -0.44058015 0.96699816
v 0.34064399 -0.64003308 0.89147769
v 0.39367033 -0.45510823 1.00852231
v 0.33647813 -0.65456117 0.93300184
f 4365 4502 4418
f 4502 4402 4504
f 4418 4504 4381
f 4502 4504 4418
f 4402 4503 4519
f 4503 4376 4516
f 4519 4516 4405
f 4503 4516 4519
f 4381 4517 4419
f 4517 4405 4515
f 4419 4515 4370
f 4517 4515 4419
f 4402 4519 4504
f 4519 4405 4517
f 4504 4517 4381
f 4519 4517 4504
f 4365 4418 4407
f 4418 4381 4420
f 4407 4420 4377
f 4418 4420 4407
f 4381 4419 4424
f 4419 4370 4422
f 4424 4422 4382
f 4419 4422 4424
f 4377 4423 4408
f 4423 4382 4421
f 4408 4421 4366
f 4423 4421 4408
f 4381 4424 4420
f 4424 4382 4423
f 4420 4423 4377
f 4424 4423 4420
f 4365 4407 4434
f 4407 4377 4436
f 4434 4436 4386
f 4407 4436 4434
f 4377 4408 4439
f 4408 4366 4437
f 4439 4437 4387
f 4408 4437 4439
f 4386 4440 4435
f 4440 4387 4438
f 4435 4438 4372
f 4440 4438 4435
f 4377 4439 4436
f 4439 4387 4440
f 4436 4440 4386
f 4439 4440 4436
f 4365 4434 4485
f 4434 4386 4487
f 4485 4487 4398
f 4434 4487 4485
f 4386 4435 4498
f 4435 4372 4496
f 4498 4496 4401
f 4435 4496 4498
f 4398 4500 4486
f 4500 4401 4497
f 4486 4497 4375
f 4500 4497 4486
f 4386 4498 4487
f 4498 4401 4500
f 4487 4500 4398
f 4498 4500 4487
f 4365 4485 4502
f 4485 4398 4505
f 4502 4505 4402
f 4485 4505 4502
f 4398 4486 4523
f 4486 4375 4521
f 4523 4521 4406
f 4486 4521 4523
f 4402 4525 4503
f 4525 4406 4522
f 4503 4522 4376
f 4525 4522 4503
f 4398 4523 4505
f 4523 4406 4525
f 4505 4525 4402
f 4523 4525 4505
f 4366 4421 4460
f 4421 4382 4462
f 4460 4462 4393
f 4421 4462 4460
f 4382 4422 4475
f 4422 4370 4473
f 4475 4473 4396
f 4422 4473 4475
f 4393 4477 4461
f 4477 4396 4474
f 4461 4474 4374
f 4477 4474 4461
f 4382 4475 4462
f 4475 4396 4477
f 4462 4477 4393
f 4475 4477 4462
f 4370 4515 4426
f 4515 4405 4518
f 4426 4518 4383
f 4515 4518 4426
f 4405 4516 4520
f 4516 4376 4511
f 4520 4511 4404
f 4516 4511 4520
f 4383 4513 4425
f 4513 4404 4510
f 4425 4510 4369
f 4513 4510 4425
f 4405 4520 4518
f 4520 4404 4513
f 4518 4513 4383
f 4520 4513 4518
f 4376 4522 4507
f 4522 4406 4526
f 4507 4526 4403
f 4522 4526 4507
f 4406 4521 4524
f 4521 4375 4489
f 4524 4489 4399
f 4521 4489 4524
f 4403 4509 4506
f 4509 4399 4488
f 4506 4488 4367
f 4509 4488 4506
f 4406 4524 4526
f 4524 4399 4509
f 4526 4509 4403
f 4524 4509 4526
f 4375 4497 4492
f 4497 4401 4501
f 4492 4501 4400
f 4497 4501 4492
f 4401 4496 4499
f 4496 4372 4442
f 4499 4442 4388
f 4496 4442 4499
f 4400 4494 4491
f 4494 4388 4441
f 4491 4441 4371
f 4494 4441 4491
f 4401 4499 4501
f 4499 4388 4494
f 4501 4494 4400
f 4499 4494 4501
f 4372 4438 4454
f 4438 4387 4456
f 4454 4456 4392
f 4438 4456 4454
f 4387 4437 4445
f 4437 4366 4443
f 4445 4443 4389
f 4437 4443 4445
f 4392 4458 4455
f 4458 4389 4444
f 4455 4444 4373
f 4458 4444 4455
f 4387 4445 4456
f 4445 4389 4458
f 4456 4458 4392
f 4445 4458 4456
f 4368 4464 4414
f 4464 4394 4466
f 4414 4466 4380
f 4464 4466 4414
f 4394 4465 4472
f 4465 4374 4469
f 4472 4469 4395
f 4465 4469 4472
f 4380 4470 4415
f 4470 4395 4468
f 4415 4468 4369
f 4470 4468 4415
f 4394 4472 4466
f 4472 4395 4470
f 4466 4470 4380
f 4472 4470 4466
f 4368 4414 4410
f 4414 4380 4416
f 4410 4416 4378
f 4414 4416 4410
f 4380 4415 4417
f 4415 4369 4412
f 4417 4412 4379
f 4415 4412 4417
f 4378 4413 4409
f 4413 4379 4411
f 4409 4411 4367
f 4413 4411 4409
f 4380 4417 4416
f 4417 4379 4413
f 4416 4413 4378
f 4417 4413 4416
f 4368 4410 4430
f 4410 4378 4432
f 4430 4432 4385
f 4410 4432 4430
f 4378 4409 4429
f 4409 4367 4427
f 4429 4427 4384
f 4409 4427 4429
f 4385 4433 4431
f 4433 4384 4428
f 4431 4428 4371
f 4433 4428 4431
f 4378 4429 4432
f 4429 4384 4433
f 4432 4433 4385
f 4429 4433 4432
f 4368 4430 4446
f 4430 4385 4448
f 4446 4448 4390
f 4430 4448 4446
f 4385 4431 4451
f 4431 4371 4449
f 4451 4449 4391
f 4431 4449 4451
f 4390 4453 4447
f 4453 4391 4450
f 4447 4450 4373
f 4453 4450 4447
f 4385 4451 4448
f 4451 4391 4453
f 4448 4453 4390
f 4451 4453 4448
f 4368 4446 4464
f 4446 4390 4467
f 4464 4467 4394
f 4446 4467 4464
f 4390 4447 4482
f 4447 4373 4479
f 4482 4479 4397
f 4447 4479 4482
f 4394 4484 4465
f 4484 4397 4480
f 4465 4480 4374
f 4484 4480 4465
f 4390 4482 4467
f 4482 4397 4484
f 4467 4484 4394
f 4482 4484 4467
f 4369 4468 4425
f 4468 4395 4471
f 4425 4471 4383
f 4468 4471 4425
f 4395 4469 4478
f 4469 4374 4474
f 4478 4474 4396
f 4469 4474 4478
f 4383 4476 4426
f 4476 4396 4473
f 4426 4473 4370
f 4476 4473 4426
f 4395 4478 4471
f 4478 4396 4476
f 4471 4476 4383
f 4478 4476 4471
f 4367 4411 4506
f 4411 4379 4508
f 4506 4508 4403
f 4411 4508 4506
f 4379 4412 4512
f 4412 4369 4510
f 4512 4510 4404
f 4412 4510 4512
f 4403 4514 4507
f 4514 4404 4511
f 4507 4511 4376
f 4514 4511 4507
f 4379 4512 4508
f 4512 4404 4514
f 4508 4514 4403
f 4512 4514 4508
f 4371 4428 4491
f 4428 4384 4493
f 4491 4493 4400
f 4428 4493 4491
f 4384 4427 4490
f 4427 4367 4488
f 4490 4488 4399
f 4427 4488 4490
f 4400 4495 4492
f 4495 4399 4489
f 4492 4489 4375
f 4495 4489 4492
f 4384 4490 4493
f 4490 4399 4495
f 4493 4495 4400
f 4490 4495 4493
f 4373 4450 4455
f 4450 4391 4459
f 4455 4459 4392
f 4450 4459 4455
f 4391 4449 4452
f 4449 4371 4441
f 4452 4441 4388
f 4449 4441 4452
f 4392 4457 4454
f 4457 4388 4442
f 4454 4442 4372
f 4457 4442 4454
f 4391 4452 4459
f 4452 4388 4457
f 4459 4457 4392
f 4452 4457 4459
f 4374 4480 4461
f 4480 4397 4483
f 4461 4483 4393
f 4480 4483 4461
f 4397 4479 4481
f 4479 4373 4444
f 4481 4444 4389
f 4479 4444 4481
f 4393 4463 4460
f 4463 4389 4443
f 4460 4443 4366
f 4463 4443 4460
f 4397 4481 4483
f 4481 4389 4463
f 4483 4463 4393
f 4481 4463 4483

o lens_R
usemtl Lens
v 5.94086728 -0.20917378 0.44856947
v 5.95593825 0.01149277 0.45087631
v 5.95782436 0.18425468 0.45109056
v 5.94927018 0.34221910 0.44967063
v 5.93072117 0.49061406 0.44670616
v 5.90240691 0.63149968 0.44225491
v 5.86450620 0.76584189 0.43637062
v 5.81719178 0.89410730 0.42911042
v 5.76064648 1.01649932 0.42053747
v 5.69506938 1.13307090 0.41072169
v 5.62067772 1.24378514 0.39973974
v 5.53770641 1.34855131 0.38767452
v 5.44640582 1.44724758 0.37461438
v 5.34703810 1.53973662 0.36065206
v 5.23987164 1.62587679 0.34588354
v 5.12517318 1.70553079 0.33040652
v 5.00319638 1.77857281 0.31431868
v 4.87416484 1.84489491 0.29771554
v 4.73824559 1.90441345 0.28068752
v 4.59550514 1.95707636 0.26331564
v 4.44582981 2.00287323 0.24566437
v 4.28876287 2.04185286 0.22776743
v 4.12310378 2.07416311 0.20959295
v 3.94554622 2.10018180 0.19092268
v 3.73564173 2.12189471 0.16994865
v 3.52515576 2.13696120 0.15013422
v 3.34577760 2.14217034 0.13422810
v 3.17702463 2.13911735 0.12009396
v 3.01557514 2.12800430 0.10732606
v 2.86022118 2.10889403 0.09573582
v 2.71050445 2.08181781 0.08520942
v 2.56631484 2.04680562 0.07566555
v 2.42772686 2.00389719 0.06703862
v 2.29491956 1.95314590 0.05927085
v 2.16813185 1.89461920 0.05230836
v 2.04763541 1.82839695 0.04609921
v 1.93371675 1.75456805 0.04059245
v 1.82666479 1.67322538 0.03573779
v 1.72676155 1.58445866 0.03148566
v 1.63427474 1.48834439 0.02778749
v 1.54945147 1.38493115 0.02459606
v 1.47251206 1.27421752 0.02186601
v 1.40364340 1.15611682 0.01955429
v 1.34299020 1.03039695 0.01762058
v 1.29064157 0.89656843 0.01602758
v 1.24660585 0.75364891 0.01474092
v 1.21075139 0.59956975 0.01372833
v 1.18260906 0.42910496 0.01295524
v 1.15913272 0.20917378 0.01232936
v 1.14243620 -0.02888603 0.01191153
v 1.13914366 -0.21522414 0.01184659
v 1.14632054 -0.38557725 0.01205036
v 1.16350698 -0.54559559 0.01251508
v 1.19047592 -0.69750816 0.01324765
v 1.22705598 -0.84236153 0.01426414
v 1.27308364 -0.98066222 0.01558791
v 1.32838601 -1.11263192 0.01724865
v 1.39277436 -1.23832917 0.01928157
v 1.46604212 -1.35771497 0.02172687
v 1.54796537 -1.47069140 0.02462907
v 1.63830511 -1.57712606 0.02803649
v 1.73681099 -1.67686857 0.03200076
v 1.84322683 -1.76976230 0.03657647
v 1.95729843 -1.85565325 0.04182094
v 2.07878479 -1.93439722 0.04779440
v 2.20747486 -2.00586610 0.05456063
v 2.34321351 -2.06995411 0.06218858
v 2.48594496 -2.12658488 0.07075572
v 2.63579172 -2.17572147 0.08035493
v 2.79321705 -2.21738383 0.09110952
v 2.95942603 -2.25168882 0.10321108
v 3.13773259 -2.27898094 0.11704733
v 3.34867023 -2.30120975 0.13455504
v 3.56026326 -2.31594759 0.15334839
v 3.74060016 -2.32003270 0.17032666
v 3.91024106 -2.31511076 0.18709747
v 4.07250934 -2.30141797 0.20385974
v 4.22861207 -2.27904850 0.22064656
v 4.37900893 -2.24806313 0.23743143
v 4.52381417 -2.20851953 0.25415875
v 4.66295959 -2.16048321 0.27075625
v 4.79627405 -2.10403143 0.28714125
v 4.92352745 -2.03925368 0.30322445
v 5.04445742 -1.96625013 0.31891257
v 5.15878688 -1.88512830 0.33411038
v 5.26623634 -1.79599796 0.34872244
v 5.36653315 -1.69896372 0.36265463
v 5.45941893 -1.59411447 0.37581562
v 5.54465618 -1.48150776 0.38811829
v 5.62203468 -1.36114614 0.39948112
v 5.69137873 -1.23293916 0.40982974
v 5.75255659 -1.09663850 0.41909875
v 5.80549515 -0.95171693 0.42723418
v 5.85020738 -0.79711403 0.43419770
v 5.88685674 -0.63059521 0.43997596
v 5.91597149 -0.44651625 0.44461173
v 3.55000000 0.00000000 0.25304187
f 4527 4528 4623
f 4528 4529 4623
f 4529 4530 4623
f 4530 4531 4623
f 4531 4532 4623
f 4532 4533 4623
f 4533 4534 4623
f 4534 4535 4623
f 4535 4536 4623
f 4536 4537 4623
f 4537 4538 4623
f 4538 4539 4623
f 4539 4540 4623
f 4540 4541 4623
f 4541 4542 4623
f 4542 4543 4623
f 4543 4544 4623
f 4544 4545 4623
f 4545 4546 4623
f 4546 4547 4623
f 4547 4548 4623
f 4548 4549 4623
f 4549 4550 4623
f 4550 4551 4623
f 4551 4552 4623
f 4552 4553 4623
f 4553 4554 4623
f 4554 4555 4623
f 4555 4556 4623
f 4556 4557 4623
f 4557 4558 4623
f 4558 4559 4623
f 4559 4560 4623
f 4560 4561 4623
f 4561 4562 4623
f 4562 4563 4623
f 4563 4564 4623
f 4564 4565 4623
f 4565 4566 4623
f 4566 4567 4623
f 4567 4568 4623
f 4568 4569 4623
f 4569 4570 4623
f 4570 4571 4623
f 4571 4572 4623
f 4572 4573 4623
f 4573 4574 4623
f 4574 4575 4623
f 4575 4576 4623
f 4576 4577 4623
f 4577 4578 4623
f 4578 4579 4623
f 4579 4580 4623
f 4580 4581 4623
f 4581 4582 4623
f 4582 4583 4623
f 4583 4584 4623
f 4584 4585 4623
f 4585 4586 4623
f 4586 4587 4623
f 4587 4588 4623
f 4588 4589 4623
f 4589 4590 4623
f 4590 4591 4623
f 4591 4592 4623
f 4592 4593 4623
f 4593 4594 4623
f 4594 4595 4623
f 4595 4596 4623
f 4596 4597 4623
f 4597 4598 4623
f 4598 4599 4623
f 4599 4600 4623
f 4600 4601 4623
f 4601 4602 4623
f 4602 4603 4623
f 4603 4604 4623
f 4604 4605 4623
f 4605 4606 4623
f 4606 4607 4623
f 4607 4608 4623
f 4608 4609 4623
f 4609 4610 4623
f 4610 4611 4623
f 4611 4612 4623
f 4612 4613 4623
f 4613 4614 4623
f 4614 4615 4623
f 4615 4616 4623
f 4616 4617 4623
f 4617 4618 4623
f 4618 4619 4623
f 4619 4620 4623
f 4620 4621 4623
f 4621 4622 4623
f 4622 4527 4623

o rim_L
usemtl FrameBlackGloss
v -0.86027432 0.23532051 0.13732936
v -0.87051147 0.23442487 0.18899162
v -0.89966444 0.23187432 0.23278878
v -0.94329493 0.22805714 0.26205310
v -0.99476060 0.22355448 0.27232936
v -1.02464644 0.22093981 0.27232936
v -1.07611211 0.21643714 0.26205310
v -1.11974260 0.21261997 0.23278878
v -1.14889557 0.21006942 0.18899162
v -1.15913272 0.20917378 0.13732936
v -1.15913272 0.20917378 -0.11267064
v -1.14889557 0.21006942 -0.16433290
v -1.11974260 0.21261997 -0.20813005
v -1.07611211 0.21643714 -0.23739438
v -1.02464644 0.22093981 -0.24767064
v -0.99476060 0.22355448 -0.24767064
v -0.94329493 0.22805714 -0.23739438
v -0.89966444 0.23187432 -0.20813005
v -0.87051147 0.23442487 -0.16433290
v -0.86027432 0.23532051 -0.11267064
v -0.88741895 0.48261008 0.13795524
v -0.89753045 0.48077730 0.18961750
v -0.92632558 0.47555800 0.23341465
v -0.96942053 0.46774676 0.26267897
v -1.02025450 0.45853278 0.27295524
v -1.04977351 0.45318226 0.27295524
v -1.10060747 0.44396828 0.26267897
v -1.14370243 0.43615704 0.23341465
v -1.17249756 0.43093773 0.18961750
v -1.18260906 0.42910496 0.13795524
v -1.18260906 0.42910496 -0.11204476
v -1.17249756 0.43093773 -0.16370703
v -1.14370243 0.43615704 -0.20750418
v -1.10060747 0.44396828 -0.23676850
v -1.04977351 0.45318226 -0.24704476
v -1.02025450 0.45853278 -0.24704476
v -0.96942053 0.46774676 -0.23676850
v -0.92632558 0.47555800 -0.20750418
v -0.89753045 0.48077730 -0.16370703
v -0.88741895 0.48261008 -0.11204476
v -0.92014513 0.67405466 0.13872833
v -0.93009962 0.67150324 0.19039059
v -0.95844761 0.66423740 0.23418774
v -1.00087336 0.65336331 0.26345206
v -1.05091795 0.64053645 0.27372833
v -1.07997858 0.63308796 0.27372833
v -1.13002317 0.62026109 0.26345206
v -1.17244892 0.60938700 0.23418774
v -1.20079691 0.60212117 0.19039059
v -1.21075139 0.59956975 0.13872833
v -1.21075139 0.59956975 -0.11127167
v -1.20079691 0.60212117 -0.16293394
v -1.17244892 0.60938700 -0.20673109
v -1.13002317 0.62026109 -0.23599541
v -1.07997858 0.63308796 -0.24627167
v -1.05091795 0.64053645 -0.24627167
v -1.00087336 0.65336331 -0.23599541
v -0.95844761 0.66423740 -0.20673109
v -0.93009962 0.67150324 -0.16293394
v -0.92014513 0.67405466 -0.11127167
v -0.96147979 0.84693948 0.13974092
v -0.97124656 0.84374389 0.19140319
v -0.99905996 0.83464360 0.23520034
v -1.04068566 0.82102406 0.26446466
v -1.08978652 0.80495873 0.27474092
v -1.11829912 0.79562967 0.27474092
v -1.16739998 0.77956433 0.26446466
v -1.20902568 0.76594479 0.23520034
v -1.23683908 0.75684451 0.19140319
v -1.24660585 0.75364891 0.13974092
v -1.24660585 0.75364891 -0.11025908
v -1.23683908 0.75684451 -0.16192134
v -1.20902568 0.76594479 -0.20571849
v -1.16739998 0.77956433 -0.23498281
v -1.11829912 0.79562967 -0.24525908
v -1.08978652 0.80495873 -0.24525908
v -1.04068566 0.82102406 -0.23498281
v -0.99905996 0.83464360 -0.20571849
v -0.97124656 0.84374389 -0.16192134
v -0.96147979 0.84693948 -0.11025908
v -1.01179426 1.00722183 0.14102758
v -1.02134595 1.00343148 0.19268984
v -1.04854688 0.99263749 0.23648699
v -1.08925594 0.97648315 0.26575132
v -1.13727555 0.95742780 0.27602758
v -1.16516028 0.94636246 0.27602758
v -1.21317989 0.92730711 0.26575132
v -1.25388895 0.91115276 0.23648699
v -1.28108988 0.90035877 0.19268984
v -1.29064157 0.89656843 0.14102758
v -1.29064157 0.89656843 -0.10897242
v -1.28108988 0.90035877 -0.16063468
v -1.25388895 0.91115276 -0.20443184
v -1.21317989 0.92730711 -0.23369616
v -1.16516028 0.94636246 -0.24397242
v -1.13727555 0.95742780 -0.24397242
v -1.08925594 0.97648315 -0.23369616
v -1.04854688 0.99263749 -0.20443184
v -1.02134595 1.00343148 -0.16063468
v -1.01179426 1.00722183 -0.10897242
v -1.07115693 1.15730902 0.14262058
v -1.08046836 1.15296175 0.19428285
v -1.10698509 1.14058176 0.23808000
v -1.14667016 1.12205381 0.26734432
v -1.19348190 1.10019859 0.27762058
v -1.22066523 1.08750738 0.27762058
v -1.26747697 1.06565217 0.26734432
v -1.30716205 1.04712421 0.23808000
v -1.33367877 1.03474423 0.19428285
v -1.34299020 1.03039695 0.14262058
v -1.34299020 1.03039695 -0.10737942
v -1.33367877 1.03474423 -0.15904168
v -1.30716205 1.04712421 -0.20283883
v -1.26747697 1.06565217 -0.23210315
v -1.22066523 1.08750738 -0.24237942
v -1.19348190 1.10019859 -0.24237942
v -1.14667016 1.12205381 -0.23210315
v -1.10698509 1.14058176 -0.20283883
v -1.08046836 1.15296175 -0.15904168
v -1.07115693 1.15730902 -0.10737942
v -1.13952192 1.29838362 0.14455429
v -1.14856919 1.29351038 0.19621655
v -1.17433364 1.27963258 0.24001370
v -1.21289287 1.25886297 0.26927803
v -1.25837659 1.23436356 0.27955429
v -1.28478873 1.22013688 0.27955429
v -1.33027245 1.19563746 0.26927803
v -1.36883167 1.17486786 0.24001370
v -1.39459613 1.16099005 0.19621655
v -1.40364340 1.15611682 0.14455429
v -1.40364340 1.15611682 -0.10544571
v -1.39459613 1.16099005 -0.15710797
v -1.36883167 1.17486786 -0.20090513
v -1.33027245 1.19563746 -0.23016945
v -1.28478873 1.22013688 -0.24044571
v -1.25837659 1.23436356 -0.24044571
v -1.21289287 1.25886297 -0.23016945
v -1.17433364 1.27963258 -0.20090513
v -1.14856919 1.29351038 -0.15710797
v -1.13952192 1.29838362 -0.10544571
v -1.21678207 1.43106831 0.14686601
v -1.22554190 1.42569551 0.19852827
v -1.25048778 1.41039507 0.24232542
v -1.28782193 1.38749635 0.27158974
v -1.33186056 1.36048546 0.28186601
v -1.35743356 1.34480038 0.28186601
v -1.40147220 1.31778949 0.27158974
v -1.43880635 1.29489076 0.24232542
v -1.46375223 1.27959032 0.19852827
v -1.47251206 1.27421752 0.14686601
v -1.47251206 1.27421752 -0.10313399
v -1.46375223 1.27959032 -0.15479626
v -1.43880635 1.29489076 -0.19859341
v -1.40147220 1.31778949 -0.22785773
v -1.35743356 1.34480038 -0.23813399
v -1.33186056 1.36048546 -0.23813399
v -1.28782193 1.38749635 -0.22785773
v -1.25048778 1.41039507 -0.19859341
v -1.22554190 1.42569551 -0.15479626
v -1.21678207 1.43106831 -0.10313399
v -1.30279012 1.55568881 0.14959606
v -1.31123931 1.54983964 0.20125832
v -1.33530056 1.53318262 0.24505547
v -1.37131078 1.50825362 0.27431979
v -1.41378772 1.47884786 0.28459606
v -1.43845386 1.46177210 0.28459606
v -1.48093080 1.43236634 0.27431979
v -1.51694102 1.40743734 0.24505547
v -1.54100228 1.39078032 0.20125832
v -1.54945147 1.38493115 0.14959606
v -1.54945147 1.38493115 -0.10040394
v -1.54100228 1.39078032 -0.15206621
v -1.51694102 1.40743734 -0.19586336
v -1.48093080 1.43236634 -0.22512768
v -1.43845386 1.46177210 -0.23540394
v -1.41378772 1.47884786 -0.23540394
v -1.37131078 1.50825362 -0.22512768
v -1.33530056 1.53318262 -0.19586336
v -1.31123931 1.54983964 -0.15206621
v -1.30279012 1.55568881 -0.10040394
v -1.39736938 1.67239832 0.15278749
v -1.40548439 1.66609370 0.20444975
v -1.42859397 1.64813966 0.24824690
v -1.46317990 1.62126953 0.27751123
v -1.50397679 1.58957405 0.28778749
v -1.52766733 1.57116866 0.28778749
v -1.56846422 1.53947319 0.27751123
v -1.60305015 1.51260306 0.24824690
v -1.62615974 1.49464901 0.20444975
v -1.63427474 1.48834439 0.15278749
v -1.63427474 1.48834439 -0.09721251
v -1.62615974 1.49464901 -0.14887478
v -1.60305015 1.51260306 -0.19267193
v -1.56846422 1.53947319 -0.22193625
v -1.52766733 1.57116866 -0.23221251
v -1.50397679 1.58957405 -0.23221251
v -1.46317990 1.62126953 -0.22193625
v -1.42859397 1.64813966 -0.19267193
v -1.40548439 1.66609370 -0.14887478
v -1.39736938 1.67239832 -0.09721251
v -1.50032049 1.78124395 0.15648566
v -1.50807705 1.77450322 0.20814793
v -1.53016586 1.75530726 0.25194508
v -1.56322411 1.72657848 0.28120940
v -1.60221897 1.69269057 0.29148566
v -1.62486307 1.67301204 0.29148566
v -1.66385793 1.63912413 0.28120940
v -1.69691618 1.61039535 0.25194508
v -1.71900499 1.59119939 0.20814793
v -1.72676155 1.58445866 0.15648566
v -1.72676155 1.58445866 -0.09351434
v -1.71900499 1.59119939 -0.14517660
v -1.69691618 1.61039535 -0.18897375
v -1.66385793 1.63912413 -0.21823807
v -1.62486307 1.67301204 -0.22851434
v -1.60221897 1.69269057 -0.22851434
v -1.56322411 1.72657848 -0.21823807
v -1.53016586 1.75530726 -0.18897375
v -1.50807705 1.77450322 -0.14517660
v -1.50032049 1.78124395 -0.09351434
v -1.61142658 1.88220506 0.16073779
v -1.61879939 1.87504663 0.21240005
v -1.63979539 1.85466113 0.25619720
v -1.67121813 1.82415208 0.28546153
v -1.70828377 1.78816420 0.29573779
v -1.72980760 1.76726624 0.29573779
v -1.76687324 1.73127836 0.28546153
v -1.79829598 1.70076931 0.25619720
v -1.81929198 1.68038381 0.21240005
v -1.82666479 1.67322538 0.16073779
v -1.82666479 1.67322538 -0.08926221
v -1.81929198 1.68038381 -0.14092447
v -1.79829598 1.70076931 -0.18472163
v -1.76687324 1.73127836 -0.21398595
v -1.72980760 1.76726624 -0.22426221
v -1.70828377 1.78816420 -0.22426221
v -1.67121813 1.82415208 -0.21398595
v -1.63979539 1.85466113 -0.18472163
v -1.61879939 1.87504663 -0.14092447
v -1.61142658 1.88220506 -0.08926221
v -1.73045812 1.97521693 0.16559245
v -1.73742059 1.96765878 0.21725471
v -1.75724801 1.94613498 0.26105186
v -1.78692184 1.91392234 0.29031618
v -1.82192451 1.87592494 0.30059245
v -1.84225037 1.85386005 0.30059245
v -1.87725304 1.81586265 0.29031618
v -1.90692687 1.78365000 0.26105186
v -1.92675429 1.76212620 0.21725471
v -1.93371675 1.75456805 0.16559245
v -1.93371675 1.75456805 -0.08440755
v -1.92675429 1.76212620 -0.13606982
v -1.90692687 1.78365000 -0.17986697
v -1.87725304 1.81586265 -0.20913129
v -1.84225037 1.85386005 -0.21940755
v -1.82192451 1.87592494 -0.21940755
v -1.78692184 1.91392234 -0.20913129
v -1.75724801 1.94613498 -0.17986697
v -1.73742059 1.96765878 -0.13606982
v -1.73045812 1.97521693 -0.08440755
v -1.85717822 2.06018578 0.17109921
v -1.86370219 2.05224604 0.22276147
v -1.88228085 2.02963556 0.26655862
v -1.91008579 1.99579660 0.29582295
v -1.94288396 1.95588081 0.30609921
v -1.96192968 1.93270193 0.30609921
v -1.99472784 1.89278614 0.29582295
v -2.02253278 1.85894717 0.26655862
v -2.04111145 1.83633670 0.22276147
v -2.04763541 1.82839695 0.17109921
v -2.04763541 1.82839695 -0.07890079
v -2.04111145 1.83633670 -0.13056305
v -2.02253278 1.85894717 -0.17436021
v -1.99472784 1.89278614 -0.20362453
v -1.96192968 1.93270193 -0.21390079
v -1.94288396 1.95588081 -0.21390079
v -1.91008579 1.99579660 -0.20362453
v -1.88228085 2.02963556 -0.17436021
v -1.86370219 2.05224604 -0.13056305
v -1.85717822 2.06018578 -0.07890079
v -1.99134889 2.13699862 0.17730836
v -1.99740445 2.12869611 0.22897062
v -2.01464923 2.10505254 0.27276777
v -2.04045786 2.06966745 0.30203209
v -2.07090122 2.02792788 0.31230836
v -2.08857952 2.00368994 0.31230836
v -2.11902288 1.96195038 0.30203209
v -2.14483151 1.92656528 0.27276777
v -2.16207629 1.90292172 0.22897062
v -2.16813185 1.89461920 0.17730836
v -2.16813185 1.89461920 -0.07269164
v -2.16207629 1.90292172 -0.12435391
v -2.14483151 1.92656528 -0.16815106
v -2.11902288 1.96195038 -0.19741538
v -2.08857952 2.00368994 -0.20769164
v -2.07090122 2.02792788 -0.20769164
v -2.04045786 2.06966745 -0.19741538
v -2.01464923 2.10505254 -0.16815106
v -1.99740445 2.12869611 -0.12435391
v -1.99134889 2.13699862 -0.07269164
v -2.13273922 2.20552961 0.18427085
v -2.13829458 2.19688441 0.23593311
v -2.15411490 2.17226495 0.27973026
v -2.17779169 2.13541932 0.30899458
v -2.20572037 2.09195694 0.31927085
v -2.22193841 2.06671857 0.31927085
v -2.24986708 2.02325619 0.30899458
v -2.27354387 1.98641056 0.27973026
v -2.28936420 1.96179110 0.23593311
v -2.29491956 1.95314590 0.18427085
v -2.29491956 1.95314590 -0.06572915
v -2.28936420 1.96179110 -0.11739142
v -2.27354387 1.98641056 -0.16118857
v -2.24986708 2.02325619 -0.19045289
v -2.22193841 2.06671857 -0.20072915
v -2.20572037 2.09195694 -0.20072915
v -2.17779169 2.13541932 -0.19045289
v -2.15411490 2.17226495 -0.16118857
v -2.13829458 2.19688441 -0.11739142
v -2.13273922 2.20552961 -0.06572915
v -2.28113683 2.26564394 0.19203862
v -2.28615816 2.25667802 0.24370089
v -2.30045769 2.23114521 0.28749804
v -2.32185844 2.19293267 0.31676236
v -2.34710235 2.14785791 0.32703862
v -2.36176135 2.12168323 0.32703862
v -2.38700526 2.07660846 0.31676236
v -2.40840601 2.03839592 0.28749804
v -2.42270554 2.01286312 0.24370089
v -2.42772686 2.00389719 0.19203862
v -2.42772686 2.00389719 -0.05796138
v -2.42270554 2.01286312 -0.10962364
v -2.40840601 2.03839592 -0.15342079
v -2.38700526 2.07660846 -0.18268511
v -2.36176135 2.12168323 -0.19296138
v -2.34710235 2.14785791 -0.19296138
v -2.32185844 2.19293267 -0.18268511
v -2.30045769 2.23114521 -0.15342079
v -2.28615816 2.25667802 -0.10962364
v -2.28113683 2.26564394 -0.05796138
v -2.43636471 2.31719971 0.20066555
v -2.44081605 2.30793757 0.25232782
v -2.45349239 2.28156124 0.29612497
v -2.47246387 2.24208627 0.32538929
v -2.49484227 2.19552237 0.33566555
v -2.50783728 2.16848296 0.33566555
v -2.53021567 2.12191906 0.32538929
v -2.54918716 2.08244409 0.29612497
v -2.56186350 2.05606776 0.25232782
v -2.56631484 2.04680562 0.20066555
v -2.56631484 2.04680562 -0.04933445
v -2.56186350 2.05606776 -0.10099671
v -2.54918716 2.08244409 -0.14479386
v -2.53021567 2.12191906 -0.17405818
v -2.50783728 2.16848296 -0.18433445
v -2.49484227 2.19552237 -0.18433445
v -2.47246387 2.24208627 -0.17405818
v -2.45349239 2.28156124 -0.14479386
v -2.44081605 2.30793757 -0.10099671
v -2.43636471 2.31719971 -0.04933445
v -2.59830787 2.36004780 0.21020942
v -2.60215108 2.35051725 0.26187168
v -2.61309560 2.32337655 0.30566883
v -2.62947524 2.28275761 0.33493315
v -2.64879633 2.23484431 0.34520942
v -2.66001599 2.20702131 0.34520942
v -2.67933709 2.15910800 0.33493315
v -2.69571673 2.11848907 0.30566883
v -2.70666125 2.09134836 0.26187168
v -2.71050445 2.08181781 0.21020942
v -2.71050445 2.08181781 -0.03979058
v -2.70666125 2.09134836 -0.09145285
v -2.69571673 2.11848907 -0.13525000
v -2.67933709 2.15910800 -0.16451432
v -2.66001599 2.20702131 -0.17479058
v -2.64879633 2.23484431 -0.17479058
v -2.62947524 2.28275761 -0.16451432
v -2.61309560 2.32337655 -0.13525000
v -2.60215108 2.35051725 -0.09145285
v -2.59830787 2.36004780 -0.03979058
v -2.76695888 2.39402934 0.22073582
v -2.77015351 2.38426226 0.27239809
v -2.77925104 2.35644795 0.31619524
v -2.79286645 2.31482090 0.34545956
v -2.80892692 2.26571845 0.35573582
v -2.81825315 2.23720492 0.35573582
v -2.83431362 2.18810247 0.34545956
v -2.84792903 2.14647542 0.31619524
v -2.85702655 2.11866112 0.27239809
v -2.86022118 2.10889403 0.22073582
v -2.86022118 2.10889403 -0.02926418
v -2.85702655 2.11866112 -0.08092644
v -2.84792903 2.14647542 -0.12472359
v -2.83431362 2.18810247 -0.15398791
v -2.81825315 2.23720492 -0.16426418
v -2.80892692 2.26571845 -0.16426418
v -2.79286645 2.31482090 -0.15398791
v -2.77925104 2.35644795 -0.12472359
v -2.77015351 2.38426226 -0.08092644
v -2.76695888 2.39402934 -0.02926418
v -2.94250258 2.41896890 0.23232606
v -2.94500562 2.40900214 0.28398832
v -2.95213369 2.38061920 0.32778547
v -2.96280159 2.33814113 0.35704980
v -2.97538523 2.28803483 0.36732606
v -2.98269249 2.25893837 0.36732606
v -2.99527613 2.20883207 0.35704980
v -3.00594403 2.16635400 0.32778547
v -3.01307210 2.13797106 0.28398832
v -3.01557514 2.12800430 0.23232606
v -3.01557514 2.12800430 -0.01767394
v -3.01307210 2.13797106 -0.06933620
v -3.00594403 2.16635400 -0.11313336
v -2.99527613 2.20883207 -0.14239768
v -2.98269249 2.25893837 -0.15267394
v -2.97538523 2.28803483 -0.15267394
v -2.96280159 2.33814113 -0.14239768
v -2.95213369 2.38061920 -0.11313336
v -2.94500562 2.40900214 -0.06933620
v -2.94250258 2.41896890 -0.01767394
v -3.12549421 2.43465858 0.24509396
v -3.12725935 2.42453505 0.29675622
v -3.13228602 2.39570567 0.34055337
v -3.13980897 2.35255945 0.36981769
v -3.14868290 2.30166503 0.38009396
v -3.15383594 2.27211090 0.38009396
v -3.16270987 2.22121647 0.36981769
v -3.17023282 2.17807026 0.34055337
v -3.17525949 2.14924088 0.29675622
v -3.17702463 2.13911735 0.24509396
v -3.17702463 2.13911735 -0.00490604
v -3.17525949 2.14924088 -0.05656831
v -3.17023282 2.17807026 -0.10036546
v -3.16270987 2.22121647 -0.12962978
v -3.15383594 2.27211090 -0.13990604
v -3.14868290 2.30166503 -0.13990604
v -3.13980897 2.35255945 -0.12962978
v -3.13228602 2.39570567 -0.10036546
v -3.12725935 2.42453505 -0.05656831
v -3.12549421 2.43465858 -0.00490604
v -3.31730639 2.44081627 0.25922810
v -3.31828165 2.43058639 0.31089036
v -3.32105895 2.40145415 0.35468751
v -3.32521547 2.35785468 0.38395183
v -3.33011843 2.30642560 0.39422810
v -3.33296555 2.27656101 0.39422810
v -3.33786851 2.22513192 0.38395183
v -3.34202504 2.18153245 0.35468751
v -3.34480234 2.15240022 0.31089036
v -3.34577760 2.14217034 0.25922810
v -3.34577760 2.14217034 0.00922810
v -3.34480234 2.15240022 -0.04243417
v -3.34202504 2.18153245 -0.08623132
v -3.33786851 2.22513192 -0.11549564
v -3.33296555 2.27656101 -0.12577190
v -3.33011843 2.30642560 -0.12577190
v -3.32521547 2.35785468 -0.11549564
v -3.32105895 2.40145415 -0.08623132
v -3.31828165 2.43058639 -0.04243417
v -3.31730639 2.44081627 0.00922810
v -3.52166820 2.43694093 0.27513422
v -3.52178766 2.42666536 0.32679648
v -3.52212787 2.39740302 0.37059364
v -3.52263702 2.35360882 0.39985796
v -3.52323760 2.30195005 0.41013422
v -3.52358636 2.27195208 0.41013422
v -3.52418694 2.22029331 0.39985796
v -3.52469609 2.17649911 0.37059364
v -3.52503629 2.14723677 0.32679648
v -3.52515576 2.13696120 0.27513422
v -3.52515576 2.13696120 0.02513422
v -3.52503629 2.14723677 -0.02652804
v -3.52469609 2.17649911 -0.07032519
v -3.52418694 2.22029331 -0.09958952
v -3.52358636 2.27195208 -0.10986578
v -3.52323760 2.30195005 -0.10986578
v -3.52263702 2.35360882 -0.09958952
v -3.52212787 2.39740302 -0.07032519
v -3.52178766 2.42666536 -0.02652804
v -3.52166820 2.43694093 0.02513422
v -3.76178845 2.42075312 0.29494865
v -3.76089282 2.41051596 0.34661091
v -3.75834227 2.38136300 0.39040806
v -3.75452509 2.33773250 0.41967238
v -3.75002243 2.28626683 0.42994865
v -3.74740776 2.25638099 0.42994865
v -3.74290509 2.20491532 0.41967238
v -3.73908792 2.16128483 0.39040806
v -3.73653737 2.13213187 0.34661091
v -3.73564173 2.12189471 0.29494865
v -3.73564173 2.12189471 0.04494865
v -3.73653737 2.13213187 -0.00671362
v -3.73908792 2.16128483 -0.05051077
v -3.74290509 2.20491532 -0.07977509
v -3.74740776 2.25638099 -0.09005135
v -3.75002243 2.28626683 -0.09005135
v -3.75452509 2.33773250 -0.07977509
v -3.75834227 2.38136300 -0.05051077
v -3.76089282 2.41051596 -0.00671362
v -3.76178845 2.42075312 0.04494865
v -4.00107173 2.39499856 0.31592268
v -3.99916974 2.38489984 0.36758494
v -3.99375336 2.35614113 0.41138209
v -3.98564716 2.31310069 0.44064642
v -3.97608525 2.26233102 0.45092268
v -3.97053270 2.23284934 0.45092268
v -3.96097079 2.18207967 0.44064642
v -3.95286459 2.13903922 0.41138209
v -3.94744820 2.11028052 0.36758494
v -3.94554622 2.10018180 0.31592268
v -3.94554622 2.10018180 0.06592268
v -3.94744820 2.11028052 0.01426042
v -3.95286459 2.13903922 -0.02953674
v -3.96097079 2.18207967 -0.05880106
v -3.97053270 2.23284934 -0.06907732
v -3.97608525 2.26233102 -0.06907732
v -3.98564716 2.31310069 -0.05880106
v -3.99375336 2.35614113 -0.02953674
v -3.99916974 2.38489984 0.01426042
v -4.00107173 2.39499856 0.06592268
v -4.20300177 2.36332796 0.33459295
v -4.20026493 2.35342285 0.38625522
v -4.19247106 2.32521547 0.43005237
v -4.18080671 2.28300015 0.45931669
v -4.16704768 2.23320378 0.46959295
v -4.15905788 2.20428729 0.46959295
v -4.14529884 2.15449092 0.45931669
v -4.13363449 2.11227560 0.43005237
v -4.12584062 2.08406822 0.38625522
v -4.12310378 2.07416311 0.33459295
v -4.12310378 2.07416311 0.08459295
v -4.12584062 2.08406822 0.03293069
v -4.13363449 2.11227560 -0.01086646
v -4.14529884 2.15449092 -0.04013078
v -4.15905788 2.20428729 -0.05040705
v -4.16704768 2.23320378 -0.05040705
v -4.18080671 2.28300015 -0.04013078
v -4.19247106 2.32521547 -0.01086646
v -4.20026493 2.35342285 0.03293069
v -4.20300177 2.36332796 0.08459295
v -4.39083062 2.32395599 0.35276743
v -4.38733437 2.31429277 0.40442969
v -4.37737789 2.28677424 0.44822685
v -4.36247697 2.24558987 0.47749117
v -4.34490013 2.19700958 0.48776743
v -4.33469336 2.16879927 0.48776743
v -4.31711652 2.12021898 0.47749117
v -4.30221560 2.07903460 0.44822685
v -4.29225912 2.05151608 0.40442969
v -4.28876287 2.04185286 0.35276743
v -4.28876287 2.04185286 0.10276743
v -4.29225912 2.05151608 0.05110517
v -4.30221560 2.07903460 0.00730802
v -4.31711652 2.12021898 -0.02195631
v -4.33469336 2.16879927 -0.03223257
v -4.34490013 2.19700958 -0.03223257
v -4.36247697 2.24558987 -0.02195631
v -4.37737789 2.28677424 0.00730802
v -4.38733437 2.31429277 0.05110517
v -4.39083062 2.32395599 0.10276743
v -4.56831771 2.27672851 0.37066437
v -4.56412198 2.26734781 0.42232663
v -4.55217357 2.24063385 0.46612379
v -4.53429150 2.20065358 0.49538811
v -4.51319816 2.15349363 0.50566437
v -4.50094937 2.12610810 0.50566437
v -4.47985603 2.07894816 0.49538811
v -4.46197396 2.03896789 0.46612379
v -4.45002554 2.01225392 0.42232663
v -4.44582981 2.00287323 0.37066437
v -4.44582981 2.00287323 0.12066437
v -4.45002554 2.01225392 0.06900211
v -4.46197396 2.03896789 0.02520496
v -4.47985603 2.07894816 -0.00405937
v -4.50094937 2.12610810 -0.01433563
v -4.51319816 2.15349363 -0.01433563
v -4.53429150 2.20065358 -0.00405937
v -4.55217357 2.24063385 0.02520496
v -4.56412198 2.26734781 0.06900211
v -4.56831771 2.27672851 0.12066437
v -4.73686379 2.22168499 0.38831564
v -4.73202167 2.21262103 0.43997790
v -4.71823245 2.18680906 0.48377505
v -4.69759543 2.14817871 0.51303937
v -4.67325240 2.10261111 0.52331564
v -4.65911653 2.07615024 0.52331564
v -4.63477351 2.03058264 0.51303937
v -4.61413648 1.99195229 0.48377505
v -4.60034727 1.96614032 0.43997790
v -4.59550514 1.95707636 0.38831564
v -4.59550514 1.95707636 0.13831564
v -4.60034727 1.96614032 0.08665337
v -4.61413648 1.99195229 0.04285622
v -4.63477351 2.03058264 0.01359190
v -4.65911653 2.07615024 0.00331564
v -4.67325240 2.10261111 0.00331564
v -4.69759543 2.14817871 0.01359190
v -4.71823245 2.18680906 0.04285622
v -4.73202167 2.21262103 0.08665337
v -4.73686379 2.22168499 0.13831564
v -4.89705178 2.15893377 0.40568752
v -4.89161200 2.15021538 0.45734978
v -4.87612082 2.12538750 0.50114693
v -4.85293662 2.08822995 0.53041125
v -4.82558900 2.04439963 0.54068752
v -4.80970838 2.01894759 0.54068752
v -4.78236075 1.97511727 0.53041125
v -4.75917656 1.93795972 0.50114693
v -4.74368537 1.91313184 0.45734978
v -4.73824559 1.90441345 0.40568752
v -4.73824559 1.90441345 0.15568752
v -4.74368537 1.91313184 0.10402525
v -4.75917656 1.93795972 0.06022810
v -4.78236075 1.97511727 0.03096378
v -4.80970838 2.01894759 0.02068752
v -4.82558900 2.04439963 0.02068752
v -4.85293662 2.08822995 0.03096378
v -4.87612082 2.12538750 0.06022810
v -4.89161200 2.15021538 0.10402525
v -4.89705178 2.15893377 0.15568752
v -5.04909418 2.08861550 0.42271554
v -5.04310211 2.08026705 0.47437781
v -5.02603815 2.05649265 0.51817496
v -5.00050013 2.02091176 0.54743928
v -4.97037598 1.97894123 0.55771554
v -4.95288304 1.95456918 0.55771554
v -4.92275889 1.91259865 0.54743928
v -4.89722087 1.87701776 0.51817496
v -4.88015691 1.85324336 0.47437781
v -4.87416484 1.84489491 0.42271554
v -4.87416484 1.84489491 0.17271554
v -4.88015691 1.85324336 0.12105328
v -4.89722087 1.87701776 0.07725613
v -4.92275889 1.91259865 0.04799181
v -4.95288304 1.95456918 0.03771554
v -4.97037598 1.97894123 0.03771554
v -5.00050013 2.02091176 0.04799181
v -5.02603815 2.05649265 0.07725613
v -5.04310211 2.08026705 0.12105328
v -5.04909418 2.08861550 0.17271554
v -5.19301123 2.01088795 0.43931868
v -5.18650927 2.00293017 0.49098094
v -5.16799326 1.98026836 0.53477810
v -5.14028209 1.94635255 0.56404242
v -5.10759454 1.90634613 0.57431868
v -5.08861306 1.88311462 0.57431868
v -5.05592551 1.84310820 0.56404242
v -5.02821435 1.80919239 0.53477810
v -5.00969834 1.78653058 0.49098094
v -5.00319638 1.77857281 0.43931868
v -5.00319638 1.77857281 0.18931868
v -5.00969834 1.78653058 0.13765642
v -5.02821435 1.80919239 0.09385926
v -5.05592551 1.84310820 0.06459494
v -5.08861306 1.88311462 0.05431868
v -5.10759454 1.90634613 0.05431868
v -5.14028209 1.94635255 0.06459494
v -5.16799326 1.98026836 0.09385926
v -5.18650927 2.00293017 0.13765642
v -5.19301123 2.01088795 0.18931868
v -5.32871560 1.92591791 0.45540652
v -5.32174342 1.91836872 0.50706878
v -5.30188831 1.89687046 0.55086593
v -5.27217305 1.86469603 0.58013025
v -5.23712151 1.82674371 0.59040652
v -5.21676727 1.80470499 0.59040652
v -5.18171573 1.76675267 0.58013025
v -5.15200046 1.73457824 0.55086593
v -5.13214536 1.71307998 0.50706878
v -5.12517318 1.70553079 0.45540652
v -5.12517318 1.70553079 0.20540652
v -5.13214536 1.71307998 0.15374425
v -5.15200046 1.73457824 0.10994710
v -5.18171573 1.76675267 0.08068278
v -5.21676727 1.80470499 0.07040652
v -5.23712151 1.82674371 0.07040652
v -5.27217305 1.86469603 0.08068278
v -5.30188831 1.89687046 0.10994710
v -5.32174342 1.91836872 0.15374425
v -5.32871560 1.92591791 0.20540652
v -5.45605762 1.83387589 0.47088354
v -5.44865234 1.82675104 0.52254580
v -5.42756388 1.80646120 0.56634296
v -5.39600278 1.77609531 0.59560728
v -5.35877393 1.74027629 0.60588354
v -5.33715533 1.71947638 0.60588354
v -5.29992647 1.68365737 0.59560728
v -5.26836537 1.65329148 0.56634296
v -5.24727692 1.63300164 0.52254580
v -5.23987164 1.62587679 0.47088354
v -5.23987164 1.62587679 0.22088354
v -5.24727692 1.63300164 0.16922128
v -5.26836537 1.65329148 0.12542413
v -5.29992647 1.68365737 0.09615980
v -5.33715533 1.71947638 0.08588354
v -5.35877393 1.74027629 0.08588354
v -5.39600278 1.77609531 0.09615980
v -5.42756388 1.80646120 0.12542413
v -5.44865234 1.82675104 0.16922128
v -5.45605762 1.83387589 0.22088354
v -5.57485152 1.73493152 0.48565206
v -5.56704795 1.72824527 0.53731432
v -5.54482526 1.70920445 0.58111148
v -5.51156667 1.68070785 0.61037580
v -5.47233548 1.64709381 0.62065206
v -5.44955414 1.62757432 0.62065206
v -5.41032295 1.59396029 0.61037580
v -5.37706435 1.56546369 0.58111148
v -5.35484167 1.54642287 0.53731432
v -5.34703810 1.53973662 0.48565206
v -5.34703810 1.53973662 0.23565206
v -5.35484167 1.54642287 0.18398980
v -5.37706435 1.56546369 0.14019265
v -5.41032295 1.59396029 0.11092832
v -5.44955414 1.62757432 0.10065206
v -5.47233548 1.64709381 0.10065206
v -5.51156667 1.68070785 0.11092832
v -5.54482526 1.70920445 0.14019265
v -5.56704795 1.72824527 0.18398980
v -5.57485152 1.73493152 0.23565206
v -5.68489177 1.62924882 0.49961438
v -5.67672262 1.62301451 0.55127664
v -5.65345886 1.60526070 0.59507379
v -5.61864217 1.57869025 0.62433811
v -5.57757309 1.54734826 0.63461438
v -5.55372450 1.52914814 0.63461438
v -5.51265542 1.49780615 0.62433811
v -5.47783873 1.47123570 0.59507379
v -5.45457497 1.45348189 0.55127664
v -5.44640582 1.44724758 0.49961438
v -5.44640582 1.44724758 0.24961438
v -5.45457497 1.45348189 0.19795211
v -5.47783873 1.47123570 0.15415496
v -5.51265542 1.49780615 0.12489064
v -5.55372450 1.52914814 0.11461438
v -5.57757309 1.54734826 0.11461438
v -5.61864217 1.57869025 0.12489064
v -5.65345886 1.60526070 0.15415496
v -5.67672262 1.62301451 0.19795211
v -5.68489177 1.62924882 0.24961438
v -5.78596362 1.51698040 0.51267452
v -5.77745976 1.51121099 0.56433679
v -5.75324283 1.49478111 0.60813394
v -5.71699964 1.47019207 0.63739826
v -5.67424787 1.44118731 0.64767452
v -5.64942215 1.42434440 0.64767452
v -5.60667039 1.39533964 0.63739826
v -5.57042719 1.37075059 0.60813394
v -5.54621026 1.35432071 0.56433679
v -5.53770641 1.34855131 0.51267452
v -5.53770641 1.34855131 0.26267452
v -5.54621026 1.35432071 0.21101226
v -5.57042719 1.37075059 0.16721511
v -5.60667039 1.39533964 0.13795079
v -5.64942215 1.42434440 0.12767452
v -5.67424787 1.44118731 0.12767452
v -5.71699964 1.47019207 0.13795079
v -5.75324283 1.49478111 0.16721511
v -5.77745976 1.51121099 0.21101226
v -5.78596362 1.51698040 0.26267452
v -5.87785004 1.39825974 0.52473974
v -5.86904080 1.39296833 0.57640201
v -5.84395422 1.37789969 0.62019916
v -5.80640951 1.35534786 0.64946348
v -5.76212250 1.32874617 0.65973974
v -5.73640526 1.31329871 0.65973974
v -5.69211825 1.28669702 0.64946348
v -5.65457353 1.26414520 0.62019916
v -5.62948696 1.24907655 0.57640201
v -5.62067772 1.24378514 0.52473974
v -5.62067772 1.24378514 0.27473974
v -5.62948696 1.24907655 0.22307748
v -5.65457353 1.26414520 0.17928033
v -5.69211825 1.28669702 0.15001601
v -5.73640526 1.31329871 0.13973974
v -5.76212250 1.32874617 0.13973974
v -5.80640951 1.35534786 0.15001601
v -5.84395422 1.37789969 0.17928033
v -5.86904080 1.39296833 0.22307748
v -5.87785004 1.39825974 0.27473974
v -5.96033624 1.27319045 0.53572169
v -5.95124974 1.26839077 0.58738395
v -5.92537355 1.25472242 0.63118110
v -5.88664711 1.23426630 0.66044543
v -5.84096615 1.21013665 0.67072169
v -5.81443947 1.19612470 0.67072169
v -5.76875851 1.17199505 0.66044543
v -5.73003207 1.15153893 0.63118110
v -5.70415588 1.13787058 0.58738395
v -5.69506938 1.13307090 0.53572169
v -5.69506938 1.13307090 0.28572169
v -5.70415588 1.13787058 0.23405943
v -5.73003207 1.15153893 0.19026227
v -5.76875851 1.17199505 0.16099795
v -5.81443947 1.19612470 0.15072169
v -5.84096615 1.21013665 0.15072169
v -5.88664711 1.23426630 0.16099795
v -5.92537355 1.25472242 0.19026227
v -5.95124974 1.26839077 0.23405943
v -5.96033624 1.27319045 0.28572169
v -6.03321224 1.14183050 0.54553747
v -6.02387572 1.13753738 0.59719973
v -5.99728754 1.12531161 0.64099688
v -5.95749553 1.10701444 0.67026120
v -5.91055765 1.08543147 0.68053747
v -5.88330107 1.07289835 0.68053747
v -5.83636319 1.05131538 0.67026120
v -5.79657118 1.03301822 0.64099688
v -5.76998300 1.02079245 0.59719973
v -5.76064648 1.01649932 0.54553747
v -5.76064648 1.01649932 0.29553747
v -5.76998300 1.02079245 0.24387520
v -5.79657118 1.03301822 0.20007805
v -5.83636319 1.05131538 0.17081373
v -5.88330107 1.07289835 0.16053747
v -5.91055765 1.08543147 0.16053747
v -5.95749553 1.10701444 0.17081373
v -5.99728754 1.12531161 0.20007805
v -6.02387572 1.13753738 0.24387520
v -6.03321224 1.14183050 0.29553747
v -6.09627351 1.00416813 0.55411042
v -6.08671379 1.00039808 0.60577268
v -6.05949000 0.98966190 0.64956984
v -6.01874671 0.97359406 0.67883416
v -5.97068673 0.95464075 0.68911042
v -5.94277856 0.94363467 0.68911042
v -5.89471858 0.92468136 0.67883416
v -5.85397530 0.90861353 0.64956984
v -5.82675150 0.89787734 0.60577268
v -5.81719178 0.89410730 0.55411042
v -5.81719178 0.89410730 0.30411042
v -5.82675150 0.89787734 0.25244816
v -5.85397530 0.90861353 0.20865100
v -5.89471858 0.92468136 0.17938668
v -5.94277856 0.94363467 0.16911042
v -5.97068673 0.95464075 0.16911042
v -6.01874671 0.97359406 0.17938668
v -6.05949000 0.98966190 0.20865100
v -6.08671379 1.00039808 0.25244816
v -6.09627351 1.00416813 0.30411042
v -6.14931945 0.86008313 0.56137062
v -6.13956340 0.85685497 0.61303288
v -6.11178051 0.84766195 0.65683004
v -6.07020048 0.83390362 0.68609436
v -6.02115349 0.81767457 0.69637062
v -5.99267216 0.80825045 0.69637062
v -5.94362517 0.79202140 0.68609436
v -5.90204514 0.77826307 0.65683004
v -5.87426225 0.76907005 0.61303288
v -5.86450620 0.76584189 0.56137062
v -5.86450620 0.76584189 0.31137062
v -5.87426225 0.76907005 0.25970836
v -5.90204514 0.77826307 0.21591120
v -5.94362517 0.79202140 0.18664688
v -5.99267216 0.80825045 0.17637062
v -6.02115349 0.81767457 0.17637062
v -6.07020048 0.83390362 0.18664688
v -6.11178051 0.84766195 0.21591120
v -6.13956340 0.85685497 0.25970836
v -6.14931945 0.86008313 0.31137062
v -6.19214848 0.70928032 0.56725491
v -6.18222361 0.70661600 0.61891718
v -6.15395997 0.69902868 0.66271433
v -6.11166046 0.68767344 0.69197865
v -6.06176477 0.67427903 0.70225491
v -6.03279062 0.66650097 0.70225491
v -5.98289493 0.65310655 0.69197865
v -5.94059542 0.64175132 0.66271433
v -5.91233178 0.63416399 0.61891718
v -5.90240691 0.63149968 0.56725491
v -5.90240691 0.63149968 0.31725491
v -5.91233178 0.63416399 0.26559265
v -5.94059542 0.64175132 0.22179550
v -5.98289493 0.65310655 0.19253118
v -6.03279062 0.66650097 0.18225491
v -6.06176477 0.67427903 0.18225491
v -6.11166046 0.68767344 0.19253118
v -6.15395997 0.69902868 0.22179550
v -6.18222361 0.70661600 0.26559265
v -6.19214848 0.70928032 0.31725491
v -6.22454693 0.55116506 0.57170616
v -6.21448216 0.54909094 0.62336842
v -6.18582012 0.54318432 0.66716557
v -6.14292435 0.53434445 0.69642989
v -6.09232534 0.52391711 0.70670616
v -6.06294276 0.51786201 0.70670616
v -6.01234375 0.50743467 0.69642989
v -5.96944798 0.49859480 0.66716557
v -5.94078594 0.49268819 0.62336842
v -5.93072117 0.49061406 0.57170616
v -5.93072117 0.49061406 0.32170616
v -5.94078594 0.49268819 0.27004389
v -5.96944798 0.49859480 0.22624674
v -6.01234375 0.50743467 0.19698242
v -6.06294276 0.51786201 0.18670616
v -6.09232534 0.52391711 0.18670616
v -6.14292435 0.53434445 0.19698242
v -6.18582012 0.54318432 0.22624674
v -6.21448216 0.54909094 0.27004389
v -6.22454693 0.55116506 0.32170616
v -6.24626427 0.38458075 0.57467063
v -6.23609097 0.38312968 0.62633290
v -6.20711987 0.37899740 0.67013005
v -6.16376155 0.37281300 0.69939437
v -6.11261693 0.36551801 0.70967063
v -6.08291752 0.36128184 0.70967063
v -6.03177289 0.35398684 0.69939437
v -5.98841458 0.34780245 0.67013005
v -5.95944347 0.34367016 0.62633290
v -5.94927018 0.34221910 0.57467063
v -5.94927018 0.34221910 0.32467063
v -5.95944347 0.34367016 0.27300837
v -5.98841458 0.34780245 0.22921122
v -6.03177289 0.35398684 0.19994690
v -6.08291752 0.36128184 0.18967063
v -6.11261693 0.36551801 0.18967063
v -6.16376155 0.37281300 0.19994690
v -6.20711987 0.37899740 0.22921122
v -6.23609097 0.38312968 0.27300837
v -6.24626427 0.38458075 0.32467063
v -6.25694982 0.20714475 0.57609056
v -6.24670352 0.20636067 0.62775282
v -6.21752450 0.20412779 0.67154997
v -6.17385503 0.20078606 0.70081430
v -6.12234336 0.19684422 0.71109056
v -6.09243082 0.19455521 0.71109056
v -6.04091916 0.19061337 0.70081430
v -5.99724968 0.18727164 0.67154997
v -5.96807066 0.18503876 0.62775282
v -5.95782436 0.18425468 0.57609056
v -5.95782436 0.18425468 0.32609056
v -5.96807066 0.18503876 0.27442830
v -5.99724968 0.18727164 0.23063114
v -6.04091916 0.19061337 0.20136682
v -6.09243082 0.19455521 0.19109056
v -6.12234336 0.19684422 0.19109056
v -6.17385503 0.20078606 0.20136682
v -6.21752450 0.20412779 0.23063114
v -6.24670352 0.20636067 0.27442830
v -6.25694982 0.20714475 0.32609056
v -6.25593482 0.01292580 0.57587631
v -6.24565868 0.01287671 0.62753857
v -6.21639469 0.01273693 0.67133572
v -6.17259804 0.01252772 0.70060005
v -6.12093636 0.01228094 0.71087631
v -6.09093671 0.01213763 0.71087631
v -6.03927503 0.01189085 0.70060005
v -5.99547838 0.01168164 0.67133572
v -5.96621439 0.01154186 0.62753857
v -5.95593825 0.01149277 0.57587631
v -5.95593825 0.01149277 0.32587631
v -5.96621439 0.01154186 0.27421404
v -5.99547838 0.01168164 0.23041689
v -6.03927503 0.01189085 0.20115257
v -6.09093671 0.01213763 0.19087631
v -6.12093636 0.01228094 0.19087631
v -6.17259804 0.01252772 0.20115257
v -6.21639469 0.01273693 0.23041689
v -6.24565868 0.01287671 0.27421404
v -6.25593482 0.01292580 0.32587631
v -6.23972568 -0.23532051 0.57356947
v -6.22948853 -0.23442487 0.62523174
v -6.20033556 -0.23187432 0.66902889
v -6.15670507 -0.22805714 0.69829321
v -6.10523940 -0.22355448 0.70856947
v -6.07535356 -0.22093981 0.70856947
v -6.02388789 -0.21643714 0.69829321
v -5.98025740 -0.21261997 0.66902889
v -5.95110443 -0.21006942 0.62523174
v -5.94086728 -0.20917378 0.57356947
v -5.94086728 -0.20917378 0.32356947
v -5.95110443 -0.21006942 0.27190721
v -5.98025740 -0.21261997 0.22811006
v -6.02388789 -0.21643714 0.19884573
v -6.07535356 -0.22093981 0.18856947
v -6.10523940 -0.22355448 0.18856947
v -6.15670507 -0.22805714 0.19884573
v -6.20033556 -0.23187432 0.22811006
v -6.22948853 -0.23442487 0.27190721
v -6.23972568 -0.23532051 0.32356947
v -6.21076757 -0.50215143 0.56961173
v -6.20066956 -0.50024569 0.62127399
v -6.17191287 -0.49481860 0.66507115
v -6.12887544 -0.48669640 0.69433547
v -6.07810933 -0.47711560 0.70461173
v -6.04862972 -0.47155208 0.70461173
v -5.99786361 -0.46197129 0.69433547
v -5.95482619 -0.45384908 0.66507115
v -5.92606949 -0.44842199 0.62127399
v -5.91597149 -0.44651625 0.56961173
v -5.91597149 -0.44651625 0.31961173
v -5.92606949 -0.44842199 0.26794947
v -5.95482619 -0.45384908 0.22415232
v -5.99786361 -0.46197129 0.19488799
v -6.04862972 -0.47155208 0.18461173
v -6.07810933 -0.47711560 0.18461173
v -6.12887544 -0.48669640 0.19488799
v -6.17191287 -0.49481860 0.22415232
v -6.20066956 -0.50024569 0.26794947
v -6.21076757 -0.50215143 0.31961173
v -6.17649657 -0.70875382 0.56497596
v -6.16657519 -0.70607656 0.61663822
v -6.13832148 -0.69845237 0.66043538
v -6.09603681 -0.68704195 0.68969970
v -6.04615865 -0.67358245 0.69997596
v -6.01719466 -0.66576659 0.69997596
v -5.96731650 -0.65230708 0.68969970
v -5.92503183 -0.64089667 0.66043538
v -5.89677812 -0.63327247 0.61663822
v -5.88685674 -0.63059521 0.56497596
v -5.88685674 -0.63059521 0.31497596
v -5.89677812 -0.63327247 0.26331370
v -5.92503183 -0.64089667 0.21951654
v -5.96731650 -0.65230708 0.19025222
v -6.01719466 -0.66576659 0.17997596
v -6.04615865 -0.67358245 0.17997596
v -6.09603681 -0.68704195 0.19025222
v -6.13832148 -0.69845237 0.21951654
v -6.16657519 -0.70607656 0.26331370
v -6.17649657 -0.70875382 0.31497596
v -6.13366934 -0.89534496 0.55919770
v -6.12395958 -0.89198013 0.61085996
v -6.09630850 -0.88239793 0.65465711
v -6.05492575 -0.86805714 0.68392144
v -6.00611146 -0.85114104 0.69419770
v -5.97776526 -0.84131794 0.69419770
v -5.92895097 -0.82440184 0.68392144
v -5.88756822 -0.81006105 0.65465711
v -5.85991715 -0.80047885 0.61085996
v -5.85020738 -0.79711403 0.55919770
v -5.85020738 -0.79711403 0.30919770
v -5.85991715 -0.80047885 0.25753544
v -5.88756822 -0.81006105 0.21373828
v -5.92895097 -0.82440184 0.18447396
v -5.97776526 -0.84131794 0.17419770
v -6.00611146 -0.85114104 0.17419770
v -6.05492575 -0.86805714 0.18447396
v -6.09630850 -0.88239793 0.21373828
v -6.12395958 -0.89198013 0.25753544
v -6.13366934 -0.89534496 0.30919770
v -6.08189650 -1.06834580 0.55223418
v -6.07242859 -1.06435077 0.60389645
v -6.04546626 -1.05297389 0.64769360
v -6.00511429 -1.03594718 0.67695792
v -5.95751589 -1.01586281 0.68723418
v -5.92987575 -1.00419992 0.68723418
v -5.88227736 -0.98411555 0.67695792
v -5.84192538 -0.96708884 0.64769360
v -5.81496306 -0.95571196 0.60389645
v -5.80549515 -0.95171693 0.55223418
v -5.80549515 -0.95171693 0.30223418
v -5.81496306 -0.95571196 0.25057192
v -5.84192538 -0.96708884 0.20677477
v -5.88227736 -0.98411555 0.17751045
v -5.92987575 -1.00419992 0.16723418
v -5.95751589 -1.01586281 0.16723418
v -6.00511429 -1.03594718 0.17751045
v -6.04546626 -1.05297389 0.20677477
v -6.07242859 -1.06435077 0.25057192
v -6.08189650 -1.06834580 0.30223418
v -6.02111065 -1.23034981 0.54409875
v -6.01191155 -1.22576964 0.59576101
v -5.98571470 -1.21272640 0.63955817
v -5.94650836 -1.19320582 0.66882249
v -5.90026132 -1.17017972 0.67909875
v -5.87340592 -1.15680859 0.67909875
v -5.82715888 -1.13378250 0.66882249
v -5.78795254 -1.11426191 0.63955817
v -5.76175570 -1.10121868 0.59576101
v -5.75255659 -1.09663850 0.54409875
v -5.75255659 -1.09663850 0.29409875
v -5.76175570 -1.10121868 0.24243649
v -5.78795254 -1.11426191 0.19863934
v -5.82715888 -1.13378250 0.16937501
v -5.87340592 -1.15680859 0.15909875
v -5.90026132 -1.17017972 0.15909875
v -5.94650836 -1.19320582 0.16937501
v -5.98571470 -1.21272640 0.19863934
v -6.01191155 -1.22576964 0.24243649
v -6.02111065 -1.23034981 0.29409875
v -5.95136420 -1.38263070 0.53482974
v -5.94245860 -1.37750313 0.58649200
v -5.91709761 -1.36290106 0.63028915
v -5.87914220 -1.34104752 0.65955348
v -5.83437074 -1.31526951 0.66982974
v -5.80837219 -1.30030035 0.66982974
v -5.76360073 -1.27452234 0.65955348
v -5.72564532 -1.25266880 0.63028915
v -5.70028433 -1.23806673 0.58649200
v -5.69137873 -1.23293916 0.53482974
v -5.69137873 -1.23293916 0.28482974
v -5.70028433 -1.23806673 0.23316748
v -5.72564532 -1.25266880 0.18937032
v -5.76360073 -1.27452234 0.16010600
v -5.80837219 -1.30030035 0.14982974
v -5.83437074 -1.31526951 0.14982974
v -5.87914220 -1.34104752 0.16010600
v -5.91709761 -1.36290106 0.18937032
v -5.94245860 -1.37750313 0.23316748
v -5.95136420 -1.38263070 0.28482974
v -5.87277279 -1.52585922 0.52448112
v -5.86418396 -1.52021710 0.57614338
v -5.83972502 -1.50414971 0.61994053
v -5.80311964 -1.48010317 0.64920485
v -5.75994064 -1.45173833 0.65948112
v -5.73486683 -1.43526702 0.65948112
v -5.69168784 -1.40690219 0.64920485
v -5.65508245 -1.38285564 0.61994053
v -5.63062352 -1.36678825 0.57614338
v -5.62203468 -1.36114614 0.52448112
v -5.62203468 -1.36114614 0.27448112
v -5.63062352 -1.36678825 0.22281885
v -5.65508245 -1.38285564 0.17902170
v -5.69168784 -1.40690219 0.14975738
v -5.73486683 -1.43526702 0.13948112
v -5.75994064 -1.45173833 0.13948112
v -5.80311964 -1.48010317 0.14975738
v -5.83972502 -1.50414971 0.17902170
v -5.86418396 -1.52021710 0.22281885
v -5.87277279 -1.52585922 0.27448112
v -5.78549302 -1.66038653 0.51311829
v -5.77724334 -1.65425918 0.56478055
v -5.75375025 -1.63680996 0.60857771
v -5.71859036 -1.61069536 0.63784203
v -5.67711644 -1.57989108 0.64811829
v -5.65303276 -1.56200321 0.64811829
v -5.61155883 -1.53119893 0.63784203
v -5.57639894 -1.50508433 0.60857771
v -5.55290585 -1.48763511 0.56478055
v -5.54465618 -1.48150776 0.51311829
v -5.54465618 -1.48150776 0.26311829
v -5.55290585 -1.48763511 0.21145603
v -5.57639894 -1.50508433 0.16765888
v -5.61155883 -1.53119893 0.13839455
v -5.65303276 -1.56200321 0.12811829
v -5.67711644 -1.57989108 0.12811829
v -5.71859036 -1.61069536 0.13839455
v -5.75375025 -1.63680996 0.16765888
v -5.77724334 -1.65425918 0.21145603
v -5.78549302 -1.66038653 0.26311829
v -5.68971130 -1.78637841 0.50081562
v -5.68182282 -1.77979256 0.55247789
v -5.65935832 -1.76103765 0.59627504
v -5.62573782 -1.73296894 0.62553936
v -5.58607973 -1.69985963 0.63581562
v -5.56305050 -1.68063324 0.63581562
v -5.52339241 -1.64752394 0.62553936
v -5.48977191 -1.61945523 0.59627504
v -5.46730741 -1.60070032 0.55247789
v -5.45941893 -1.59411447 0.50081562
v -5.45941893 -1.59411447 0.25081562
v -5.46730741 -1.60070032 0.19915336
v -5.48977191 -1.61945523 0.15535621
v -5.52339241 -1.64752394 0.12609189
v -5.56305050 -1.68063324 0.11581562
v -5.58607973 -1.69985963 0.11581562
v -5.62573782 -1.73296894 0.12609189
v -5.65935832 -1.76103765 0.15535621
v -5.68182282 -1.77979256 0.19915336
v -5.68971130 -1.78637841 0.25081562
v -5.58563706 -1.90388682 0.48765463
v -5.57813183 -1.89686734 0.53931689
v -5.55675874 -1.87687755 0.58311404
v -5.52477164 -1.84696073 0.61237836
v -5.48704030 -1.81167142 0.62265463
v -5.46512991 -1.79117911 0.62265463
v -5.42739856 -1.75588981 0.61237836
v -5.39541147 -1.72597298 0.58311404
v -5.37403838 -1.70598320 0.53931689
v -5.36653315 -1.69896372 0.48765463
v -5.36653315 -1.69896372 0.23765463
v -5.37403838 -1.70598320 0.18599236
v -5.39541147 -1.72597298 0.14219521
v -5.42739856 -1.75588981 0.11293089
v -5.46512991 -1.79117911 0.10265463
v -5.48704030 -1.81167142 0.10265463
v -5.52477164 -1.84696073 0.11293089
v -5.55675874 -1.87687755 0.14219521
v -5.57813183 -1.89686734 0.18599236
v -5.58563706 -1.90388682 0.23765463
v -5.47349749 -2.01289151 0.47372244
v -5.46639793 -2.00546200 0.52538470
v -5.44618007 -1.98430452 0.56918185
v -5.41592191 -1.95264012 0.59844617
v -5.38022998 -1.91528941 0.60872244
v -5.35950386 -1.89360006 0.60872244
v -5.32381193 -1.85624935 0.59844617
v -5.29355377 -1.82458495 0.56918185
v -5.27333591 -1.80342748 0.52538470
v -5.26623634 -1.79599796 0.47372244
v -5.26623634 -1.79599796 0.22372244
v -5.27333591 -1.80342748 0.17206017
v -5.29355377 -1.82458495 0.12826302
v -5.32381193 -1.85624935 0.09899870
v -5.35950386 -1.89360006 0.08872244
v -5.38022998 -1.91528941 0.08872244
v -5.41592191 -1.95264012 0.09899870
v -5.44618007 -1.98430452 0.12826302
v -5.46639793 -2.00546200 0.17206017
v -5.47349749 -2.01289151 0.22372244
v -5.35353275 -2.11332568 0.45911038
v -5.34686189 -2.10550896 0.51077264
v -5.32786487 -2.08324882 0.55456979
v -5.29943382 -2.04993417 0.58383412
v -5.26589711 -2.01063686 0.59411038
v -5.24642252 -1.98781712 0.59411038
v -5.21288582 -1.94851981 0.58383412
v -5.18445477 -1.91520516 0.55456979
v -5.16545775 -1.89294502 0.51077264
v -5.15878688 -1.88512830 0.45911038
v -5.15878688 -1.88512830 0.20911038
v -5.16545775 -1.89294502 0.15744812
v -5.18445477 -1.91520516 0.11365096
v -5.21288582 -1.94851981 0.08438664
v -5.24642252 -1.98781712 0.07411038
v -5.26589711 -2.01063686 0.07411038
v -5.29943382 -2.04993417 0.08438664
v -5.32786487 -2.08324882 0.11365096
v -5.34686189 -2.10550896 0.15744812
v -5.35353275 -2.11332568 0.20911038
v -5.22599066 -2.20509251 0.44391257
v -5.21977238 -2.19691115 0.49557483
v -5.20206423 -2.17361262 0.53937198
v -5.17556210 -2.13874390 0.56863631
v -5.14430070 -2.09761344 0.57891257
v -5.12614738 -2.07372920 0.57891257
v -5.09488598 -2.03259874 0.56863631
v -5.06838385 -1.99773002 0.53937198
v -5.05067570 -1.97443149 0.49557483
v -5.04445742 -1.96625013 0.44391257
v -5.04445742 -1.96625013 0.19391257
v -5.05067570 -1.97443149 0.14225031
v -5.06838385 -1.99773002 0.09845315
v -5.09488598 -2.03259874 0.06918883
v -5.12614738 -2.07372920 0.05891257
v -5.14430070 -2.09761344 0.05891257
v -5.17556210 -2.13874390 0.06918883
v -5.20206423 -2.17361262 0.09845315
v -5.21977238 -2.19691115 0.14225031
v -5.22599066 -2.20509251 0.19391257
v -5.09112037 -2.28807614 0.42822445
v -5.08537960 -2.27955292 0.47988671
v -5.06903129 -2.25528085 0.52368386
v -5.04456432 -2.21895513 0.55294819
v -5.01570355 -2.17610603 0.56322445
v -4.99894426 -2.15122379 0.56322445
v -4.97008350 -2.10837468 0.55294819
v -4.94561652 -2.07204896 0.52368386
v -4.92926821 -2.04777690 0.47988671
v -4.92352745 -2.03925368 0.42822445
v -4.92352745 -2.03925368 0.17822445
v -4.92926821 -2.04777690 0.12656218
v -4.94561652 -2.07204896 0.08276503
v -4.97008350 -2.10837468 0.05350071
v -4.99894426 -2.15122379 0.04322445
v -5.01570355 -2.17610603 0.04322445
v -5.04456432 -2.21895513 0.05350071
v -5.06903129 -2.25528085 0.08276503
v -5.08537960 -2.27955292 0.12656218
v -5.09112037 -2.28807614 0.17822445
v -4.94916398 -2.36214898 0.41214125
v -4.94392685 -2.35330737 0.46380351
v -4.92901279 -2.32812859 0.50760066
v -4.90669231 -2.29044587 0.53686498
v -4.88036351 -2.24599608 0.54714125
v -4.86507452 -2.22018433 0.54714125
v -4.83874572 -2.17573454 0.53686498
v -4.81642524 -2.13805183 0.50760066
v -4.80151118 -2.11287304 0.46380351
v -4.79627405 -2.10403143 0.41214125
v -4.79627405 -2.10403143 0.16214125
v -4.80151118 -2.11287304 0.11047898
v -4.81642524 -2.13805183 0.06668183
v -4.83874572 -2.17573454 0.03741751
v -4.86507452 -2.22018433 0.02714125
v -4.88036351 -2.24599608 0.02714125
v -4.90669231 -2.29044587 0.03741751
v -4.92901279 -2.32812859 0.06668183
v -4.94392685 -2.35330737 0.11047898
v -4.94916398 -2.36214898 0.16214125
v -4.80034495 -2.42717642 0.39575625
v -4.79563892 -2.41804105 0.44741851
v -4.78223729 -2.39202573 0.49121566
v -4.76218033 -2.35309106 0.52047998
v -4.73852154 -2.30716448 0.53075625
v -4.72478300 -2.28049516 0.53075625
v -4.70112421 -2.23456857 0.52047998
v -4.68106725 -2.19563390 0.49121566
v -4.66766562 -2.16961858 0.44741851
v -4.66295959 -2.16048321 0.39575625
v -4.66295959 -2.16048321 0.14575625
v -4.66766562 -2.16961858 0.09409398
v -4.68106725 -2.19563390 0.05029683
v -4.70112421 -2.23456857 0.02103251
v -4.72478300 -2.28049516 0.01075625
v -4.73852154 -2.30716448 0.01075625
v -4.76218033 -2.35309106 0.02103251
v -4.78223729 -2.39202573 0.05029683
v -4.79563892 -2.41804105 0.09409398
v -4.80034495 -2.42717642 0.14575625
v -4.64485081 -2.48301932 0.37915875
v -4.64070480 -2.47361654 0.43082101
v -4.62889795 -2.44683971 0.47461816
v -4.61122775 -2.40676535 0.50388248
v -4.59038432 -2.35949441 0.51415875
v -4.57828066 -2.33204443 0.51415875
v -4.55743724 -2.28477350 0.50388248
v -4.53976704 -2.24469914 0.47461816
v -4.52796019 -2.21792230 0.43082101
v -4.52381417 -2.20851953 0.37915875
v -4.52381417 -2.20851953 0.12915875
v -4.52796019 -2.21792230 0.07749648
v -4.53976704 -2.24469914 0.03369933
v -4.55743724 -2.28477350 0.00443501
v -4.57828066 -2.33204443 -0.00584125
v -4.59038432 -2.35949441 -0.00584125
v -4.61122775 -2.40676535 0.00443501
v -4.62889795 -2.44683971 0.03369933
v -4.64070480 -2.47361654 0.07749648
v -4.64485081 -2.48301932 0.12915875
v -4.48280599 -2.52953457 0.36243143
v -4.47925050 -2.51989299 0.41409369
v -4.46912533 -2.49243609 0.45789084
v -4.45397195 -2.45134393 0.48715516
v -4.43609731 -2.40287242 0.49743143
v -4.42571761 -2.37472528 0.49743143
v -4.40784297 -2.32625377 0.48715516
v -4.39268959 -2.28516162 0.45789084
v -4.38256442 -2.25770471 0.41409369
v -4.37900893 -2.24806313 0.36243143
v -4.37900893 -2.24806313 0.11243143
v -4.38256442 -2.25770471 0.06076916
v -4.39268959 -2.28516162 0.01697201
v -4.40784297 -2.32625377 -0.01229231
v -4.42571761 -2.37472528 -0.02256857
v -4.43609731 -2.40287242 -0.02256857
v -4.45397195 -2.45134393 -0.01229231
v -4.46912533 -2.49243609 0.01697201
v -4.47925050 -2.51989299 0.06076916
v -4.48280599 -2.52953457 0.11243143
v -4.31422567 -2.56657295 0.34564656
v -4.31129305 -2.55672403 0.39730883
v -4.30294163 -2.52867667 0.44110598
v -4.29044286 -2.48670083 0.47037030
v -4.27569955 -2.43718695 0.48064656
v -4.26713819 -2.40843450 0.48064656
v -4.25239488 -2.35892062 0.47037030
v -4.23989611 -2.31694478 0.44110598
v -4.23154469 -2.28889742 0.39730883
v -4.22861207 -2.27904850 0.34564656
v -4.22861207 -2.27904850 0.09564656
v -4.23154469 -2.28889742 0.04398430
v -4.23989611 -2.31694478 0.00018715
v -4.25239488 -2.35892062 -0.02907717
v -4.26713819 -2.40843450 -0.03935344
v -4.27569955 -2.43718695 -0.03935344
v -4.29044286 -2.48670083 -0.02907717
v -4.30294163 -2.52867667 0.00018715
v -4.31129305 -2.55672403 0.04398430
v -4.31422567 -2.56657295 0.09564656
v -4.13893037 -2.59397266 0.32885974
v -4.13665517 -2.58395143 0.38052200
v -4.13017595 -2.55541338 0.42431916
v -4.12047911 -2.51270318 0.45358348
v -4.10904090 -2.46232305 0.46385974
v -4.10239880 -2.43306758 0.46385974
v -4.09096060 -2.38268746 0.45358348
v -4.08126376 -2.33997725 0.42431916
v -4.07478454 -2.31143920 0.38052200
v -4.07250934 -2.30141797 0.32885974
v -4.07250934 -2.30141797 0.07885974
v -4.07478454 -2.31143920 0.02719748
v -4.08126376 -2.33997725 -0.01659967
v -4.09096060 -2.38268746 -0.04586400
v -4.10239880 -2.43306758 -0.05614026
v -4.10904090 -2.46232305 -0.05614026
v -4.12047911 -2.51270318 -0.04586400
v -4.13017595 -2.55541338 -0.01659967
v -4.13665517 -2.58395143 0.02719748
v -4.13893037 -2.59397266 0.07885974
v -3.95636725 -2.61154351 0.31209747
v -3.95478723 -2.60138944 0.36375973
v -3.95028773 -2.57247310 0.40755688
v -3.94355374 -2.52919673 0.43682120
v -3.93561046 -2.47814878 0.44709747
v -3.93099784 -2.44850550 0.44709747
v -3.92305457 -2.39745754 0.43682120
v -3.91632058 -2.35418118 0.40755688
v -3.91182107 -2.32526483 0.36375973
v -3.91024106 -2.31511076 0.31209747
v -3.91024106 -2.31511076 0.06209747
v -3.91182107 -2.32526483 0.01043520
v -3.91632058 -2.35418118 -0.03336195
v -3.92305457 -2.39745754 -0.06262627
v -3.93099784 -2.44850550 -0.07290253
v -3.93561046 -2.47814878 -0.07290253
v -3.94355374 -2.52919673 -0.06262627
v -3.95028773 -2.57247310 -0.03336195
v -3.95478723 -2.60138944 0.01043520
v -3.95636725 -2.61154351 0.06209747
v -3.76516363 -2.61902540 0.29532666
v -3.76432223 -2.60878364 0.34698893
v -3.76192612 -2.57961758 0.39078608
v -3.75834009 -2.53596748 0.42005040
v -3.75411007 -2.48447868 0.43032666
v -3.75165372 -2.45457941 0.43032666
v -3.74742371 -2.40309061 0.42005040
v -3.74383768 -2.35944052 0.39078608
v -3.74144156 -2.33027445 0.34698893
v -3.74060016 -2.32003270 0.29532666
v -3.74060016 -2.32003270 0.04532666
v -3.74144156 -2.33027445 -0.00633560
v -3.74383768 -2.35944052 -0.05013275
v -3.74742371 -2.40309061 -0.07939707
v -3.75165372 -2.45457941 -0.08967334
v -3.75411007 -2.48447868 -0.08967334
v -3.75834009 -2.53596748 -0.07939707
v -3.76192612 -2.57961758 -0.05013275
v -3.76432223 -2.60878364 -0.00633560
v -3.76516363 -2.61902540 0.04532666
v -3.56159271 -2.61594464 0.27834839
v -3.56154717 -2.60566848 0.33001065
v -3.56141749 -2.57640445 0.37380781
v -3.56122340 -2.53260772 0.40307213
v -3.56099446 -2.48094597 0.41334839
v -3.56086151 -2.45094626 0.41334839
v -3.56063257 -2.39928451 0.40307213
v -3.56043848 -2.35548778 0.37380781
v -3.56030880 -2.32622375 0.33001065
v -3.56026326 -2.31594759 0.27834839
v -3.56026326 -2.31594759 0.02834839
v -3.56030880 -2.32622375 -0.02331387
v -3.56043848 -2.35548778 -0.06711102
v -3.56063257 -2.39928451 -0.09637535
v -3.56086151 -2.45094626 -0.10665161
v -3.56099446 -2.48094597 -0.10665161
v -3.56122340 -2.53260772 -0.09637535
v -3.56141749 -2.57640445 -0.06711102
v -3.56154717 -2.60566848 -0.02331387
v -3.56159271 -2.61594464 0.02834839
v -3.32252351 -2.60006816 0.25955504
v -3.32341915 -2.58983100 0.31121730
v -3.32596970 -2.56067804 0.35501445
v -3.32978687 -2.51704755 0.38427877
v -3.33428954 -2.46558188 0.39455504
v -3.33690421 -2.43569604 0.39455504
v -3.34140687 -2.38423036 0.38427877
v -3.34522405 -2.34059987 0.35501445
v -3.34777460 -2.31144691 0.31121730
v -3.34867023 -2.30120975 0.25955504
v -3.34867023 -2.30120975 0.00955504
v -3.34777460 -2.31144691 -0.04210723
v -3.34522405 -2.34059987 -0.08590438
v -3.34140687 -2.38423036 -0.11516870
v -3.33690421 -2.43569604 -0.12544496
v -3.33428954 -2.46558188 -0.12544496
v -3.32978687 -2.51704755 -0.11516870
v -3.32596970 -2.56067804 -0.08590438
v -3.32341915 -2.58983100 -0.04210723
v -3.32252351 -2.60006816 0.00955504
v -3.08432939 -2.57418951 0.24204733
v -3.08615867 -2.56407738 0.29370960
v -3.09136803 -2.53528045 0.33750675
v -3.09916439 -2.49218280 0.36677107
v -3.10836083 -2.44134566 0.37704733
v -3.11370115 -2.41182480 0.37704733
v -3.12289758 -2.36098766 0.36677107
v -3.13069394 -2.31789001 0.33750675
v -3.13590330 -2.28909308 0.29370960
v -3.13773259 -2.27898094 0.24204733
v -3.13773259 -2.27898094 -0.00795267
v -3.13590330 -2.28909308 -0.05961493
v -3.13069394 -2.31789001 -0.10341208
v -3.12289758 -2.36098766 -0.13267641
v -3.11370115 -2.41182480 -0.14295267
v -3.10836083 -2.44134566 -0.14295267
v -3.09916439 -2.49218280 -0.13267641
v -3.09136803 -2.53528045 -0.10341208
v -3.08615867 -2.56407738 -0.05961493
v -3.08432939 -2.57418951 -0.00795267
v -2.88331620 -2.54187374 0.22821108
v -2.88592328 -2.53193369 0.27987334
v -2.89334762 -2.50362681 0.32367049
v -2.90445894 -2.46126256 0.35293481
v -2.91756562 -2.41129053 0.36321108
v -2.92517661 -2.38227203 0.36321108
v -2.93828329 -2.33230000 0.35293481
v -2.94939461 -2.28993575 0.32367049
v -2.95681895 -2.26162887 0.27987334
v -2.95942603 -2.25168882 0.22821108
v -2.95942603 -2.25168882 -0.02178892
v -2.95681895 -2.26162887 -0.07345119
v -2.94939461 -2.28993575 -0.11724834
v -2.93828329 -2.33230000 -0.14651266
v -2.92517661 -2.38227203 -0.15678892
v -2.91756562 -2.41129053 -0.15678892
v -2.90445894 -2.46126256 -0.14651266
v -2.89334762 -2.50362681 -0.11724834
v -2.88592328 -2.53193369 -0.07345119
v -2.88331620 -2.54187374 -0.02178892
v -2.69631661 -2.50130337 0.21610952
v -2.69963586 -2.49157793 0.26777178
v -2.70908828 -2.46388222 0.31156894
v -2.72323482 -2.42243266 0.34083326
v -2.73992181 -2.37353957 0.35110952
v -2.74961185 -2.34514762 0.35110952
v -2.76629884 -2.29625453 0.34083326
v -2.78044538 -2.25480497 0.31156894
v -2.78989780 -2.22710927 0.26777178
v -2.79321705 -2.21738383 0.21610952
v -2.79321705 -2.21738383 -0.03389048
v -2.78989780 -2.22710927 -0.08555274
v -2.78044538 -2.25480497 -0.12934990
v -2.76629884 -2.29625453 -0.15861422
v -2.74961185 -2.34514762 -0.16889048
v -2.73992181 -2.37353957 -0.16889048
v -2.72323482 -2.42243266 -0.15861422
v -2.70908828 -2.46388222 -0.12934990
v -2.69963586 -2.49157793 -0.08555274
v -2.69631661 -2.50130337 -0.03389048
v -2.51957818 -2.45229770 0.20535493
v -2.52355899 -2.44282380 0.25701719
v -2.53489535 -2.41584442 0.30081434
v -2.55186143 -2.37546691 0.33007866
v -2.57187427 -2.32783840 0.34035493
v -2.58349563 -2.30018077 0.34035493
v -2.60350848 -2.25255226 0.33007866
v -2.62047455 -2.21217475 0.30081434
v -2.63181092 -2.18519537 0.25701719
v -2.63579172 -2.17572147 0.20535493
v -2.63579172 -2.17572147 -0.04464507
v -2.63181092 -2.18519537 -0.09630734
v -2.62047455 -2.21217475 -0.14010449
v -2.60350848 -2.25255226 -0.16936881
v -2.58349563 -2.30018077 -0.17964507
v -2.57187427 -2.32783840 -0.17964507
v -2.55186143 -2.37546691 -0.16936881
v -2.53489535 -2.41584442 -0.14010449
v -2.52355899 -2.44282380 -0.09630734
v -2.51957818 -2.45229770 -0.04464507
v -2.35170392 -2.39487455 0.19575572
v -2.35630224 -2.38568450 0.24741798
v -2.36939715 -2.35951345 0.29121513
v -2.38899506 -2.32034570 0.32047945
v -2.41211238 -2.27414420 0.33075572
v -2.42553649 -2.24731523 0.33075572
v -2.44865381 -2.20111373 0.32047945
v -2.46825173 -2.16194599 0.29121513
v -2.48134664 -2.13577494 0.24741798
v -2.48594496 -2.12658488 0.19575572
v -2.48594496 -2.12658488 -0.05424428
v -2.48134664 -2.13577494 -0.10590655
v -2.46825173 -2.16194599 -0.14970370
v -2.44865381 -2.20111373 -0.17896802
v -2.42553649 -2.24731523 -0.18924428
v -2.41211238 -2.27414420 -0.18924428
v -2.38899506 -2.32034570 -0.17896802
v -2.36939715 -2.35951345 -0.14970370
v -2.35630224 -2.38568450 -0.10590655
v -2.35170392 -2.39487455 -0.05424428
v -2.19211636 -2.32912520 0.18718858
v -2.19729208 -2.32024750 0.23885084
v -2.21203126 -2.29496594 0.28264799
v -2.23409001 -2.25712942 0.31191231
v -2.26011008 -2.21249821 0.32218858
v -2.27521979 -2.18658110 0.32218858
v -2.30123986 -2.14194988 0.31191231
v -2.32329861 -2.10411336 0.28264799
v -2.33803780 -2.07883181 0.23885084
v -2.34321351 -2.06995411 0.18718858
v -2.34321351 -2.06995411 -0.06281142
v -2.33803780 -2.07883181 -0.11447369
v -2.32329861 -2.10411336 -0.15827084
v -2.30123986 -2.14194988 -0.18753516
v -2.27521979 -2.18658110 -0.19781142
v -2.26011008 -2.21249821 -0.19781142
v -2.23409001 -2.25712942 -0.18753516
v -2.21203126 -2.29496594 -0.15827084
v -2.19729208 -2.32024750 -0.11447369
v -2.19211636 -2.32912520 -0.06281142
v -2.04061065 -2.25517783 0.17956063
v -2.04632645 -2.24663785 0.23122289
v -2.06260368 -2.22231805 0.27502004
v -2.08696427 -2.18592091 0.30428436
v -2.11569955 -2.14298755 0.31456063
v -2.13238597 -2.11805638 0.31456063
v -2.16112124 -2.07512302 0.30428436
v -2.18548183 -2.03872587 0.27502004
v -2.20175906 -2.01440608 0.23122289
v -2.20747486 -2.00586610 0.17956063
v -2.20747486 -2.00586610 -0.07043937
v -2.20175906 -2.01440608 -0.12210164
v -2.18548183 -2.03872587 -0.16589879
v -2.16112124 -2.07512302 -0.19516311
v -2.13238597 -2.11805638 -0.20543937
v -2.11569955 -2.14298755 -0.20543937
v -2.08696427 -2.18592091 -0.19516311
v -2.06260368 -2.22231805 -0.16589879
v -2.04632645 -2.24663785 -0.12210164
v -2.04061065 -2.25517783 -0.07043937
v -1.89717584 -2.17318203 0.17279440
v -1.90339671 -2.16500265 0.22445666
v -1.92111225 -2.14170973 0.26825381
v -1.94762544 -2.10684941 0.29751814
v -1.97889987 -2.06572886 0.30779440
v -1.99706076 -2.04185038 0.30779440
v -2.02833520 -2.00072984 0.29751814
v -2.05484838 -1.96586952 0.26825381
v -2.07256392 -1.94257660 0.22445666
v -2.07878479 -1.93439722 0.17279440
v -2.07878479 -1.93439722 -0.07720560
v -2.07256392 -1.94257660 -0.12886786
v -2.05484838 -1.96586952 -0.17266502
v -2.02833520 -2.00072984 -0.20192934
v -1.99706076 -2.04185038 -0.21220560
v -1.97889987 -2.06572886 -0.21220560
v -1.94762544 -2.10684941 -0.20192934
v -1.92111225 -2.14170973 -0.17266502
v -1.90339671 -2.16500265 -0.12886786
v -1.89717584 -2.17318203 -0.07720560
v -1.76190960 -2.08330036 0.16682094
v -1.76860249 -2.07550249 0.21848320
v -1.78766223 -2.05329602 0.26228036
v -1.81618714 -2.02006171 0.29154468
v -1.84983457 -1.98085916 0.30182094
v -1.86937346 -1.95809445 0.30182094
v -1.90302089 -1.91889190 0.29154468
v -1.93154580 -1.88565758 0.26228036
v -1.95060554 -1.86345112 0.21848320
v -1.95729843 -1.85565325 0.16682094
v -1.95729843 -1.85565325 -0.08317906
v -1.95060554 -1.86345112 -0.13484132
v -1.93154580 -1.88565758 -0.17863848
v -1.90302089 -1.91889190 -0.20790280
v -1.86937346 -1.95809445 -0.21817906
v -1.84983457 -1.98085916 -0.21817906
v -1.81618714 -2.02006171 -0.20790280
v -1.78766223 -2.05329602 -0.17863848
v -1.76860249 -2.07550249 -0.13484132
v -1.76190960 -2.08330036 -0.08317906
v -1.63497246 -1.98570238 0.16157647
v -1.64210605 -1.97830552 0.21323873
v -1.66242080 -1.95724105 0.25703588
v -1.69282396 -1.92571585 0.28630021
v -1.72868693 -1.88852934 0.29657647
v -1.74951237 -1.86693533 0.29657647
v -1.78537534 -1.82974882 0.28630021
v -1.81577850 -1.79822362 0.25703588
v -1.83609325 -1.77715915 0.21323873
v -1.84322683 -1.76976230 0.16157647
v -1.84322683 -1.76976230 -0.08842353
v -1.83609325 -1.77715915 -0.14008579
v -1.81577850 -1.79822362 -0.18388295
v -1.78537534 -1.82974882 -0.21314727
v -1.74951237 -1.86693533 -0.22342353
v -1.72868693 -1.88852934 -0.22342353
v -1.69282396 -1.92571585 -0.21314727
v -1.66242080 -1.95724105 -0.18388295
v -1.64210605 -1.97830552 -0.14008579
v -1.63497246 -1.98570238 -0.08842353
v -1.51656111 -1.88055947 0.15700076
v -1.52410559 -1.87358220 0.20866303
v -1.54559047 -1.85371262 0.25246018
v -1.57774486 -1.82397568 0.28172450
v -1.61567356 -1.78889857 0.29200076
v -1.63769854 -1.76852947 0.29200076
v -1.67562724 -1.73345236 0.28172450
v -1.70778163 -1.70371542 0.25246018
v -1.72926651 -1.68384584 0.20866303
v -1.73681099 -1.67686857 0.15700076
v -1.73681099 -1.67686857 -0.09299924
v -1.72926651 -1.68384584 -0.14466150
v -1.70778163 -1.70371542 -0.18845865
v -1.67562724 -1.73345236 -0.21772297
v -1.63769854 -1.76852947 -0.22799924
v -1.61567356 -1.78889857 -0.22799924
v -1.57774486 -1.82397568 -0.21772297
v -1.54559047 -1.85371262 -0.18845865
v -1.52410559 -1.87358220 -0.14466150
v -1.51656111 -1.88055947 -0.09299924
v -1.40689181 -1.76803934 0.15303649
v -1.41481869 -1.76149976 0.20469875
v -1.43739253 -1.74287660 0.24849590
v -1.47117668 -1.71500507 0.27776023
v -1.51102779 -1.68212836 0.28803649
v -1.53416913 -1.66303704 0.28803649
v -1.57402024 -1.63016033 0.27776023
v -1.60780439 -1.60228880 0.24849590
v -1.63037823 -1.58366564 0.20469875
v -1.63830511 -1.57712606 0.15303649
v -1.63830511 -1.57712606 -0.09696351
v -1.63037823 -1.58366564 -0.14862578
v -1.60780439 -1.60228880 -0.19242293
v -1.57402024 -1.63016033 -0.22168725
v -1.53416913 -1.66303704 -0.23196351
v -1.51102779 -1.68212836 -0.23196351
v -1.47117668 -1.71500507 -0.22168725
v -1.43739253 -1.74287660 -0.19242293
v -1.41481869 -1.76149976 -0.14862578
v -1.40689181 -1.76803934 -0.09696351
v -1.30618981 -1.64829933 0.14962907
v -1.31447164 -1.64221552 0.20129133
v -1.33805630 -1.62489026 0.24508849
v -1.37335324 -1.59896119 0.27435281
v -1.41498881 -1.56837576 0.28462907
v -1.43916637 -1.55061497 0.28462907
v -1.48080194 -1.52002954 0.27435281
v -1.51609888 -1.49410047 0.24508849
v -1.53968354 -1.47677522 0.20129133
v -1.54796537 -1.47069140 0.14962907
v -1.54796537 -1.47069140 -0.10037093
v -1.53968354 -1.47677522 -0.15203319
v -1.51609888 -1.49410047 -0.19583035
v -1.48080194 -1.52002954 -0.22509467
v -1.43916637 -1.55061497 -0.23537093
v -1.41498881 -1.56837576 -0.23537093
v -1.37335324 -1.59896119 -0.22509467
v -1.33805630 -1.62489026 -0.19583035
v -1.31447164 -1.64221552 -0.15203319
v -1.30618981 -1.64829933 -0.10037093
v -1.21468237 -1.52147783 0.14672687
v -1.22329250 -1.51586827 0.19838914
v -1.24781207 -1.49989357 0.24218629
v -1.28450821 -1.47598575 0.27145061
v -1.32779425 -1.44778455 0.28172687
v -1.35293023 -1.43140826 0.28172687
v -1.39621628 -1.40320706 0.27145061
v -1.43291241 -1.37929924 0.24218629
v -1.45743199 -1.36332454 0.19838914
v -1.46604212 -1.35771497 0.14672687
v -1.46604212 -1.35771497 -0.10327313
v -1.45743199 -1.36332454 -0.15493539
v -1.43291241 -1.37929924 -0.19873254
v -1.39621628 -1.40320706 -0.22799686
v -1.35293023 -1.43140826 -0.23827313
v -1.32779425 -1.44778455 -0.23827313
v -1.28450821 -1.47598575 -0.22799686
v -1.24781207 -1.49989357 -0.19873254
v -1.22329250 -1.51586827 -0.15493539
v -1.21468237 -1.52147783 -0.10327313
v -1.13259437 -1.38768234 0.14428157
v -1.14150663 -1.38256636 0.19594384
v -1.16688660 -1.36799730 0.23974099
v -1.20487041 -1.34619315 0.26900531
v -1.24967537 -1.32047341 0.27928157
v -1.27569336 -1.30553810 0.27928157
v -1.32049832 -1.27981835 0.26900531
v -1.35848213 -1.25801421 0.23974099
v -1.38386210 -1.24344514 0.19594384
v -1.39277436 -1.23832917 0.14428157
v -1.39277436 -1.23832917 -0.10571843
v -1.38386210 -1.24344514 -0.15738069
v -1.35848213 -1.25801421 -0.20117784
v -1.32049832 -1.27981835 -0.23044216
v -1.27569336 -1.30553810 -0.24071843
v -1.24967537 -1.32047341 -0.24071843
v -1.20487041 -1.34619315 -0.23044216
v -1.16688660 -1.36799730 -0.20117784
v -1.14150663 -1.38256636 -0.15738069
v -1.13259437 -1.38768234 -0.10571843
v -1.06014605 -1.24697224 0.14224865
v -1.06933440 -1.24237052 0.19391091
v -1.09550060 -1.22926592 0.23770806
v -1.13466109 -1.20965351 0.26697238
v -1.18085403 -1.18651909 0.27724865
v -1.20767803 -1.17308506 0.27724865
v -1.25387097 -1.14995064 0.26697238
v -1.29303146 -1.13033823 0.23770806
v -1.31919766 -1.11723364 0.19391091
v -1.32838601 -1.11263192 0.14224865
v -1.32838601 -1.11263192 -0.10775135
v -1.31919766 -1.11723364 -0.15941362
v -1.29303146 -1.13033823 -0.20321077
v -1.25387097 -1.14995064 -0.23247509
v -1.20767803 -1.17308506 -0.24275135
v -1.18085403 -1.18651909 -0.24275135
v -1.13466109 -1.20965351 -0.23247509
v -1.09550060 -1.22926592 -0.20321077
v -1.06933440 -1.24237052 -0.15941362
v -1.06014605 -1.24697224 -0.10775135
v -0.99755267 -1.09933272 0.14058791
v -1.00699077 -1.09526776 0.19225018
v -1.03386819 -1.08369172 0.23604733
v -1.07409310 -1.06636695 0.26531165
v -1.12154161 -1.04593100 0.27558791
v -1.14909470 -1.03406395 0.27558791
v -1.19654321 -1.01362799 0.26531165
v -1.23676812 -0.99630323 0.23604733
v -1.26364554 -0.98472719 0.19225018
v -1.27308364 -0.98066222 0.14058791
v -1.27308364 -0.98066222 -0.10941209
v -1.26364554 -0.98472719 -0.16107435
v -1.23676812 -0.99630323 -0.20487150
v -1.19654321 -1.01362799 -0.23413582
v -1.14909470 -1.03406395 -0.24441209
v -1.12154161 -1.04593100 -0.24441209
v -1.07409310 -1.06636695 -0.23413582
v -1.03386819 -1.08369172 -0.20487150
v -1.00699077 -1.09526776 -0.16107435
v -0.99755267 -1.09933272 -0.10941209
v -0.94502662 -0.94463291 0.13926414
v -0.95468731 -0.94112969 0.19092640
v -0.98219864 -0.93115335 0.23472355
v -1.02337225 -0.91622270 0.26398787
v -1.07193983 -0.89861079 0.27426414
v -1.10014277 -0.88838365 0.27426414
v -1.14871035 -0.87077175 0.26398787
v -1.18988396 -0.85584110 0.23472355
v -1.21739529 -0.84586476 0.19092640
v -1.22705598 -0.84236153 0.13926414
v -1.22705598 -0.84236153 -0.11073586
v -1.21739529 -0.84586476 -0.16239813
v -1.18988396 -0.85584110 -0.20619528
v -1.14871035 -0.87077175 -0.23545960
v -1.10014277 -0.88838365 -0.24573586
v -1.07193983 -0.89861079 -0.24573586
v -1.02337225 -0.91622270 -0.23545960
v -0.98219864 -0.93115335 -0.20619528
v -0.95468731 -0.94112969 -0.16239813
v -0.94502662 -0.94463291 -0.11073586
v -0.90278307 -0.78255417 0.13824765
v -0.91263776 -0.77964099 0.18990991
v -0.94070155 -0.77134494 0.23370706
v -0.98270197 -0.75892903 0.26297138
v -1.03224485 -0.74428347 0.27324765
v -1.06101413 -0.73577887 0.27324765
v -1.11055701 -0.72113330 0.26297138
v -1.15255744 -0.70871739 0.23370706
v -1.18062123 -0.70042135 0.18990991
v -1.19047592 -0.69750816 0.13824765
v -1.19047592 -0.69750816 -0.11175235
v -1.18062123 -0.70042135 -0.16341462
v -1.15255744 -0.70871739 -0.20721177
v -1.11055701 -0.72113330 -0.23647609
v -1.06101413 -0.73577887 -0.24675235
v -1.03224485 -0.74428347 -0.24675235
v -0.98270197 -0.75892903 -0.23647609
v -0.94070155 -0.77134494 -0.20721177
v -0.91263776 -0.77964099 -0.16341462
v -0.90278307 -0.78255417 -0.11175235
v -0.87105240 -0.61245601 0.13751508
v -0.88107020 -0.61016576 0.18917734
v -0.90959848 -0.60364368 0.23297449
v -0.95229407 -0.59388269 0.26223882
v -1.00265696 -0.58236882 0.27251508
v -1.03190242 -0.57568278 0.27251508
v -1.08226530 -0.56416891 0.26223882
v -1.12496090 -0.55440792 0.23297449
v -1.15348918 -0.54788584 0.18917734
v -1.16350698 -0.54559559 0.13751508
v -1.16350698 -0.54559559 -0.11248492
v -1.15348918 -0.54788584 -0.16414718
v -1.12496090 -0.55440792 -0.20794434
v -1.08226530 -0.56416891 -0.23720866
v -1.03190242 -0.57568278 -0.24748492
v -1.00265696 -0.58236882 -0.24748492
v -0.95229407 -0.59388269 -0.23720866
v -0.90959848 -0.60364368 -0.20794434
v -0.88107020 -0.61016576 -0.16414718
v -0.87105240 -0.61245601 -0.11248492
v -0.85010738 -0.43309318 0.13705036
v -0.86025393 -0.43146556 0.18871263
v -0.88914885 -0.42683049 0.23250978
v -0.93239316 -0.41989361 0.26177410
v -0.98340330 -0.41171101 0.27205036
v -1.01302462 -0.40695942 0.27205036
v -1.06403476 -0.39877682 0.26177410
v -1.10727907 -0.39183995 0.23250978
v -1.13617399 -0.38720487 0.18871263
v -1.14632054 -0.38557725 0.13705036
v -1.14632054 -0.38557725 -0.11294964
v -1.13617399 -0.38720487 -0.16461190
v -1.10727907 -0.39183995 -0.20840905
v -1.06403476 -0.39877682 -0.23767337
v -1.01302462 -0.40695942 -0.24794964
v -0.98340330 -0.41171101 -0.24794964
v -0.93239316 -0.41989361 -0.23767337
v -0.88914885 -0.42683049 -0.20840905
v -0.86025393 -0.43146556 -0.16461190
v -0.85010738 -0.43309318 -0.11294964
v -0.84033200 -0.24189992 0.13684659
v -0.85056756 -0.24098616 0.18850885
v -0.87971596 -0.23838400 0.23230600
v -0.92333963 -0.23448959 0.26157032
v -0.97479725 -0.22989582 0.27184659
v -1.00467841 -0.22722824 0.27184659
v -1.05613603 -0.22263447 0.26157032
v -1.09975970 -0.21874006 0.23230600
v -1.12890810 -0.21613789 0.18850885
v -1.13914366 -0.21522414 0.13684659
v -1.13914366 -0.21522414 -0.11315341
v -1.12890810 -0.21613789 -0.16481568
v -1.09975970 -0.21874006 -0.20861283
v -1.05613603 -0.22263447 -0.23787715
v -1.00467841 -0.22722824 -0.24815341
v -0.97479725 -0.22989582 -0.24815341
v -0.92333963 -0.23448959 -0.23787715
v -0.87971596 -0.23838400 -0.20861283
v -0.85056756 -0.24098616 -0.16481568
v -0.84033200 -0.24189992 -0.11315341
v -0.84245779 -0.03248518 0.13691153
v -0.85273332 -0.03236190 0.18857379
v -0.88199553 -0.03201081 0.23237094
v -0.92578953 -0.03148536 0.26163527
v -0.97744808 -0.03086556 0.27191153
v -1.00744592 -0.03050565 0.27191153
v -1.05910446 -0.02988585 0.26163527
v -1.10289846 -0.02936041 0.23237094
v -1.13216068 -0.02900932 0.18857379
v -1.14243620 -0.02888603 0.13691153
v -1.14243620 -0.02888603 -0.11308847
v -1.13216068 -0.02900932 -0.16475074
v -1.10289846 -0.02936041 -0.20854789
v -1.05910446 -0.02988585 -0.23781221
v -1.00744592 -0.03050565 -0.24808847
v -0.97744808 -0.03086556 -0.24808847
v -0.92578953 -0.03148536 -0.23781221
v -0.88199553 -0.03201081 -0.20854789
v -0.85273332 -0.03236190 -0.16475074
v -0.84245779 -0.03248518 -0.11308847
f 4624 4625 4645
f 4624 4645 4644
f 4625 4626 4646
f 4625 4646 4645
f 4626 4627 4647
f 4626 4647 4646
f 4627 4628 4648
f 4627 4648 4647
f 4628 4629 4649
f 4628 4649 4648
f 4629 4630 4650
f 4629 4650 4649
f 4630 4631 4651
f 4630 4651 4650
f 4631 4632 4652
f 4631 4652 4651
f 4632 4633 4653
f 4632 4653 4652
f 4633 4634 4654
f 4633 4654 4653
f 4634 4635 4655
f 4634 4655 4654
f 4635 4636 4656
f 4635 4656 4655
f 4636 4637 4657
f 4636 4657 4656
f 4637 4638 4658
f 4637 4658 4657
f 4638 4639 4659
f 4638 4659 4658
f 4639 4640 4660
f 4639 4660 4659
f 4640 4641 4661
f 4640 4661 4660
f 4641 4642 4662
f 4641 4662 4661
f 4642 4643 4663
f 4642 4663 4662
f 4643 4624 4644
f 4643 4644 4663
f 4644 4645 4665
f 4644 4665 4664
f 4645 4646 4666
f 4645 4666 4665
f 4646 4647 4667
f 4646 4667 4666
f 4647 4648 4668
f 4647 4668 4667
f 4648 4649 4669
f 4648 4669 4668
f 4649 4650 4670
f 4649 4670 4669
f 4650 4651 4671
f 4650 4671 4670
f 4651 4652 4672
f 4651 4672 4671
f 4652 4653 4673
f 4652 4673 4672
f 4653 4654 4674
f 4653 4674 4673
f 4654 4655 4675
f 4654 4675 4674
f 4655 4656 4676
f 4655 4676 4675
f 4656 4657 4677
f 4656 4677 4676
f 4657 4658 4678
f 4657 4678 4677
f 4658 4659 4679
f 4658 4679 4678
f 4659 4660 4680
f 4659 4680 4679
f 4660 4661 4681
f 4660 4681 4680
f 4661 4662 4682
f 4661 4682 4681
f 4662 4663 4683
f 4662 4683 4682
f 4663 4644 4664
f 4663 4664 4683
f 4664 4665 4685
f 4664 4685 4684
f 4665 4666 4686
f 4665 4686 4685
f 4666 4667 4687
f 4666 4687 4686
f 4667 4668 4688
f 4667 4688 4687
f 4668 4669 4689
f 4668 4689 4688
f 4669 4670 4690
f 4669 4690 4689
f 4670 4671 4691
f 4670 4691 4690
f 4671 4672 4692
f 4671 4692 4691
f 4672 4673 4693
f 4672 4693 4692
f 4673 4674 4694
f 4673 4694 4693
f 4674 4675 4695
f 4674 4695 4694
f 4675 4676 4696
f 4675 4696 4695
f 4676 4677 4697
f 4676 4697 4696
f 4677 4678 4698
f 4677 4698 4697
f 4678 4679 4699
f 4678 4699 4698
f 4679 4680 4700
f 4679 4700 4699
f 4680 4681 4701
f 4680 4701 4700
f 4681 4682 4702
f 4681 4702 4701
f 4682 4683 4703
f 4682 4703 4702
f 4683 4664 4684
f 4683 4684 4703
f 4684 4685 4705
f 4684 4705 4704
f 4685 4686 4706
f 4685 4706 4705
f 4686 4687 4707
f 4686 4707 4706
f 4687 4688 4708
f 4687 4708 4707
f 4688 4689 4709
f 4688 4709 4708
f 4689 4690 4710
f 4689 4710 4709
f 4690 4691 4711
f 4690 4711 4710
f 4691 4692 4712
f 4691 4712 4711
f 4692 4693 4713
f 4692 4713 4712
f 4693 4694 4714
f 4693 4714 4713
f 4694 4695 4715
f 4694 4715 4714
f 4695 4696 4716
f 4695 4716 4715
f 4696 4697 4717
f 4696 4717 4716
f 4697 4698 4718
f 4697 4718 4717
f 4698 4699 4719
f 4698 4719 4718
f 4699 4700 4720
f 4699 4720 4719
f 4700 4701 4721
f 4700 4721 4720
f 4701 4702 4722
f 4701 4722 4721
f 4702 4703 4723
f 4702 4723 4722
f 4703 4684 4704
f 4703 4704 4723
f 4704 4705 4725
f 4704 4725 4724
f 4705 4706 4726
f 4705 4726 4725
f 4706 4707 4727
f 4706 4727 4726
f 4707 4708 4728
f 4707 4728 4727
f 4708 4709 4729
f 4708 4729 4728
f 4709 4710 4730
f 4709 4730 4729
f 4710 4711 4731
f 4710 4731 4730
f 4711 4712 4732
f 4711 4732 4731
f 4712 4713 4733
f 4712 4733 4732
f 4713 4714 4734
f 4713 4734 4733
f 4714 4715 4735
f 4714 4735 4734
f 4715 4716 4736
f 4715 4736 4735
f 4716 4717 4737
f 4716 4737 4736
f 4717 4718 4738
f 4717 4738 4737
f 4718 4719 4739
f 4718 4739 4738
f 4719 4720 4740
f 4719 4740 4739
f 4720 4721 4741
f 4720 4741 4740
f 4721 4722 4742
f 4721 4742 4741
f 4722 4723 4743
f 4722 4743 4742
f 4723 4704 4724
f 4723 4724 4743
f 4724 4725 4745
f 4724 4745 4744
f 4725 4726 4746
f 4725 4746 4745
f 4726 4727 4747
f 4726 4747 4746
f 4727 4728 4748
f 4727 4748 4747
f 4728 4729 4749
f 4728 4749 4748
f 4729 4730 4750
f 4729 4750 4749
f 4730 4731 4751
f 4730 4751 4750
f 4731 4732 4752
f 4731 4752 4751
f 4732 4733 4753
f 4732 4753 4752
f 4733 4734 4754
f 4733 4754 4753
f 4734 4735 4755
f 4734 4755 4754
f 4735 4736 4756
f 4735 4756 4755
f 4736 4737 4757
f 4736 4757 4756
f 4737 4738 4758
f 4737 4758 4757
f 4738 4739 4759
f 4738 4759 4758
f 4739 4740 4760
f 4739 4760 4759
f 4740 4741 4761
f 4740 4761 4760
f 4741 4742 4762
f 4741 4762 4761
f 4742 4743 4763
f 4742 4763 4762
f 4743 4724 4744
f 4743 4744 4763
f 4744 4745 4765
f 4744 4765 4764
f 4745 4746 4766
f 4745 4766 4765
f 4746 4747 4767
f 4746 4767 4766
f 4747 4748 4768
f 4747 4768 4767
f 4748 4749 4769
f 4748 4769 4768
f 4749 4750 4770
f 4749 4770 4769
f 4750 4751 4771
f 4750 4771 4770
f 4751 4752 4772
f 4751 4772 4771
f 4752 4753 4773
f 4752 4773 4772
f 4753 4754 4774
f 4753 4774 4773
f 4754 4755 4775
f 4754 4775 4774
f 4755 4756 4776
f 4755 4776 4775
f 4756 4757 4777
f 4756 4777 4776
f 4757 4758 4778
f 4757 4778 4777
f 4758 4759 4779
f 4758 4779 4778
f 4759 4760 4780
f 4759 4780 4779
f 4760 4761 4781
f 4760 4781 4780
f 4761 4762 4782
f 4761 4782 4781
f 4762 4763 4783
f 4762 4783 4782
f 4763 4744 4764
f 4763 4764 4783
f 4764 4765 4785
f 4764 4785 4784
f 4765 4766 4786
f 4765 4786 4785
f 4766 4767 4787
f 4766 4787 4786
f 4767 4768 4788
f 4767 4788 4787
f 4768 4769 4789
f 4768 4789 4788
f 4769 4770 4790
f 4769 4790 4789
f 4770 4771 4791
f 4770 4791 4790
f 4771 4772 4792
f 4771 4792 4791
f 4772 4773 4793
f 4772 4793 4792
f 4773 4774 4794
f 4773 4794 4793
f 4774 4775 4795
f 4774 4795 4794
f 4775 4776 4796
f 4775 4796 4795
f 4776 4777 4797
f 4776 4797 4796
f 4777 4778 4798
f 4777 4798 4797
f 4778 4779 4799
f 4778 4799 4798
f 4779 4780 4800
f 4779 4800 4799
f 4780 4781 4801
f 4780 4801 4800
f 4781 4782 4802
f 4781 4802 4801
f 4782 4783 4803
f 4782 4803 4802
f 4783 4764 4784
f 4783 4784 4803
f 4784 4785 4805
f 4784 4805 4804
f 4785 4786 4806
f 4785 4806 4805
f 4786 4787 4807
f 4786 4807 4806
f 4787 4788 4808
f 4787 4808 4807
f 4788 4789 4809
f 4788 4809 4808
f 4789 4790 4810
f 4789 4810 4809
f 4790 4791 4811
f 4790 4811 4810
f 4791 4792 4812
f 4791 4812 4811
f 4792 4793 4813
f 4792 4813 4812
f 4793 4794 4814
f 4793 4814 4813
f 4794 4795 4815
f 4794 4815 4814
f 4795 4796 4816
f 4795 4816 4815
f 4796 4797 4817
f 4796 4817 4816
f 4797 4798 4818
f 4797 4818 4817
f 4798 4799 4819
f 4798 4819 4818
f 4799 4800 4820
f 4799 4820 4819
f 4800 4801 4821
f 4800 4821 4820
f 4801 4802 4822
f 4801 4822 4821
f 4802 4803 4823
f 4802 4823 4822
f 4803 4784 4804
f 4803 4804 4823
f 4804 4805 4825
f 4804 4825 4824
f 4805 4806 4826
f 4805 4826 4825
f 4806 4807 4827
f 4806 4827 4826
f 4807 4808 4828
f 4807 4828 4827
f 4808 4809 4829
f 4808 4829 4828
f 4809 4810 4830
f 4809 4830 4829
f 4810 4811 4831
f 4810 4831 4830
f 4811 4812 4832
f 4811 4832 4831
f 4812 4813 4833
f 4812 4833 4832
f 4813 4814 4834
f 4813 4834 4833
f 4814 4815 4835
f 4814 4835 4834
f 4815 4816 4836
f 4815 4836 4835
f 4816 4817 4837
f 4816 4837 4836
f 4817 4818 4838
f 4817 4838 4837
f 4818 4819 4839
f 4818 4839 4838
f 4819 4820 4840
f 4819 4840 4839
f 4820 4821 4841
f 4820 4841 4840
f 4821 4822 4842
f 4821 4842 4841
f 4822 4823 4843
f 4822 4843 4842
f 4823 4804 4824
f 4823 4824 4843
f 4824 4825 4845
f 4824 4845 4844
f 4825 4826 4846
f 4825 4846 4845
f 4826 4827 4847
f 4826 4847 4846
f 4827 4828 4848
f 4827 4848 4847
f 4828 4829 4849
f 4828 4849 4848
f 4829 4830 4850
f 4829 4850 4849
f 4830 4831 4851
f 4830 4851 4850
f 4831 4832 4852
f 4831 4852 4851
f 4832 4833 4853
f 4832 4853 4852
f 4833 4834 4854
f 4833 4854 4853
f 4834 4835 4855
f 4834 4855 4854
f 4835 4836 4856
f 4835 4856 4855
f 4836 4837 4857
f 4836 4857 4856
f 4837 4838 4858
f 4837 4858 4857
f 4838 4839 4859
f 4838 4859 4858
f 4839 4840 4860
f 4839 4860 4859
f 4840 4841 4861
f 4840 4861 4860
f 4841 4842 4862
f 4841 4862 4861
f 4842 4843 4863
f 4842 4863 4862
f 4843 4824 4844
f 4843 4844 4863
f 4844 4845 4865
f 4844 4865 4864
f 4845 4846 4866
f 4845 4866 4865
f 4846 4847 4867
f 4846 4867 4866
f 4847 4848 4868
f 4847 4868 4867
f 4848 4849 4869
f 4848 4869 4868
f 4849 4850 4870
f 4849 4870 4869
f 4850 4851 4871
f 4850 4871 4870
f 4851 4852 4872
f 4851 4872 4871
f 4852 4853 4873
f 4852 4873 4872
f 4853 4854 4874
f 4853 4874 4873
f 4854 4855 4875
f 4854 4875 4874
f 4855 4856 4876
f 4855 4876 4875
f 4856 4857 4877
f 4856 4877 4876
f 4857 4858 4878
f 4857 4878 4877
f 4858 4859 4879
f 4858 4879 4878
f 4859 4860 4880
f 4859 4880 4879
f 4860 4861 4881
f 4860 4881 4880
f 4861 4862 4882
f 4861 4882 4881
f 4862 4863 4883
f 4862 4883 4882
f 4863 4844 4864
f 4863 4864 4883
f 4864 4865 4885
f 4864 4885 4884
f 4865 4866 4886
f 4865 4886 4885
f 4866 4867 4887
f 4866 4887 4886
f 4867 4868 4888
f 4867 4888 4887
f 4868 4869 4889
f 4868 4889 4888
f 4869 4870 4890
f 4869 4890 4889
f 4870 4871 4891
f 4870 4891 4890
f 4871 4872 4892
f 4871 4892 4891
f 4872 4873 4893
f 4872 4893 4892
f 4873 4874 4894
f 4873 4894 4893
f 4874 4875 4895
f 4874 4895 4894
f 4875 4876 4896
f 4875 4896 4895
f 4876 4877 4897
f 4876 4897 4896
f 4877 4878 4898
f 4877 4898 4897
f 4878 4879 4899
f 4878 4899 4898
f 4879 4880 4900
f 4879 4900 4899
f 4880 4881 4901
f 4880 4901 4900
f 4881 4882 4902
f 4881 4902 4901
f 4882 4883 4903
f 4882 4903 4902
f 4883 4864 4884
f 4883 4884 4903
f 4884 4885 4905
f 4884 4905 4904
f 4885 4886 4906
f 4885 4906 4905
f 4886 4887 4907
f 4886 4907 4906
f 4887 4888 4908
f 4887 4908 4907
f 4888 4889 4909
f 4888 4909 4908
f 4889 4890 4910
f 4889 4910 4909
f 4890 4891 4911
f 4890 4911 4910
f 4891 4892 4912
f 4891 4912 4911
f 4892 4893 4913
f 4892 4913 4912
f 4893 4894 4914
f 4893 4914 4913
f 4894 4895 4915
f 4894 4915 4914
f 4895 4896 4916
f 4895 4916 4915
f 4896 4897 4917
f 4896 4917 4916
f 4897 4898 4918
f 4897 4918 4917
f 4898 4899 4919
f 4898 4919 4918
f 4899 4900 4920
f 4899 4920 4919
f 4900 4901 4921
f 4900 4921 4920
f 4901 4902 4922
f 4901 4922 4921
f 4902 4903 4923
f 4902 4923 4922
f 4903 4884 4904
f 4903 4904 4923
f 4904 4905 4925
f 4904 4925 4924
f 4905 4906 4926
f 4905 4926 4925
f 4906 4907 4927
f 4906 4927 4926
f 4907 4908 4928
f 4907 4928 4927
f 4908 4909 4929
f 4908 4929 4928
f 4909 4910 4930
f 4909 4930 4929
f 4910 4911 4931
f 4910 4931 4930
f 4911 4912 4932
f 4911 4932 4931
f 4912 4913 4933
f 4912 4933 4932
f 4913 4914 4934
f 4913 4934 4933
f 4914 4915 4935
f 4914 4935 4934
f 4915 4916 4936
f 4915 4936 4935
f 4916 4917 4937
f 4916 4937 4936
f 4917 4918 4938
f 4917 4938 4937
f 4918 4919 4939
f 4918 4939 4938
f 4919 4920 4940
f 4919 4940 4939
f 4920 4921 4941
f 4920 4941 4940
f 4921 4922 4942
f 4921 4942 4941
f 4922 4923 4943
f 4922 4943 4942
f 4923 4904 4924
f 4923 4924 4943
f 4924 4925 4945
f 4924 4945 4944
f 4925 4926 4946
f 4925 4946 4945
f 4926 4927 4947
f 4926 4947 4946
f 4927 4928 4948
f 4927 4948 4947
f 4928 4929 4949
f 4928 4949 4948
f 4929 4930 4950
f 4929 4950 4949
f 4930 4931 4951
f 4930 4951 4950
f 4931 4932 4952
f 4931 4952 4951
f 4932 4933 4953
f 4932 4953 4952
f 4933 4934 4954
f 4933 4954 4953
f 4934 4935 4955
f 4934 4955 4954
f 4935 4936 4956
f 4935 4956 4955
f 4936 4937 4957
f 4936 4957 4956
f 4937 4938 4958
f 4937 4958 4957
f 4938 4939 4959
f 4938 4959 4958
f 4939 4940 4960
f 4939 4960 4959
f 4940 4941 4961
f 4940 4961 4960
f 4941 4942 4962
f 4941 4962 4961
f 4942 4943 4963
f 4942 4963 4962
f 4943 4924 4944
f 4943 4944 4963
f 4944 4945 4965
f 4944 4965 4964
f 4945 4946 4966
f 4945 4966 4965
f 4946 4947 4967
f 4946 4967 4966
f 4947 4948 4968
f 4947 4968 4967
f 4948 4949 4969
f 4948 4969 4968
f 4949 4950 4970
f 4949 4970 4969
f 4950 4951 4971
f 4950 4971 4970
f 4951 4952 4972
f 4951 4972 4971
f 4952 4953 4973
f 4952 4973 4972
f 4953 4954 4974
f 4953 4974 4973
f 4954 4955 4975
f 4954 4975 4974
f 4955 4956 4976
f 4955 4976 4975
f 4956 4957 4977
f 4956 4977 4976
f 4957 4958 4978
f 4957 4978 4977
f 4958 4959 4979
f 4958 4979 4978
f 4959 4960 4980
f 4959 4980 4979
f 4960 4961 4981
f 4960 4981 4980
f 4961 4962 4982
f 4961 4982 4981
f 4962 4963 4983
f 4962 4983 4982
f 4963 4944 4964
f 4963 4964 4983
f 4964 4965 4985
f 4964 4985 4984
f 4965 4966 4986
f 4965 4986 4985
f 4966 4967 4987
f 4966 4987 4986
f 4967 4968 4988
f 4967 4988 4987
f 4968 4969 4989
f 4968 4989 4988
f 4969 4970 4990
f 4969 4990 4989
f 4970 4971 4991
f 4970 4991 4990
f 4971 4972 4992
f 4971 4992 4991
f 4972 4973 4993
f 4972 4993 4992
f 4973 4974 4994
f 4973 4994 4993
f 4974 4975 4995
f 4974 4995 4994
f 4975 4976 4996
f 4975 4996 4995
f 4976 4977 4997
f 4976 4997 4996
f 4977 4978 4998
f 4977 4998 4997
f 4978 4979 4999
f 4978 4999 4998
f 4979 4980 5000
f 4979 5000 4999
f 4980 4981 5001
f 4980 5001 5000
f 4981 4982 5002
f 4981 5002 5001
f 4982 4983 5003
f 4982 5003 5002
f 4983 4964 4984
f 4983 4984 5003
f 4984 4985 5005
f 4984 5005 5004
f 4985 4986 5006
f 4985 5006 5005
f 4986 4987 5007
f 4986 5007 5006
f 4987 4988 5008
f 4987 5008 5007
f 4988 4989 5009
f 4988 5009 5008
f 4989 4990 5010
f 4989 5010 5009
f 4990 4991 5011
f 4990 5011 5010
f 4991 4992 5012
f 4991 5012 5011
f 4992 4993 5013
f 4992 5013 5012
f 4993 4994 5014
f 4993 5014 5013
f 4994 4995 5015
f 4994 5015 5014
f 4995 4996 5016
f 4995 5016 5015
f 4996 4997 5017
f 4996 5017 5016
f 4997 4998 5018
f 4997 5018 5017
f 4998 4999 5019
f 4998 5019 5018
f 4999 5000 5020
f 4999 5020 5019
f 5000 5001 5021
f 5000 5021 5020
f 5001 5002 5022
f 5001 5022 5021
f 5002 5003 5023
f 5002 5023 5022
f 5003 4984 5004
f 5003 5004 5023
f 5004 5005 5025
f 5004 5025 5024
f 5005 5006 5026
f 5005 5026 5025
f 5006 5007 5027
f 5006 5027 5026
f 5007 5008 5028
f 5007 5028 5027
f 5008 5009 5029
f 5008 5029 5028
f 5009 5010 5030
f 5009 5030 5029
f 5010 5011 5031
f 5010 5031 5030
f 5011 5012 5032
f 5011 5032 5031
f 5012 5013 5033
f 5012 5033 5032
f 5013 5014 5034
f 5013 5034 5033
f 5014 5015 5035
f 5014 5035 5034
f 5015 5016 5036
f 5015 5036 5035
f 5016 5017 5037
f 5016 5037 5036
f 5017 5018 5038
f 5017 5038 5037
f 5018 5019 5039
f 5018 5039 5038
f 5019 5020 5040
f 5019 5040 5039
f 5020 5021 5041
f 5020 5041 5040
f 5021 5022 5042
f 5021 5042 5041
f 5022 5023 5043
f 5022 5043 5042
f 5023 5004 5024
f 5023 5024 5043
f 5024 5025 5045
f 5024 5045 5044
f 5025 5026 5046
f 5025 5046 5045
f 5026 5027 5047
f 5026 5047 5046
f 5027 5028 5048
f 5027 5048 5047
f 5028 5029 5049
f 5028 5049 5048
f 5029 5030 5050
f 5029 5050 5049
f 5030 5031 5051
f 5030 5051 5050
f 5031 5032 5052
f 5031 5052 5051
f 5032 5033 5053
f 5032 5053 5052
f 5033 5034 5054
f 5033 5054 5053
f 5034 5035 5055
f 5034 5055 5054
f 5035 5036 5056
f 5035 5056 5055
f 5036 5037 5057
f 5036 5057 5056
f 5037 5038 5058
f 5037 5058 5057
f 5038 5039 5059
f 5038 5059 5058
f 5039 5040 5060
f 5039 5060 5059
f 5040 5041 5061
f 5040 5061 5060
f 5041 5042 5062
f 5041 5062 5061
f 5042 5043 5063
f 5042 5063 5062
f 5043 5024 5044
f 5043 5044 5063
f 5044 5045 5065
f 5044 5065 5064
f 5045 5046 5066
f 5045 5066 5065
f 5046 5047 5067
f 5046 5067 5066
f 5047 5048 5068
f 5047 5068 5067
f 5048 5049 5069
f 5048 5069 5068
f 5049 5050 5070
f 5049 5070 5069
f 5050 5051 5071
f 5050 5071 5070
f 5051 5052 5072
f 5051 5072 5071
f 5052 5053 5073
f 5052 5073 5072
f 5053 5054 5074
f 5053 5074 5073
f 5054 5055 5075
f 5054 5075 5074
f 5055 5056 5076
f 5055 5076 5075
f 5056 5057 5077
f 5056 5077 5076
f 5057 5058 5078
f 5057 5078 5077
f 5058 5059 5079
f 5058 5079 5078
f 5059 5060 5080
f 5059 5080 5079
f 5060 5061 5081
f 5060 5081 5080
f 5061 5062 5082
f 5061 5082 5081
f 5062 5063 5083
f 5062 5083 5082
f 5063 5044 5064
f 5063 5064 5083
f 5064 5065 5085
f 5064 5085 5084
f 5065 5066 5086
f 5065 5086 5085
f 5066 5067 5087
f 5066 5087 5086
f 5067 5068 5088
f 5067 5088 5087
f 5068 5069 5089
f 5068 5089 5088
f 5069 5070 5090
f 5069 5090 5089
f 5070 5071 5091
f 5070 5091 5090
f 5071 5072 5092
f 5071 5092 5091
f 5072 5073 5093
f 5072 5093 5092
f 5073 5074 5094
f 5073 5094 5093
f 5074 5075 5095
f 5074 5095 5094
f 5075 5076 5096
f 5075 5096 5095
f 5076 5077 5097
f 5076 5097 5096
f 5077 5078 5098
f 5077 5098 5097
f 5078 5079 5099
f 5078 5099 5098
f 5079 5080 5100
f 5079 5100 5099
f 5080 5081 5101
f 5080 5101 5100
f 5081 5082 5102
f 5081 5102 5101
f 5082 5083 5103
f 5082 5103 5102
f 5083 5064 5084
f 5083 5084 5103
f 5084 5085 5105
f 5084 5105 5104
f 5085 5086 5106
f 5085 5106 5105
f 5086 5087 5107
f 5086 5107 5106
f 5087 5088 5108
f 5087 5108 5107
f 5088 5089 5109
f 5088 5109 5108
f 5089 5090 5110
f 5089 5110 5109
f 5090 5091 5111
f 5090 5111 5110
f 5091 5092 5112
f 5091 5112 5111
f 5092 5093 5113
f 5092 5113 5112
f 5093 5094 5114
f 5093 5114 5113
f 5094 5095 5115
f 5094 5115 5114
f 5095 5096 5116
f 5095 5116 5115
f 5096 5097 5117
f 5096 5117 5116
f 5097 5098 5118
f 5097 5118 5117
f 5098 5099 5119
f 5098 5119 5118
f 5099 5100 5120
f 5099 5120 5119
f 5100 5101 5121
f 5100 5121 5120
f 5101 5102 5122
f 5101 5122 5121
f 5102 5103 5123
f 5102 5123 5122
f 5103 5084 5104
f 5103 5104 5123
f 5104 5105 5125
f 5104 5125 5124
f 5105 5106 5126
f 5105 5126 5125
f 5106 5107 5127
f 5106 5127 5126
f 5107 5108 5128
f 5107 5128 5127
f 5108 5109 5129
f 5108 5129 5128
f 5109 5110 5130
f 5109 5130 5129
f 5110 5111 5131
f 5110 5131 5130
f 5111 5112 5132
f 5111 5132 5131
f 5112 5113 5133
f 5112 5133 5132
f 5113 5114 5134
f 5113 5134 5133
f 5114 5115 5135
f 5114 5135 5134
f 5115 5116 5136
f 5115 5136 5135
f 5116 5117 5137
f 5116 5137 5136
f 5117 5118 5138
f 5117 5138 5137
f 5118 5119 5139
f 5118 5139 5138
f 5119 5120 5140
f 5119 5140 5139
f 5120 5121 5141
f 5120 5141 5140
f 5121 5122 5142
f 5121 5142 5141
f 5122 5123 5143
f 5122 5143 5142
f 5123 5104 5124
f 5123 5124 5143
f 5124 5125 5145
f 5124 5145 5144
f 5125 5126 5146
f 5125 5146 5145
f 5126 5127 5147
f 5126 5147 5146
f 5127 5128 5148
f 5127 5148 5147
f 5128 5129 5149
f 5128 5149 5148
f 5129 5130 5150
f 5129 5150 5149
f 5130 5131 5151
f 5130 5151 5150
f 5131 5132 5152
f 5131 5152 5151
f 5132 5133 5153
f 5132 5153 5152
f 5133 5134 5154
f 5133 5154 5153
f 5134 5135 5155
f 5134 5155 5154
f 5135 5136 5156
f 5135 5156 5155
f 5136 5137 5157
f 5136 5157 5156
f 5137 5138 5158
f 5137 5158 5157
f 5138 5139 5159
f 5138 5159 5158
f 5139 5140 5160
f 5139 5160 5159
f 5140 5141 5161
f 5140 5161 5160
f 5141 5142 5162
f 5141 5162 5161
f 5142 5143 5163
f 5142 5163 5162
f 5143 5124 5144
f 5143 5144 5163
f 5144 5145 5165
f 5144 5165 5164
f 5145 5146 5166
f 5145 5166 5165
f 5146 5147 5167
f 5146 5167 5166
f 5147 5148 5168
f 5147 5168 5167
f 5148 5149 5169
f 5148 5169 5168
f 5149 5150 5170
f 5149 5170 5169
f 5150 5151 5171
f 5150 5171 5170
f 5151 5152 5172
f 5151 5172 5171
f 5152 5153 5173
f 5152 5173 5172
f 5153 5154 5174
f 5153 5174 5173
f 5154 5155 5175
f 5154 5175 5174
f 5155 5156 5176
f 5155 5176 5175
f 5156 5157 5177
f 5156 5177 5176
f 5157 5158 5178
f 5157 5178 5177
f 5158 5159 5179
f 5158 5179 5178
f 5159 5160 5180
f 5159 5180 5179
f 5160 5161 5181
f 5160 5181 5180
f 5161 5162 5182
f 5161 5182 5181
f 5162 5163 5183
f 5162 5183 5182
f 5163 5144 5164
f 5163 5164 5183
f 5164 5165 5185
f 5164 5185 5184
f 5165 5166 5186
f 5165 5186 5185
f 5166 5167 5187
f 5166 5187 5186
f 5167 5168 5188
f 5167 5188 5187
f 5168 5169 5189
f 5168 5189 5188
f 5169 5170 5190
f 5169 5190 5189
f 5170 5171 5191
f 5170 5191 5190
f 5171 5172 5192
f 5171 5192 5191
f 5172 5173 5193
f 5172 5193 5192
f 5173 5174 5194
f 5173 5194 5193
f 5174 5175 5195
f 5174 5195 5194
f 5175 5176 5196
f 5175 5196 5195
f 5176 5177 5197
f 5176 5197 5196
f 5177 5178 5198
f 5177 5198 5197
f 5178 5179 5199
f 5178 5199 5198
f 5179 5180 5200
f 5179 5200 5199
f 5180 5181 5201
f 5180 5201 5200
f 5181 5182 5202
f 5181 5202 5201
f 5182 5183 5203
f 5182 5203 5202
f 5183 5164 5184
f 5183 5184 5203
f 5184 5185 5205
f 5184 5205 5204
f 5185 5186 5206
f 5185 5206 5205
f 5186 5187 5207
f 5186 5207 5206
f 5187 5188 5208
f 5187 5208 5207
f 5188 5189 5209
f 5188 5209 5208
f 5189 5190 5210
f 5189 5210 5209
f 5190 5191 5211
f 5190 5211 5210
f 5191 5192 5212
f 5191 5212 5211
f 5192 5193 5213
f 5192 5213 5212
f 5193 5194 5214
f 5193 5214 5213
f 5194 5195 5215
f 5194 5215 5214
f 5195 5196 5216
f 5195 5216 5215
f 5196 5197 5217
f 5196 5217 5216
f 5197 5198 5218
f 5197 5218 5217
f 5198 5199 5219
f 5198 5219 5218
f 5199 5200 5220
f 5199 5220 5219
f 5200 5201 5221
f 5200 5221 5220
f 5201 5202 5222
f 5201 5222 5221
f 5202 5203 5223
f 5202 5223 5222
f 5203 5184 5204
f 5203 5204 5223
f 5204 5205 5225
f 5204 5225 5224
f 5205 5206 5226
f 5205 5226 5225
f 5206 5207 5227
f 5206 5227 5226
f 5207 5208 5228
f 5207 5228 5227
f 5208 5209 5229
f 5208 5229 5228
f 5209 5210 5230
f 5209 5230 5229
f 5210 5211 5231
f 5210 5231 5230
f 5211 5212 5232
f 5211 5232 5231
f 5212 5213 5233
f 5212 5233 5232
f 5213 5214 5234
f 5213 5234 5233
f 5214 5215 5235
f 5214 5235 5234
f 5215 5216 5236
f 5215 5236 5235
f 5216 5217 5237
f 5216 5237 5236
f 5217 5218 5238
f 5217 5238 5237
f 5218 5219 5239
f 5218 5239 5238
f 5219 5220 5240
f 5219 5240 5239
f 5220 5221 5241
f 5220 5241 5240
f 5221 5222 5242
f 5221 5242 5241
f 5222 5223 5243
f 5222 5243 5242
f 5223 5204 5224
f 5223 5224 5243
f 5224 5225 5245
f 5224 5245 5244
f 5225 5226 5246
f 5225 5246 5245
f 5226 5227 5247
f 5226 5247 5246
f 5227 5228 5248
f 5227 5248 5247
f 5228 5229 5249
f 5228 5249 5248
f 5229 5230 5250
f 5229 5250 5249
f 5230 5231 5251
f 5230 5251 5250
f 5231 5232 5252
f 5231 5252 5251
f 5232 5233 5253
f 5232 5253 5252
f 5233 5234 5254
f 5233 5254 5253
f 5234 5235 5255
f 5234 5255 5254
f 5235 5236 5256
f 5235 5256 5255
f 5236 5237 5257
f 5236 5257 5256
f 5237 5238 5258
f 5237 5258 5257
f 5238 5239 5259
f 5238 5259 5258
f 5239 5240 5260
f 5239 5260 5259
f 5240 5241 5261
f 5240 5261 5260
f 5241 5242 5262
f 5241 5262 5261
f 5242 5243 5263
f 5242 5263 5262
f 5243 5224 5244
f 5243 5244 5263
f 5244 5245 5265
f 5244 5265 5264
f 5245 5246 5266
f 5245 5266 5265
f 5246 5247 5267
f 5246 5267 5266
f 5247 5248 5268
f 5247 5268 5267
f 5248 5249 5269
f 5248 5269 5268
f 5249 5250 5270
f 5249 5270 5269
f 5250 5251 5271
f 5250 5271 5270
f 5251 5252 5272
f 5251 5272 5271
f 5252 5253 5273
f 5252 5273 5272
f 5253 5254 5274
f 5253 5274 5273
f 5254 5255 5275
f 5254 5275 5274
f 5255 5256 5276
f 5255 5276 5275
f 5256 5257 5277
f 5256 5277 5276
f 5257 5258 5278
f 5257 5278 5277
f 5258 5259 5279
f 5258 5279 5278
f 5259 5260 5280
f 5259 5280 5279
f 5260 5261 5281
f 5260 5281 5280
f 5261 5262 5282
f 5261 5282 5281
f 5262 5263 5283
f 5262 5283 5282
f 5263 5244 5264
f 5263 5264 5283
f 5264 5265 5285
f 5264 5285 5284
f 5265 5266 5286
f 5265 5286 5285
f 5266 5267 5287
f 5266 5287 5286
f 5267 5268 5288
f 5267 5288 5287
f 5268 5269 5289
f 5268 5289 5288
f 5269 5270 5290
f 5269 5290 5289
f 5270 5271 5291
f 5270 5291 5290
f 5271 5272 5292
f 5271 5292 5291
f 5272 5273 5293
f 5272 5293 5292
f 5273 5274 5294
f 5273 5294 5293
f 5274 5275 5295
f 5274 5295 5294
f 5275 5276 5296
f 5275 5296 5295
f 5276 5277 5297
f 5276 5297 5296
f 5277 5278 5298
f 5277 5298 5297
f 5278 5279 5299
f 5278 5299 5298
f 5279 5280 5300
f 5279 5300 5299
f 5280 5281 5301
f 5280 5301 5300
f 5281 5282 5302
f 5281 5302 5301
f 5282 5283 5303
f 5282 5303 5302
f 5283 5264 5284
f 5283 5284 5303
f 5284 5285 5305
f 5284 5305 5304
f 5285 5286 5306
f 5285 5306 5305
f 5286 5287 5307
f 5286 5307 5306
f 5287 5288 5308
f 5287 5308 5307
f 5288 5289 5309
f 5288 5309 5308
f 5289 5290 5310
f 5289 5310 5309
f 5290 5291 5311
f 5290 5311 5310
f 5291 5292 5312
f 5291 5312 5311
f 5292 5293 5313
f 5292 5313 5312
f 5293 5294 5314
f 5293 5314 5313
f 5294 5295 5315
f 5294 5315 5314
f 5295 5296 5316
f 5295 5316 5315
f 5296 5297 5317
f 5296 5317 5316
f 5297 5298 5318
f 5297 5318 5317
f 5298 5299 5319
f 5298 5319 5318
f 5299 5300 5320
f 5299 5320 5319
f 5300 5301 5321
f 5300 5321 5320
f 5301 5302 5322
f 5301 5322 5321
f 5302 5303 5323
f 5302 5323 5322
f 5303 5284 5304
f 5303 5304 5323
f 5304 5305 5325
f 5304 5325 5324
f 5305 5306 5326
f 5305 5326 5325
f 5306 5307 5327
f 5306 5327 5326
f 5307 5308 5328
f 5307 5328 5327
f 5308 5309 5329
f 5308 5329 5328
f 5309 5310 5330
f 5309 5330 5329
f 5310 5311 5331
f 5310 5331 5330
f 5311 5312 5332
f 5311 5332 5331
f 5312 5313 5333
f 5312 5333 5332
f 5313 5314 5334
f 5313 5334 5333
f 5314 5315 5335
f 5314 5335 5334
f 5315 5316 5336
f 5315 5336 5335
f 5316 5317 5337
f 5316 5337 5336
f 5317 5318 5338
f 5317 5338 5337
f 5318 5319 5339
f 5318 5339 5338
f 5319 5320 5340
f 5319 5340 5339
f 5320 5321 5341
f 5320 5341 5340
f 5321 5322 5342
f 5321 5342 5341
f 5322 5323 5343
f 5322 5343 5342
f 5323 5304 5324
f 5323 5324 5343
f 5324 5325 5345
f 5324 5345 5344
f 5325 5326 5346
f 5325 5346 5345
f 5326 5327 5347
f 5326 5347 5346
f 5327 5328 5348
f 5327 5348 5347
f 5328 5329 5349
f 5328 5349 5348
f 5329 5330 5350
f 5329 5350 5349
f 5330 5331 5351
f 5330 5351 5350
f 5331 5332 5352
f 5331 5352 5351
f 5332 5333 5353
f 5332 5353 5352
f 5333 5334 5354
f 5333 5354 5353
f 5334 5335 5355
f 5334 5355 5354
f 5335 5336 5356
f 5335 5356 5355
f 5336 5337 5357
f 5336 5357 5356
f 5337 5338 5358
f 5337 5358 5357
f 5338 5339 5359
f 5338 5359 5358
f 5339 5340 5360
f 5339 5360 5359
f 5340 5341 5361
f 5340 5361 5360
f 5341 5342 5362
f 5341 5362 5361
f 5342 5343 5363
f 5342 5363 5362
f 5343 5324 5344
f 5343 5344 5363
f 5344 5345 5365
f 5344 5365 5364
f 5345 5346 5366
f 5345 5366 5365
f 5346 5347 5367
f 5346 5367 5366
f 5347 5348 5368
f 5347 5368 5367
f 5348 5349 5369
f 5348 5369 5368
f 5349 5350 5370
f 5349 5370 5369
f 5350 5351 5371
f 5350 5371 5370
f 5351 5352 5372
f 5351 5372 5371
f 5352 5353 5373
f 5352 5373 5372
f 5353 5354 5374
f 5353 5374 5373
f 5354 5355 5375
f 5354 5375 5374
f 5355 5356 5376
f 5355 5376 5375
f 5356 5357 5377
f 5356 5377 5376
f 5357 5358 5378
f 5357 5378 5377
f 5358 5359 5379
f 5358 5379 5378
f 5359 5360 5380
f 5359 5380 5379
f 5360 5361 5381
f 5360 5381 5380
f 5361 5362 5382
f 5361 5382 5381
f 5362 5363 5383
f 5362 5383 5382
f 5363 5344 5364
f 5363 5364 5383
f 5364 5365 5385
f 5364 5385 5384
f 5365 5366 5386
f 5365 5386 5385
f 5366 5367 5387
f 5366 5387 5386
f 5367 5368 5388
f 5367 5388 5387
f 5368 5369 5389
f 5368 5389 5388
f 5369 5370 5390
f 5369 5390 5389
f 5370 5371 5391
f 5370 5391 5390
f 5371 5372 5392
f 5371 5392 5391
f 5372 5373 5393
f 5372 5393 5392
f 5373 5374 5394
f 5373 5394 5393
f 5374 5375 5395
f 5374 5395 5394
f 5375 5376 5396
f 5375 5396 5395
f 5376 5377 5397
f 5376 5397 5396
f 5377 5378 5398
f 5377 5398 5397
f 5378 5379 5399
f 5378 5399 5398
f 5379 5380 5400
f 5379 5400 5399
f 5380 5381 5401
f 5380 5401 5400
f 5381 5382 5402
f 5381 5402 5401
f 5382 5383 5403
f 5382 5403 5402
f 5383 5364 5384
f 5383 5384 5403
f 5384 5385 5405
f 5384 5405 5404
f 5385 5386 5406
f 5385 5406 5405
f 5386 5387 5407
f 5386 5407 5406
f 5387 5388 5408
f 5387 5408 5407
f 5388 5389 5409
f 5388 5409 5408
f 5389 5390 5410
f 5389 5410 5409
f 5390 5391 5411
f 5390 5411 5410
f 5391 5392 5412
f 5391 5412 5411
f 5392 5393 5413
f 5392 5413 5412
f 5393 5394 5414
f 5393 5414 5413
f 5394 5395 5415
f 5394 5415 5414
f 5395 5396 5416
f 5395 5416 5415
f 5396 5397 5417
f 5396 5417 5416
f 5397 5398 5418
f 5397 5418 5417
f 5398 5399 5419
f 5398 5419 5418
f 5399 5400 5420
f 5399 5420 5419
f 5400 5401 5421
f 5400 5421 5420
f 5401 5402 5422
f 5401 5422 5421
f 5402 5403 5423
f 5402 5423 5422
f 5403 5384 5404
f 5403 5404 5423
f 5404 5405 5425
f 5404 5425 5424
f 5405 5406 5426
f 5405 5426 5425
f 5406 5407 5427
f 5406 5427 5426
f 5407 5408 5428
f 5407 5428 5427
f 5408 5409 5429
f 5408 5429 5428
f 5409 5410 5430
f 5409 5430 5429
f 5410 5411 5431
f 5410 5431 5430
f 5411 5412 5432
f 5411 5432 5431
f 5412 5413 5433
f 5412 5433 5432
f 5413 5414 5434
f 5413 5434 5433
f 5414 5415 5435
f 5414 5435 5434
f 5415 5416 5436
f 5415 5436 5435
f 5416 5417 5437
f 5416 5437 5436
f 5417 5418 5438
f 5417 5438 5437
f 5418 5419 5439
f 5418 5439 5438
f 5419 5420 5440
f 5419 5440 5439
f 5420 5421 5441
f 5420 5441 5440
f 5421 5422 5442
f 5421 5442 5441
f 5422 5423 5443
f 5422 5443 5442
f 5423 5404 5424
f 5423 5424 5443
f 5424 5425 5445
f 5424 5445 5444
f 5425 5426 5446
f 5425 5446 5445
f 5426 5427 5447
f 5426 5447 5446
f 5427 5428 5448
f 5427 5448 5447
f 5428 5429 5449
f 5428 5449 5448
f 5429 5430 5450
f 5429 5450 5449
f 5430 5431 5451
f 5430 5451 5450
f 5431 5432 5452
f 5431 5452 5451
f 5432 5433 5453
f 5432 5453 5452
f 5433 5434 5454
f 5433 5454 5453
f 5434 5435 5455
f 5434 5455 5454
f 5435 5436 5456
f 5435 5456 5455
f 5436 5437 5457
f 5436 5457 5456
f 5437 5438 5458
f 5437 5458 5457
f 5438 5439 5459
f 5438 5459 5458
f 5439 5440 5460
f 5439 5460 5459
f 5440 5441 5461
f 5440 5461 5460
f 5441 5442 5462
f 5441 5462 5461
f 5442 5443 5463
f 5442 5463 5462
f 5443 5424 5444
f 5443 5444 5463
f 5444 5445 5465
f 5444 5465 5464
f 5445 5446 5466
f 5445 5466 5465
f 5446 5447 5467
f 5446 5467 5466
f 5447 5448 5468
f 5447 5468 5467
f 5448 5449 5469
f 5448 5469 5468
f 5449 5450 5470
f 5449 5470 5469
f 5450 5451 5471
f 5450 5471 5470
f 5451 5452 5472
f 5451 5472 5471
f 5452 5453 5473
f 5452 5473 5472
f 5453 5454 5474
f 5453 5474 5473
f 5454 5455 5475
f 5454 5475 5474
f 5455 5456 5476
f 5455 5476 5475
f 5456 5457 5477
f 5456 5477 5476
f 5457 5458 5478
f 5457 5478 5477
f 5458 5459 5479
f 5458 5479 5478
f 5459 5460 5480
f 5459 5480 5479
f 5460 5461 5481
f 5460 5481 5480
f 5461 5462 5482
f 5461 5482 5481
f 5462 5463 5483
f 5462 5483 5482
f 5463 5444 5464
f 5463 5464 5483
f 5464 5465 5485
f 5464 5485 5484
f 5465 5466 5486
f 5465 5486 5485
f 5466 5467 5487
f 5466 5487 5486
f 5467 5468 5488
f 5467 5488 5487
f 5468 5469 5489
f 5468 5489 5488
f 5469 5470 5490
f 5469 5490 5489
f 5470 5471 5491
f 5470 5491 5490
f 5471 5472 5492
f 5471 5492 5491
f 5472 5473 5493
f 5472 5493 5492
f 5473 5474 5494
f 5473 5494 5493
f 5474 5475 5495
f 5474 5495 5494
f 5475 5476 5496
f 5475 5496 5495
f 5476 5477 5497
f 5476 5497 5496
f 5477 5478 5498
f 5477 5498 5497
f 5478 5479 5499
f 5478 5499 5498
f 5479 5480 5500
f 5479 5500 5499
f 5480 5481 5501
f 5480 5501 5500
f 5481 5482 5502
f 5481 5502 5501
f 5482 5483 5503
f 5482 5503 5502
f 5483 5464 5484
f 5483 5484 5503
f 5484 5485 5505
f 5484 5505 5504
f 5485 5486 5506
f 5485 5506 5505
f 5486 5487 5507
f 5486 5507 5506
f 5487 5488 5508
f 5487 5508 5507
f 5488 5489 5509
f 5488 5509 5508
f 5489 5490 5510
f 5489 5510 5509
f 5490 5491 5511
f 5490 5511 5510
f 5491 5492 5512
f 5491 5512 5511
f 5492 5493 5513
f 5492 5513 5512
f 5493 5494 5514
f 5493 5514 5513
f 5494 5495 5515
f 5494 5515 5514
f 5495 5496 5516
f 5495 5516 5515
f 5496 5497 5517
f 5496 5517 5516
f 5497 5498 5518
f 5497 5518 5517
f 5498 5499 5519
f 5498 5519 5518
f 5499 5500 5520
f 5499 5520 5519
f 5500 5501 5521
f 5500 5521 5520
f 5501 5502 5522
f 5501 5522 5521
f 5502 5503 5523
f 5502 5523 5522
f 5503 5484 5504
f 5503 5504 5523
f 5504 5505 5525
f 5504 5525 5524
f 5505 5506 5526
f 5505 5526 5525
f 5506 5507 5527
f 5506 5527 5526
f 5507 5508 5528
f 5507 5528 5527
f 5508 5509 5529
f 5508 5529 5528
f 5509 5510 5530
f 5509 5530 5529
f 5510 5511 5531
f 5510 5531 5530
f 5511 5512 5532
f 5511 5532 5531
f 5512 5513 5533
f 5512 5533 5532
f 5513 5514 5534
f 5513 5534 5533
f 5514 5515 5535
f 5514 5535 5534
f 5515 5516 5536
f 5515 5536 5535
f 5516 5517 5537
f 5516 5537 5536
f 5517 5518 5538
f 5517 5538 5537
f 5518 5519 5539
f 5518 5539 5538
f 5519 5520 5540
f 5519 5540 5539
f 5520 5521 5541
f 5520 5541 5540
f 5521 5522 5542
f 5521 5542 5541
f 5522 5523 5543
f 5522 5543 5542
f 5523 5504 5524
f 5523 5524 5543
f 5524 5525 5545
f 5524 5545 5544
f 5525 5526 5546
f 5525 5546 5545
f 5526 5527 5547
f 5526 5547 5546
f 5527 5528 5548
f 5527 5548 5547
f 5528 5529 5549
f 5528 5549 5548
f 5529 5530 5550
f 5529 5550 5549
f 5530 5531 5551
f 5530 5551 5550
f 5531 5532 5552
f 5531 5552 5551
f 5532 5533 5553
f 5532 5553 5552
f 5533 5534 5554
f 5533 5554 5553
f 5534 5535 5555
f 5534 5555 5554
f 5535 5536 5556
f 5535 5556 5555
f 5536 5537 5557
f 5536 5557 5556
f 5537 5538 5558
f 5537 5558 5557
f 5538 5539 5559
f 5538 5559 5558
f 5539 5540 5560
f 5539 5560 5559
f 5540 5541 5561
f 5540 5561 5560
f 5541 5542 5562
f 5541 5562 5561
f 5542 5543 5563
f 5542 5563 5562
f 5543 5524 5544
f 5543 5544 5563
f 5544 5545 5565
f 5544 5565 5564
f 5545 5546 5566
f 5545 5566 5565
f 5546 5547 5567
f 5546 5567 5566
f 5547 5548 5568
f 5547 5568 5567
f 5548 5549 5569
f 5548 5569 5568
f 5549 5550 5570
f 5549 5570 5569
f 5550 5551 5571
f 5550 5571 5570
f 5551 5552 5572
f 5551 5572 5571
f 5552 5553 5573
f 5552 5573 5572
f 5553 5554 5574
f 5553 5574 5573
f 5554 5555 5575
f 5554 5575 5574
f 5555 5556 5576
f 5555 5576 5575
f 5556 5557 5577
f 5556 5577 5576
f 5557 5558 5578
f 5557 5578 5577
f 5558 5559 5579
f 5558 5579 5578
f 5559 5560 5580
f 5559 5580 5579
f 5560 5561 5581
f 5560 5581 5580
f 5561 5562 5582
f 5561 5582 5581
f 5562 5563 5583
f 5562 5583 5582
f 5563 5544 5564
f 5563 5564 5583
f 5564 5565 5585
f 5564 5585 5584
f 5565 5566 5586
f 5565 5586 5585
f 5566 5567 5587
f 5566 5587 5586
f 5567 5568 5588
f 5567 5588 5587
f 5568 5569 5589
f 5568 5589 5588
f 5569 5570 5590
f 5569 5590 5589
f 5570 5571 5591
f 5570 5591 5590
f 5571 5572 5592
f 5571 5592 5591
f 5572 5573 5593
f 5572 5593 5592
f 5573 5574 5594
f 5573 5594 5593
f 5574 5575 5595
f 5574 5595 5594
f 5575 5576 5596
f 5575 5596 5595
f 5576 5577 5597
f 5576 5597 5596
f 5577 5578 5598
f 5577 5598 5597
f 5578 5579 5599
f 5578 5599 5598
f 5579 5580 5600
f 5579 5600 5599
f 5580 5581 5601
f 5580 5601 5600
f 5581 5582 5602
f 5581 5602 5601
f 5582 5583 5603
f 5582 5603 5602
f 5583 5564 5584
f 5583 5584 5603
f 5584 5585 5605
f 5584 5605 5604
f 5585 5586 5606
f 5585 5606 5605
f 5586 5587 5607
f 5586 5607 5606
f 5587 5588 5608
f 5587 5608 5607
f 5588 5589 5609
f 5588 5609 5608
f 5589 5590 5610
f 5589 5610 5609
f 5590 5591 5611
f 5590 5611 5610
f 5591 5592 5612
f 5591 5612 5611
f 5592 5593 5613
f 5592 5613 5612
f 5593 5594 5614
f 5593 5614 5613
f 5594 5595 5615
f 5594 5615 5614
f 5595 5596 5616
f 5595 5616 5615
f 5596 5597 5617
f 5596 5617 5616
f 5597 5598 5618
f 5597 5618 5617
f 5598 5599 5619
f 5598 5619 5618
f 5599 5600 5620
f 5599 5620 5619
f 5600 5601 5621
f 5600 5621 5620
f 5601 5602 5622
f 5601 5622 5621
f 5602 5603 5623
f 5602 5623 5622
f 5603 5584 5604
f 5603 5604 5623
f 5604 5605 5625
f 5604 5625 5624
f 5605 5606 5626
f 5605 5626 5625
f 5606 5607 5627
f 5606 5627 5626
f 5607 5608 5628
f 5607 5628 5627
f 5608 5609 5629
f 5608 5629 5628
f 5609 5610 5630
f 5609 5630 5629
f 5610 5611 5631
f 5610 5631 5630
f 5611 5612 5632
f 5611 5632 5631
f 5612 5613 5633
f 5612 5633 5632
f 5613 5614 5634
f 5613 5634 5633
f 5614 5615 5635
f 5614 5635 5634
f 5615 5616 5636
f 5615 5636 5635
f 5616 5617 5637
f 5616 5637 5636
f 5617 5618 5638
f 5617 5638 5637
f 5618 5619 5639
f 5618 5639 5638
f 5619 5620 5640
f 5619 5640 5639
f 5620 5621 5641
f 5620 5641 5640
f 5621 5622 5642
f 5621 5642 5641
f 5622 5623 5643
f 5622 5643 5642
f 5623 5604 5624
f 5623 5624 5643
f 5624 5625 5645
f 5624 5645 5644
f 5625 5626 5646
f 5625 5646 5645
f 5626 5627 5647
f 5626 5647 5646
f 5627 5628 5648
f 5627 5648 5647
f 5628 5629 5649
f 5628 5649 5648
f 5629 5630 5650
f 5629 5650 5649
f 5630 5631 5651
f 5630 5651 5650
f 5631 5632 5652
f 5631 5652 5651
f 5632 5633 5653
f 5632 5653 5652
f 5633 5634 5654
f 5633 5654 5653
f 5634 5635 5655
f 5634 5655 5654
f 5635 5636 5656
f 5635 5656 5655
f 5636 5637 5657
f 5636 5657 5656
f 5637 5638 5658
f 5637 5658 5657
f 5638 5639 5659
f 5638 5659 5658
f 5639 5640 5660
f 5639 5660 5659
f 5640 5641 5661
f 5640 5661 5660
f 5641 5642 5662
f 5641 5662 5661
f 5642 5643 5663
f 5642 5663 5662
f 5643 5624 5644
f 5643 5644 5663
f 5644 5645 5665
f 5644 5665 5664
f 5645 5646 5666
f 5645 5666 5665
f 5646 5647 5667
f 5646 5667 5666
f 5647 5648 5668
f 5647 5668 5667
f 5648 5649 5669
f 5648 5669 5668
f 5649 5650 5670
f 5649 5670 5669
f 5650 5651 5671
f 5650 5671 5670
f 5651 5652 5672
f 5651 5672 5671
f 5652 5653 5673
f 5652 5673 5672
f 5653 5654 5674
f 5653 5674 5673
f 5654 5655 5675
f 5654 5675 5674
f 5655 5656 5676
f 5655 5676 5675
f 5656 5657 5677
f 5656 5677 5676
f 5657 5658 5678
f 5657 5678 5677
f 5658 5659 5679
f 5658 5679 5678
f 5659 5660 5680
f 5659 5680 5679
f 5660 5661 5681
f 5660 5681 5680
f 5661 5662 5682
f 5661 5682 5681
f 5662 5663 5683
f 5662 5683 5682
f 5663 5644 5664
f 5663 5664 5683
f 5664 5665 5685
f 5664 5685 5684
f 5665 5666 5686
f 5665 5686 5685
f 5666 5667 5687
f 5666 5687 5686
f 5667 5668 5688
f 5667 5688 5687
f 5668 5669 5689
f 5668 5689 5688
f 5669 5670 5690
f 5669 5690 5689
f 5670 5671 5691
f 5670 5691 5690
f 5671 5672 5692
f 5671 5692 5691
f 5672 5673 5693
f 5672 5693 5692
f 5673 5674 5694
f 5673 5694 5693
f 5674 5675 5695
f 5674 5695 5694
f 5675 5676 5696
f 5675 5696 5695
f 5676 5677 5697
f 5676 5697 5696
f 5677 5678 5698
f 5677 5698 5697
f 5678 5679 5699
f 5678 5699 5698
f 5679 5680 5700
f 5679 5700 5699
f 5680 5681 5701
f 5680 5701 5700
f 5681 5682 5702
f 5681 5702 5701
f 5682 5683 5703
f 5682 5703 5702
f 5683 5664 5684
f 5683 5684 5703
f 5684 5685 5705
f 5684 5705 5704
f 5685 5686 5706
f 5685 5706 5705
f 5686 5687 5707
f 5686 5707 5706
f 5687 5688 5708
f 5687 5708 5707
f 5688 5689 5709
f 5688 5709 5708
f 5689 5690 5710
f 5689 5710 5709
f 5690 5691 5711
f 5690 5711 5710
f 5691 5692 5712
f 5691 5712 5711
f 5692 5693 5713
f 5692 5713 5712
f 5693 5694 5714
f 5693 5714 5713
f 5694 5695 5715
f 5694 5715 5714
f 5695 5696 5716
f 5695 5716 5715
f 5696 5697 5717
f 5696 5717 5716
f 5697 5698 5718
f 5697 5718 5717
f 5698 5699 5719
f 5698 5719 5718
f 5699 5700 5720
f 5699 5720 5719
f 5700 5701 5721
f 5700 5721 5720
f 5701 5702 5722
f 5701 5722 5721
f 5702 5703 5723
f 5702 5723 5722
f 5703 5684 5704
f 5703 5704 5723
f 5704 5705 5725
f 5704 5725 5724
f 5705 5706 5726
f 5705 5726 5725
f 5706 5707 5727
f 5706 5727 5726
f 5707 5708 5728
f 5707 5728 5727
f 5708 5709 5729
f 5708 5729 5728
f 5709 5710 5730
f 5709 5730 5729
f 5710 5711 5731
f 5710 5731 5730
f 5711 5712 5732
f 5711 5732 5731
f 5712 5713 5733
f 5712 5733 5732
f 5713 5714 5734
f 5713 5734 5733
f 5714 5715 5735
f 5714 5735 5734
f 5715 5716 5736
f 5715 5736 5735
f 5716 5717 5737
f 5716 5737 5736
f 5717 5718 5738
f 5717 5738 5737
f 5718 5719 5739
f 5718 5739 5738
f 5719 5720 5740
f 5719 5740 5739
f 5720 5721 5741
f 5720 5741 5740
f 5721 5722 5742
f 5721 5742 5741
f 5722 5723 5743
f 5722 5743 5742
f 5723 5704 5724
f 5723 5724 5743
f 5724 5725 5745
f 5724 5745 5744
f 5725 5726 5746
f 5725 5746 5745
f 5726 5727 5747
f 5726 5747 5746
f 5727 5728 5748
f 5727 5748 5747
f 5728 5729 5749
f 5728 5749 5748
f 5729 5730 5750
f 5729 5750 5749
f 5730 5731 5751
f 5730 5751 5750
f 5731 5732 5752
f 5731 5752 5751
f 5732 5733 5753
f 5732 5753 5752
f 5733 5734 5754
f 5733 5754 5753
f 5734 5735 5755
f 5734 5755 5754
f 5735 5736 5756
f 5735 5756 5755
f 5736 5737 5757
f 5736 5757 5756
f 5737 5738 5758
f 5737 5758 5757
f 5738 5739 5759
f 5738 5759 5758
f 5739 5740 5760
f 5739 5760 5759
f 5740 5741 5761
f 5740 5761 5760
f 5741 5742 5762
f 5741 5762 5761
f 5742 5743 5763
f 5742 5763 5762
f 5743 5724 5744
f 5743 5744 5763
f 5744 5745 5765
f 5744 5765 5764
f 5745 5746 5766
f 5745 5766 5765
f 5746 5747 5767
f 5746 5767 5766
f 5747 5748 5768
f 5747 5768 5767
f 5748 5749 5769
f 5748 5769 5768
f 5749 5750 5770
f 5749 5770 5769
f 5750 5751 5771
f 5750 5771 5770
f 5751 5752 5772
f 5751 5772 5771
f 5752 5753 5773
f 5752 5773 5772
f 5753 5754 5774
f 5753 5774 5773
f 5754 5755 5775
f 5754 5775 5774
f 5755 5756 5776
f 5755 5776 5775
f 5756 5757 5777
f 5756 5777 5776
f 5757 5758 5778
f 5757 5778 5777
f 5758 5759 5779
f 5758 5779 5778
f 5759 5760 5780
f 5759 5780 5779
f 5760 5761 5781
f 5760 5781 5780
f 5761 5762 5782
f 5761 5782 5781
f 5762 5763 5783
f 5762 5783 5782
f 5763 5744 5764
f 5763 5764 5783
f 5764 5765 5785
f 5764 5785 5784
f 5765 5766 5786
f 5765 5786 5785
f 5766 5767 5787
f 5766 5787 5786
f 5767 5768 5788
f 5767 5788 5787
f 5768 5769 5789
f 5768 5789 5788
f 5769 5770 5790
f 5769 5790 5789
f 5770 5771 5791
f 5770 5791 5790
f 5771 5772 5792
f 5771 5792 5791
f 5772 5773 5793
f 5772 5793 5792
f 5773 5774 5794
f 5773 5794 5793
f 5774 5775 5795
f 5774 5795 5794
f 5775 5776 5796
f 5775 5796 5795
f 5776 5777 5797
f 5776 5797 5796
f 5777 5778 5798
f 5777 5798 5797
f 5778 5779 5799
f 5778 5799 5798
f 5779 5780 5800
f 5779 5800 5799
f 5780 5781 5801
f 5780 5801 5800
f 5781 5782 5802
f 5781 5802 5801
f 5782 5783 5803
f 5782 5803 5802
f 5783 5764 5784
f 5783 5784 5803
f 5784 5785 5805
f 5784 5805 5804
f 5785 5786 5806
f 5785 5806 5805
f 5786 5787 5807
f 5786 5807 5806
f 5787 5788 5808
f 5787 5808 5807
f 5788 5789 5809
f 5788 5809 5808
f 5789 5790 5810
f 5789 5810 5809
f 5790 5791 5811
f 5790 5811 5810
f 5791 5792 5812
f 5791 5812 5811
f 5792 5793 5813
f 5792 5813 5812
f 5793 5794 5814
f 5793 5814 5813
f 5794 5795 5815
f 5794 5815 5814
f 5795 5796 5816
f 5795 5816 5815
f 5796 5797 5817
f 5796 5817 5816
f 5797 5798 5818
f 5797 5818 5817
f 5798 5799 5819
f 5798 5819 5818
f 5799 5800 5820
f 5799 5820 5819
f 5800 5801 5821
f 5800 5821 5820
f 5801 5802 5822
f 5801 5822 5821
f 5802 5803 5823
f 5802 5823 5822
f 5803 5784 5804
f 5803 5804 5823
f 5804 5805 5825
f 5804 5825 5824
f 5805 5806 5826
f 5805 5826 5825
f 5806 5807 5827
f 5806 5827 5826
f 5807 5808 5828
f 5807 5828 5827
f 5808 5809 5829
f 5808 5829 5828
f 5809 5810 5830
f 5809 5830 5829
f 5810 5811 5831
f 5810 5831 5830
f 5811 5812 5832
f 5811 5832 5831
f 5812 5813 5833
f 5812 5833 5832
f 5813 5814 5834
f 5813 5834 5833
f 5814 5815 5835
f 5814 5835 5834
f 5815 5816 5836
f 5815 5836 5835
f 5816 5817 5837
f 5816 5837 5836
f 5817 5818 5838
f 5817 5838 5837
f 5818 5819 5839
f 5818 5839 5838
f 5819 5820 5840
f 5819 5840 5839
f 5820 5821 5841
f 5820 5841 5840
f 5821 5822 5842
f 5821 5842 5841
f 5822 5823 5843
f 5822 5843 5842
f 5823 5804 5824
f 5823 5824 5843
f 5824 5825 5845
f 5824 5845 5844
f 5825 5826 5846
f 5825 5846 5845
f 5826 5827 5847
f 5826 5847 5846
f 5827 5828 5848
f 5827 5848 5847
f 5828 5829 5849
f 5828 5849 5848
f 5829 5830 5850
f 5829 5850 5849
f 5830 5831 5851
f 5830 5851 5850
f 5831 5832 5852
f 5831 5852 5851
f 5832 5833 5853
f 5832 5853 5852
f 5833 5834 5854
f 5833 5854 5853
f 5834 5835 5855
f 5834 5855 5854
f 5835 5836 5856
f 5835 5856 5855
f 5836 5837 5857
f 5836 5857 5856
f 5837 5838 5858
f 5837 5858 5857
f 5838 5839 5859
f 5838 5859 5858
f 5839 5840 5860
f 5839 5860 5859
f 5840 5841 5861
f 5840 5861 5860
f 5841 5842 5862
f 5841 5862 5861
f 5842 5843 5863
f 5842 5863 5862
f 5843 5824 5844
f 5843 5844 5863
f 5844 5845 5865
f 5844 5865 5864
f 5845 5846 5866
f 5845 5866 5865
f 5846 5847 5867
f 5846 5867 5866
f 5847 5848 5868
f 5847 5868 5867
f 5848 5849 5869
f 5848 5869 5868
f 5849 5850 5870
f 5849 5870 5869
f 5850 5851 5871
f 5850 5871 5870
f 5851 5852 5872
f 5851 5872 5871
f 5852 5853 5873
f 5852 5873 5872
f 5853 5854 5874
f 5853 5874 5873
f 5854 5855 5875
f 5854 5875 5874
f 5855 5856 5876
f 5855 5876 5875
f 5856 5857 5877
f 5856 5877 5876
f 5857 5858 5878
f 5857 5878 5877
f 5858 5859 5879
f 5858 5879 5878
f 5859 5860 5880
f 5859 5880 5879
f 5860 5861 5881
f 5860 5881 5880
f 5861 5862 5882
f 5861 5882 5881
f 5862 5863 5883
f 5862 5883 5882
f 5863 5844 5864
f 5863 5864 5883
f 5864 5865 5885
f 5864 5885 5884
f 5865 5866 5886
f 5865 5886 5885
f 5866 5867 5887
f 5866 5887 5886
f 5867 5868 5888
f 5867 5888 5887
f 5868 5869 5889
f 5868 5889 5888
f 5869 5870 5890
f 5869 5890 5889
f 5870 5871 5891
f 5870 5891 5890
f 5871 5872 5892
f 5871 5892 5891
f 5872 5873 5893
f 5872 5893 5892
f 5873 5874 5894
f 5873 5894 5893
f 5874 5875 5895
f 5874 5895 5894
f 5875 5876 5896
f 5875 5896 5895
f 5876 5877 5897
f 5876 5897 5896
f 5877 5878 5898
f 5877 5898 5897
f 5878 5879 5899
f 5878 5899 5898
f 5879 5880 5900
f 5879 5900 5899
f 5880 5881 5901
f 5880 5901 5900
f 5881 5882 5902
f 5881 5902 5901
f 5882 5883 5903
f 5882 5903 5902
f 5883 5864 5884
f 5883 5884 5903
f 5884 5885 5905
f 5884 5905 5904
f 5885 5886 5906
f 5885 5906 5905
f 5886 5887 5907
f 5886 5907 5906
f 5887 5888 5908
f 5887 5908 5907
f 5888 5889 5909
f 5888 5909 5908
f 5889 5890 5910
f 5889 5910 5909
f 5890 5891 5911
f 5890 5911 5910
f 5891 5892 5912
f 5891 5912 5911
f 5892 5893 5913
f 5892 5913 5912
f 5893 5894 5914
f 5893 5914 5913
f 5894 5895 5915
f 5894 5915 5914
f 5895 5896 5916
f 5895 5916 5915
f 5896 5897 5917
f 5896 5917 5916
f 5897 5898 5918
f 5897 5918 5917
f 5898 5899 5919
f 5898 5919 5918
f 5899 5900 5920
f 5899 5920 5919
f 5900 5901 5921
f 5900 5921 5920
f 5901 5902 5922
f 5901 5922 5921
f 5902 5903 5923
f 5902 5923 5922
f 5903 5884 5904
f 5903 5904 5923
f 5904 5905 5925
f 5904 5925 5924
f 5905 5906 5926
f 5905 5926 5925
f 5906 5907 5927
f 5906 5927 5926
f 5907 5908 5928
f 5907 5928 5927
f 5908 5909 5929
f 5908 5929 5928
f 5909 5910 5930
f 5909 5930 5929
f 5910 5911 5931
f 5910 5931 5930
f 5911 5912 5932
f 5911 5932 5931
f 5912 5913 5933
f 5912 5933 5932
f 5913 5914 5934
f 5913 5934 5933
f 5914 5915 5935
f 5914 5935 5934
f 5915 5916 5936
f 5915 5936 5935
f 5916 5917 5937
f 5916 5937 5936
f 5917 5918 5938
f 5917 5938 5937
f 5918 5919 5939
f 5918 5939 5938
f 5919 5920 5940
f 5919 5940 5939
f 5920 5921 5941
f 5920 5941 5940
f 5921 5922 5942
f 5921 5942 5941
f 5922 5923 5943
f 5922 5943 5942
f 5923 5904 5924
f 5923 5924 5943
f 5924 5925 5945
f 5924 5945 5944
f 5925 5926 5946
f 5925 5946 5945
f 5926 5927 5947
f 5926 5947 5946
f 5927 5928 5948
f 5927 5948 5947
f 5928 5929 5949
f 5928 5949 5948
f 5929 5930 5950
f 5929 5950 5949
f 5930 5931 5951
f 5930 5951 5950
f 5931 5932 5952
f 5931 5952 5951
f 5932 5933 5953
f 5932 5953 5952
f 5933 5934 5954
f 5933 5954 5953
f 5934 5935 5955
f 5934 5955 5954
f 5935 5936 5956
f 5935 5956 5955
f 5936 5937 5957
f 5936 5957 5956
f 5937 5938 5958
f 5937 5958 5957
f 5938 5939 5959
f 5938 5959 5958
f 5939 5940 5960
f 5939 5960 5959
f 5940 5941 5961
f 5940 5961 5960
f 5941 5942 5962
f 5941 5962 5961
f 5942 5943 5963
f 5942 5963 5962
f 5943 5924 5944
f 5943 5944 5963
f 5944 5945 5965
f 5944 5965 5964
f 5945 5946 5966
f 5945 5966 5965
f 5946 5947 5967
f 5946 5967 5966
f 5947 5948 5968
f 5947 5968 5967
f 5948 5949 5969
f 5948 5969 5968
f 5949 5950 5970
f 5949 5970 5969
f 5950 5951 5971
f 5950 5971 5970
f 5951 5952 5972
f 5951 5972 5971
f 5952 5953 5973
f 5952 5973 5972
f 5953 5954 5974
f 5953 5974 5973
f 5954 5955 5975
f 5954 5975 5974
f 5955 5956 5976
f 5955 5976 5975
f 5956 5957 5977
f 5956 5977 5976
f 5957 5958 5978
f 5957 5978 5977
f 5958 5959 5979
f 5958 5979 5978
f 5959 5960 5980
f 5959 5980 5979
f 5960 5961 5981
f 5960 5981 5980
f 5961 5962 5982
f 5961 5982 5981
f 5962 5963 5983
f 5962 5983 5982
f 5963 5944 5964
f 5963 5964 5983
f 5964 5965 5985
f 5964 5985 5984
f 5965 5966 5986
f 5965 5986 5985
f 5966 5967 5987
f 5966 5987 5986
f 5967 5968 5988
f 5967 5988 5987
f 5968 5969 5989
f 5968 5989 5988
f 5969 5970 5990
f 5969 5990 5989
f 5970 5971 5991
f 5970 5991 5990
f 5971 5972 5992
f 5971 5992 5991
f 5972 5973 5993
f 5972 5993 5992
f 5973 5974 5994
f 5973 5994 5993
f 5974 5975 5995
f 5974 5995 5994
f 5975 5976 5996
f 5975 5996 5995
f 5976 5977 5997
f 5976 5997 5996
f 5977 5978 5998
f 5977 5998 5997
f 5978 5979 5999
f 5978 5999 5998
f 5979 5980 6000
f 5979 6000 5999
f 5980 5981 6001
f 5980 6001 6000
f 5981 5982 6002
f 5981 6002 6001
f 5982 5983 6003
f 5982 6003 6002
f 5983 5964 5984
f 5983 5984 6003
f 5984 5985 6005
f 5984 6005 6004
f 5985 5986 6006
f 5985 6006 6005
f 5986 5987 6007
f 5986 6007 6006
f 5987 5988 6008
f 5987 6008 6007
f 5988 5989 6009
f 5988 6009 6008
f 5989 5990 6010
f 5989 6010 6009
f 5990 5991 6011
f 5990 6011 6010
f 5991 5992 6012
f 5991 6012 6011
f 5992 5993 6013
f 5992 6013 6012
f 5993 5994 6014
f 5993 6014 6013
f 5994 5995 6015
f 5994 6015 6014
f 5995 5996 6016
f 5995 6016 6015
f 5996 5997 6017
f 5996 6017 6016
f 5997 5998 6018
f 5997 6018 6017
f 5998 5999 6019
f 5998 6019 6018
f 5999 6000 6020
f 5999 6020 6019
f 6000 6001 6021
f 6000 6021 6020
f 6001 6002 6022
f 6001 6022 6021
f 6002 6003 6023
f 6002 6023 6022
f 6003 5984 6004
f 6003 6004 6023
f 6004 6005 6025
f 6004 6025 6024
f 6005 6006 6026
f 6005 6026 6025
f 6006 6007 6027
f 6006 6027 6026
f 6007 6008 6028
f 6007 6028 6027
f 6008 6009 6029
f 6008 6029 6028
f 6009 6010 6030
f 6009 6030 6029
f 6010 6011 6031
f 6010 6031 6030
f 6011 6012 6032
f 6011 6032 6031
f 6012 6013 6033
f 6012 6033 6032
f 6013 6014 6034
f 6013 6034 6033
f 6014 6015 6035
f 6014 6035 6034
f 6015 6016 6036
f 6015 6036 6035
f 6016 6017 6037
f 6016 6037 6036
f 6017 6018 6038
f 6017 6038 6037
f 6018 6019 6039
f 6018 6039 6038
f 6019 6020 6040
f 6019 6040 6039
f 6020 6021 6041
f 6020 6041 6040
f 6021 6022 6042
f 6021 6042 6041
f 6022 6023 6043
f 6022 6043 6042
f 6023 6004 6024
f 6023 6024 6043
f 6024 6025 6045
f 6024 6045 6044
f 6025 6026 6046
f 6025 6046 6045
f 6026 6027 6047
f 6026 6047 6046
f 6027 6028 6048
f 6027 6048 6047
f 6028 6029 6049
f 6028 6049 6048
f 6029 6030 6050
f 6029 6050 6049
f 6030 6031 6051
f 6030 6051 6050
f 6031 6032 6052
f 6031 6052 6051
f 6032 6033 6053
f 6032 6053 6052
f 6033 6034 6054
f 6033 6054 6053
f 6034 6035 6055
f 6034 6055 6054
f 6035 6036 6056
f 6035 6056 6055
f 6036 6037 6057
f 6036 6057 6056
f 6037 6038 6058
f 6037 6058 6057
f 6038 6039 6059
f 6038 6059 6058
f 6039 6040 6060
f 6039 6060 6059
f 6040 6041 6061
f 6040 6061 6060
f 6041 6042 6062
f 6041 6062 6061
f 6042 6043 6063
f 6042 6063 6062
f 6043 6024 6044
f 6043 6044 6063
f 6044 6045 6065
f 6044 6065 6064
f 6045 6046 6066
f 6045 6066 6065
f 6046 6047 6067
f 6046 6067 6066
f 6047 6048 6068
f 6047 6068 6067
f 6048 6049 6069
f 6048 6069 6068
f 6049 6050 6070
f 6049 6070 6069
f 6050 6051 6071
f 6050 6071 6070
f 6051 6052 6072
f 6051 6072 6071
f 6052 6053 6073
f 6052 6073 6072
f 6053 6054 6074
f 6053 6074 6073
f 6054 6055 6075
f 6054 6075 6074
f 6055 6056 6076
f 6055 6076 6075
f 6056 6057 6077
f 6056 6077 6076
f 6057 6058 6078
f 6057 6078 6077
f 6058 6059 6079
f 6058 6079 6078
f 6059 6060 6080
f 6059 6080 6079
f 6060 6061 6081
f 6060 6081 6080
f 6061 6062 6082
f 6061 6082 6081
f 6062 6063 6083
f 6062 6083 6082
f 6063 6044 6064
f 6063 6064 6083
f 6064 6065 6085
f 6064 6085 6084
f 6065 6066 6086
f 6065 6086 6085
f 6066 6067 6087
f 6066 6087 6086
f 6067 6068 6088
f 6067 6088 6087
f 6068 6069 6089
f 6068 6089 6088
f 6069 6070 6090
f 6069 6090 6089
f 6070 6071 6091
f 6070 6091 6090
f 6071 6072 6092
f 6071 6092 6091
f 6072 6073 6093
f 6072 6093 6092
f 6073 6074 6094
f 6073 6094 6093
f 6074 6075 6095
f 6074 6095 6094
f 6075 6076 6096
f 6075 6096 6095
f 6076 6077 6097
f 6076 6097 6096
f 6077 6078 6098
f 6077 6098 6097
f 6078 6079 6099
f 6078 6099 6098
f 6079 6080 6100
f 6079 6100 6099
f 6080 6081 6101
f 6080 6101 6100
f 6081 6082 6102
f 6081 6102 6101
f 6082 6083 6103
f 6082 6103 6102
f 6083 6064 6084
f 6083 6084 6103
f 6084 6085 6105
f 6084 6105 6104
f 6085 6086 6106
f 6085 6106 6105
f 6086 6087 6107
f 6086 6107 6106
f 6087 6088 6108
f 6087 6108 6107
f 6088 6089 6109
f 6088 6109 6108
f 6089 6090 6110
f 6089 6110 6109
f 6090 6091 6111
f 6090 6111 6110
f 6091 6092 6112
f 6091 6112 6111
f 6092 6093 6113
f 6092 6113 6112
f 6093 6094 6114
f 6093 6114 6113
f 6094 6095 6115
f 6094 6115 6114
f 6095 6096 6116
f 6095 6116 6115
f 6096 6097 6117
f 6096 6117 6116
f 6097 6098 6118
f 6097 6118 6117
f 6098 6099 6119
f 6098 6119 6118
f 6099 6100 6120
f 6099 6120 6119
f 6100 6101 6121
f 6100 6121 6120
f 6101 6102 6122
f 6101 6122 6121
f 6102 6103 6123
f 6102 6123 6122
f 6103 6084 6104
f 6103 6104 6123
f 6104 6105 6125
f 6104 6125 6124
f 6105 6106 6126
f 6105 6126 6125
f 6106 6107 6127
f 6106 6127 6126
f 6107 6108 6128
f 6107 6128 6127
f 6108 6109 6129
f 6108 6129 6128
f 6109 6110 6130
f 6109 6130 6129
f 6110 6111 6131
f 6110 6131 6130
f 6111 6112 6132
f 6111 6132 6131
f 6112 6113 6133
f 6112 6133 6132
f 6113 6114 6134
f 6113 6134 6133
f 6114 6115 6135
f 6114 6135 6134
f 6115 6116 6136
f 6115 6136 6135
f 6116 6117 6137
f 6116 6137 6136
f 6117 6118 6138
f 6117 6138 6137
f 6118 6119 6139
f 6118 6139 6138
f 6119 6120 6140
f 6119 6140 6139
f 6120 6121 6141
f 6120 6141 6140
f 6121 6122 6142
f 6121 6142 6141
f 6122 6123 6143
f 6122 6143 6142
f 6123 6104 6124
f 6123 6124 6143
f 6124 6125 6145
f 6124 6145 6144
f 6125 6126 6146
f 6125 6146 6145
f 6126 6127 6147
f 6126 6147 6146
f 6127 6128 6148
f 6127 6148 6147
f 6128 6129 6149
f 6128 6149 6148
f 6129 6130 6150
f 6129 6150 6149
f 6130 6131 6151
f 6130 6151 6150
f 6131 6132 6152
f 6131 6152 6151
f 6132 6133 6153
f 6132 6153 6152
f 6133 6134 6154
f 6133 6154 6153
f 6134 6135 6155
f 6134 6155 6154
f 6135 6136 6156
f 6135 6156 6155
f 6136 6137 6157
f 6136 6157 6156
f 6137 6138 6158
f 6137 6158 6157
f 6138 6139 6159
f 6138 6159 6158
f 6139 6140 6160
f 6139 6160 6159
f 6140 6141 6161
f 6140 6161 6160
f 6141 6142 6162
f 6141 6162 6161
f 6142 6143 6163
f 6142 6163 6162
f 6143 6124 6144
f 6143 6144 6163
f 6144 6145 6165
f 6144 6165 6164
f 6145 6146 6166
f 6145 6166 6165
f 6146 6147 6167
f 6146 6167 6166
f 6147 6148 6168
f 6147 6168 6167
f 6148 6149 6169
f 6148 6169 6168
f 6149 6150 6170
f 6149 6170 6169
f 6150 6151 6171
f 6150 6171 6170
f 6151 6152 6172
f 6151 6172 6171
f 6152 6153 6173
f 6152 6173 6172
f 6153 6154 6174
f 6153 6174 6173
f 6154 6155 6175
f 6154 6175 6174
f 6155 6156 6176
f 6155 6176 6175
f 6156 6157 6177
f 6156 6177 6176
f 6157 6158 6178
f 6157 6178 6177
f 6158 6159 6179
f 6158 6179 6178
f 6159 6160 6180
f 6159 6180 6179
f 6160 6161 6181
f 6160 6181 6180
f 6161 6162 6182
f 6161 6182 6181
f 6162 6163 6183
f 6162 6183 6182
f 6163 6144 6164
f 6163 6164 6183
f 6164 6165 6185
f 6164 6185 6184
f 6165 6166 6186
f 6165 6186 6185
f 6166 6167 6187
f 6166 6187 6186
f 6167 6168 6188
f 6167 6188 6187
f 6168 6169 6189
f 6168 6189 6188
f 6169 6170 6190
f 6169 6190 6189
f 6170 6171 6191
f 6170 6191 6190
f 6171 6172 6192
f 6171 6192 6191
f 6172 6173 6193
f 6172 6193 6192
f 6173 6174 6194
f 6173 6194 6193
f 6174 6175 6195
f 6174 6195 6194
f 6175 6176 6196
f 6175 6196 6195
f 6176 6177 6197
f 6176 6197 6196
f 6177 6178 6198
f 6177 6198 6197
f 6178 6179 6199
f 6178 6199 6198
f 6179 6180 6200
f 6179 6200 6199
f 6180 6181 6201
f 6180 6201 6200
f 6181 6182 6202
f 6181 6202 6201
f 6182 6183 6203
f 6182 6203 6202
f 6183 6164 6184
f 6183 6184 6203
f 6184 6185 6205
f 6184 6205 6204
f 6185 6186 6206
f 6185 6206 6205
f 6186 6187 6207
f 6186 6207 6206
f 6187 6188 6208
f 6187 6208 6207
f 6188 6189 6209
f 6188 6209 6208
f 6189 6190 6210
f 6189 6210 6209
f 6190 6191 6211
f 6190 6211 6210
f 6191 6192 6212
f 6191 6212 6211
f 6192 6193 6213
f 6192 6213 6212
f 6193 6194 6214
f 6193 6214 6213
f 6194 6195 6215
f 6194 6215 6214
f 6195 6196 6216
f 6195 6216 6215
f 6196 6197 6217
f 6196 6217 6216
f 6197 6198 6218
f 6197 6218 6217
f 6198 6199 6219
f 6198 6219 6218
f 6199 6200 6220
f 6199 6220 6219
f 6200 6201 6221
f 6200 6221 6220
f 6201 6202 6222
f 6201 6222 6221
f 6202 6203 6223
f 6202 6223 6222
f 6203 6184 6204
f 6203 6204 6223
f 6204 6205 6225
f 6204 6225 6224
f 6205 6206 6226
f 6205 6226 6225
f 6206 6207 6227
f 6206 6227 6226
f 6207 6208 6228
f 6207 6228 6227
f 6208 6209 6229
f 6208 6229 6228
f 6209 6210 6230
f 6209 6230 6229
f 6210 6211 6231
f 6210 6231 6230
f 6211 6212 6232
f 6211 6232 6231
f 6212 6213 6233
f 6212 6233 6232
f 6213 6214 6234
f 6213 6234 6233
f 6214 6215 6235
f 6214 6235 6234
f 6215 6216 6236
f 6215 6236 6235
f 6216 6217 6237
f 6216 6237 6236
f 6217 6218 6238
f 6217 6238 6237
f 6218 6219 6239
f 6218 6239 6238
f 6219 6220 6240
f 6219 6240 6239
f 6220 6221 6241
f 6220 6241 6240
f 6221 6222 6242
f 6221 6242 6241
f 6222 6223 6243
f 6222 6243 6242
f 6223 6204 6224
f 6223 6224 6243
f 6224 6225 6245
f 6224 6245 6244
f 6225 6226 6246
f 6225 6246 6245
f 6226 6227 6247
f 6226 6247 6246
f 6227 6228 6248
f 6227 6248 6247
f 6228 6229 6249
f 6228 6249 6248
f 6229 6230 6250
f 6229 6250 6249
f 6230 6231 6251
f 6230 6251 6250
f 6231 6232 6252
f 6231 6252 6251
f 6232 6233 6253
f 6232 6253 6252
f 6233 6234 6254
f 6233 6254 6253
f 6234 6235 6255
f 6234 6255 6254
f 6235 6236 6256
f 6235 6256 6255
f 6236 6237 6257
f 6236 6257 6256
f 6237 6238 6258
f 6237 6258 6257
f 6238 6239 6259
f 6238 6259 6258
f 6239 6240 6260
f 6239 6260 6259
f 6240 6241 6261
f 6240 6261 6260
f 6241 6242 6262
f 6241 6262 6261
f 6242 6243 6263
f 6242 6263 6262
f 6243 6224 6244
f 6243 6244 6263
f 6244 6245 6265
f 6244 6265 6264
f 6245 6246 6266
f 6245 6266 6265
f 6246 6247 6267
f 6246 6267 6266
f 6247 6248 6268
f 6247 6268 6267
f 6248 6249 6269
f 6248 6269 6268
f 6249 6250 6270
f 6249 6270 6269
f 6250 6251 6271
f 6250 6271 6270
f 6251 6252 6272
f 6251 6272 6271
f 6252 6253 6273
f 6252 6273 6272
f 6253 6254 6274
f 6253 6274 6273
f 6254 6255 6275
f 6254 6275 6274
f 6255 6256 6276
f 6255 6276 6275
f 6256 6257 6277
f 6256 6277 6276
f 6257 6258 6278
f 6257 6278 6277
f 6258 6259 6279
f 6258 6279 6278
f 6259 6260 6280
f 6259 6280 6279
f 6260 6261 6281
f 6260 6281 6280
f 6261 6262 6282
f 6261 6282 6281
f 6262 6263 6283
f 6262 6283 6282
f 6263 6244 6264
f 6263 6264 6283
f 6264 6265 6285
f 6264 6285 6284
f 6265 6266 6286
f 6265 6286 6285
f 6266 6267 6287
f 6266 6287 6286
f 6267 6268 6288
f 6267 6288 6287
f 6268 6269 6289
f 6268 6289 6288
f 6269 6270 6290
f 6269 6290 6289
f 6270 6271 6291
f 6270 6291 6290
f 6271 6272 6292
f 6271 6292 6291
f 6272 6273 6293
f 6272 6293 6292
f 6273 6274 6294
f 6273 6294 6293
f 6274 6275 6295
f 6274 6295 6294
f 6275 6276 6296
f 6275 6296 6295
f 6276 6277 6297
f 6276 6297 6296
f 6277 6278 6298
f 6277 6298 6297
f 6278 6279 6299
f 6278 6299 6298
f 6279 6280 6300
f 6279 6300 6299
f 6280 6281 6301
f 6280 6301 6300
f 6281 6282 6302
f 6281 6302 6301
f 6282 6283 6303
f 6282 6303 6302
f 6283 6264 6284
f 6283 6284 6303
f 6284 6285 6305
f 6284 6305 6304
f 6285 6286 6306
f 6285 6306 6305
f 6286 6287 6307
f 6286 6307 6306
f 6287 6288 6308
f 6287 6308 6307
f 6288 6289 6309
f 6288 6309 6308
f 6289 6290 6310
f 6289 6310 6309
f 6290 6291 6311
f 6290 6311 6310
f 6291 6292 6312
f 6291 6312 6311
f 6292 6293 6313
f 6292 6313 6312
f 6293 6294 6314
f 6293 6314 6313
f 6294 6295 6315
f 6294 6315 6314
f 6295 6296 6316
f 6295 6316 6315
f 6296 6297 6317
f 6296 6317 6316
f 6297 6298 6318
f 6297 6318 6317
f 6298 6299 6319
f 6298 6319 6318
f 6299 6300 6320
f 6299 6320 6319
f 6300 6301 6321
f 6300 6321 6320
f 6301 6302 6322
f 6301 6322 6321
f 6302 6303 6323
f 6302 6323 6322
f 6303 6284 6304
f 6303 6304 6323
f 6304 6305 6325
f 6304 6325 6324
f 6305 6306 6326
f 6305 6326 6325
f 6306 6307 6327
f 6306 6327 6326
f 6307 6308 6328
f 6307 6328 6327
f 6308 6309 6329
f 6308 6329 6328
f 6309 6310 6330
f 6309 6330 6329
f 6310 6311 6331
f 6310 6331 6330
f 6311 6312 6332
f 6311 6332 6331
f 6312 6313 6333
f 6312 6333 6332
f 6313 6314 6334
f 6313 6334 6333
f 6314 6315 6335
f 6314 6335 6334
f 6315 6316 6336
f 6315 6336 6335
f 6316 6317 6337
f 6316 6337 6336
f 6317 6318 6338
f 6317 6338 6337
f 6318 6319 6339
f 6318 6339 6338
f 6319 6320 6340
f 6319 6340 6339
f 6320 6321 6341
f 6320 6341 6340
f 6321 6322 6342
f 6321 6342 6341
f 6322 6323 6343
f 6322 6343 6342
f 6323 6304 6324
f 6323 6324 6343
f 6324 6325 6345
f 6324 6345 6344
f 6325 6326 6346
f 6325 6346 6345
f 6326 6327 6347
f 6326 6347 6346
f 6327 6328 6348
f 6327 6348 6347
f 6328 6329 6349
f 6328 6349 6348
f 6329 6330 6350
f 6329 6350 6349
f 6330 6331 6351
f 6330 6351 6350
f 6331 6332 6352
f 6331 6352 6351
f 6332 6333 6353
f 6332 6353 6352
f 6333 6334 6354
f 6333 6354 6353
f 6334 6335 6355
f 6334 6355 6354
f 6335 6336 6356
f 6335 6356 6355
f 6336 6337 6357
f 6336 6357 6356
f 6337 6338 6358
f 6337 6358 6357
f 6338 6339 6359
f 6338 6359 6358
f 6339 6340 6360
f 6339 6360 6359
f 6340 6341 6361
f 6340 6361 6360
f 6341 6342 6362
f 6341 6362 6361
f 6342 6343 6363
f 6342 6363 6362
f 6343 6324 6344
f 6343 6344 6363
f 6344 6345 6365
f 6344 6365 6364
f 6345 6346 6366
f 6345 6366 6365
f 6346 6347 6367
f 6346 6367 6366
f 6347 6348 6368
f 6347 6368 6367
f 6348 6349 6369
f 6348 6369 6368
f 6349 6350 6370
f 6349 6370 6369
f 6350 6351 6371
f 6350 6371 6370
f 6351 6352 6372
f 6351 6372 6371
f 6352 6353 6373
f 6352 6373 6372
f 6353 6354 6374
f 6353 6374 6373
f 6354 6355 6375
f 6354 6375 6374
f 6355 6356 6376
f 6355 6376 6375
f 6356 6357 6377
f 6356 6377 6376
f 6357 6358 6378
f 6357 6378 6377
f 6358 6359 6379
f 6358 6379 6378
f 6359 6360 6380
f 6359 6380 6379
f 6360 6361 6381
f 6360 6381 6380
f 6361 6362 6382
f 6361 6382 6381
f 6362 6363 6383
f 6362 6383 6382
f 6363 6344 6364
f 6363 6364 6383
f 6364 6365 6385
f 6364 6385 6384
f 6365 6366 6386
f 6365 6386 6385
f 6366 6367 6387
f 6366 6387 6386
f 6367 6368 6388
f 6367 6388 6387
f 6368 6369 6389
f 6368 6389 6388
f 6369 6370 6390
f 6369 6390 6389
f 6370 6371 6391
f 6370 6391 6390
f 6371 6372 6392
f 6371 6392 6391
f 6372 6373 6393
f 6372 6393 6392
f 6373 6374 6394
f 6373 6394 6393
f 6374 6375 6395
f 6374 6395 6394
f 6375 6376 6396
f 6375 6396 6395
f 6376 6377 6397
f 6376 6397 6396
f 6377 6378 6398
f 6377 6398 6397
f 6378 6379 6399
f 6378 6399 6398
f 6379 6380 6400
f 6379 6400 6399
f 6380 6381 6401
f 6380 6401 6400
f 6381 6382 6402
f 6381 6402 6401
f 6382 6383 6403
f 6382 6403 6402
f 6383 6364 6384
f 6383 6384 6403
f 6384 6385 6405
f 6384 6405 6404
f 6385 6386 6406
f 6385 6406 6405
f 6386 6387 6407
f 6386 6407 6406
f 6387 6388 6408
f 6387 6408 6407
f 6388 6389 6409
f 6388 6409 6408
f 6389 6390 6410
f 6389 6410 6409
f 6390 6391 6411
f 6390 6411 6410
f 6391 6392 6412
f 6391 6412 6411
f 6392 6393 6413
f 6392 6413 6412
f 6393 6394 6414
f 6393 6414 6413
f 6394 6395 6415
f 6394 6415 6414
f 6395 6396 6416
f 6395 6416 6415
f 6396 6397 6417
f 6396 6417 6416
f 6397 6398 6418
f 6397 6418 6417
f 6398 6399 6419
f 6398 6419 6418
f 6399 6400 6420
f 6399 6420 6419
f 6400 6401 6421
f 6400 6421 6420
f 6401 6402 6422
f 6401 6422 6421
f 6402 6403 6423
f 6402 6423 6422
f 6403 6384 6404
f 6403 6404 6423
f 6404 6405 6425
f 6404 6425 6424
f 6405 6406 6426
f 6405 6426 6425
f 6406 6407 6427
f 6406 6427 6426
f 6407 6408 6428
f 6407 6428 6427
f 6408 6409 6429
f 6408 6429 6428
f 6409 6410 6430
f 6409 6430 6429
f 6410 6411 6431
f 6410 6431 6430
f 6411 6412 6432
f 6411 6432 6431
f 6412 6413 6433
f 6412 6433 6432
f 6413 6414 6434
f 6413 6434 6433
f 6414 6415 6435
f 6414 6435 6434
f 6415 6416 6436
f 6415 6436 6435
f 6416 6417 6437
f 6416 6437 6436
f 6417 6418 6438
f 6417 6438 6437
f 6418 6419 6439
f 6418 6439 6438
f 6419 6420 6440
f 6419 6440 6439
f 6420 6421 6441
f 6420 6441 6440
f 6421 6422 6442
f 6421 6442 6441
f 6422 6423 6443
f 6422 6443 6442
f 6423 6404 6424
f 6423 6424 6443
f 6424 6425 6445
f 6424 6445 6444
f 6425 6426 6446
f 6425 6446 6445
f 6426 6427 6447
f 6426 6447 6446
f 6427 6428 6448
f 6427 6448 6447
f 6428 6429 6449
f 6428 6449 6448
f 6429 6430 6450
f 6429 6450 6449
f 6430 6431 6451
f 6430 6451 6450
f 6431 6432 6452
f 6431 6452 6451
f 6432 6433 6453
f 6432 6453 6452
f 6433 6434 6454
f 6433 6454 6453
f 6434 6435 6455
f 6434 6455 6454
f 6435 6436 6456
f 6435 6456 6455
f 6436 6437 6457
f 6436 6457 6456
f 6437 6438 6458
f 6437 6458 6457
f 6438 6439 6459
f 6438 6459 6458
f 6439 6440 6460
f 6439 6460 6459
f 6440 6441 6461
f 6440 6461 6460
f 6441 6442 6462
f 6441 6462 6461
f 6442 6443 6463
f 6442 6463 6462
f 6443 6424 6444
f 6443 6444 6463
f 6444 6445 6465
f 6444 6465 6464
f 6445 6446 6466
f 6445 6466 6465
f 6446 6447 6467
f 6446 6467 6466
f 6447 6448 6468
f 6447 6468 6467
f 6448 6449 6469
f 6448 6469 6468
f 6449 6450 6470
f 6449 6470 6469
f 6450 6451 6471
f 6450 6471 6470
f 6451 6452 6472
f 6451 6472 6471
f 6452 6453 6473
f 6452 6473 6472
f 6453 6454 6474
f 6453 6474 6473
f 6454 6455 6475
f 6454 6475 6474
f 6455 6456 6476
f 6455 6476 6475
f 6456 6457 6477
f 6456 6477 6476
f 6457 6458 6478
f 6457 6478 6477
f 6458 6459 6479
f 6458 6479 6478
f 6459 6460 6480
f 6459 6480 6479
f 6460 6461 6481
f 6460 6481 6480
f 6461 6462 6482
f 6461 6482 6481
f 6462 6463 6483
f 6462 6483 6482
f 6463 6444 6464
f 6463 6464 6483
f 6464 6465 6485
f 6464 6485 6484
f 6465 6466 6486
f 6465 6486 6485
f 6466 6467 6487
f 6466 6487 6486
f 6467 6468 6488
f 6467 6488 6487
f 6468 6469 6489
f 6468 6489 6488
f 6469 6470 6490
f 6469 6490 6489
f 6470 6471 6491
f 6470 6491 6490
f 6471 6472 6492
f 6471 6492 6491
f 6472 6473 6493
f 6472 6493 6492
f 6473 6474 6494
f 6473 6494 6493
f 6474 6475 6495
f 6474 6495 6494
f 6475 6476 6496
f 6475 6496 6495
f 6476 6477 6497
f 6476 6497 6496
f 6477 6478 6498
f 6477 6498 6497
f 6478 6479 6499
f 6478 6499 6498
f 6479 6480 6500
f 6479 6500 6499
f 6480 6481 6501
f 6480 6501 6500
f 6481 6482 6502
f 6481 6502 6501
f 6482 6483 6503
f 6482 6503 6502
f 6483 6464 6484
f 6483 6484 6503
f 6484 6485 6505
f 6484 6505 6504
f 6485 6486 6506
f 6485 6506 6505
f 6486 6487 6507
f 6486 6507 6506
f 6487 6488 6508
f 6487 6508 6507
f 6488 6489 6509
f 6488 6509 6508
f 6489 6490 6510
f 6489 6510 6509
f 6490 6491 6511
f 6490 6511 6510
f 6491 6492 6512
f 6491 6512 6511
f 6492 6493 6513
f 6492 6513 6512
f 6493 6494 6514
f 6493 6514 6513
f 6494 6495 6515
f 6494 6515 6514
f 6495 6496 6516
f 6495 6516 6515
f 6496 6497 6517
f 6496 6517 6516
f 6497 6498 6518
f 6497 6518 6517
f 6498 6499 6519
f 6498 6519 6518
f 6499 6500 6520
f 6499 6520 6519
f 6500 6501 6521
f 6500 6521 6520
f 6501 6502 6522
f 6501 6522 6521
f 6502 6503 6523
f 6502 6523 6522
f 6503 6484 6504
f 6503 6504 6523
f 6504 6505 6525
f 6504 6525 6524
f 6505 6506 6526
f 6505 6526 6525
f 6506 6507 6527
f 6506 6527 6526
f 6507 6508 6528
f 6507 6528 6527
f 6508 6509 6529
f 6508 6529 6528
f 6509 6510 6530
f 6509 6530 6529
f 6510 6511 6531
f 6510 6531 6530
f 6511 6512 6532
f 6511 6532 6531
f 6512 6513 6533
f 6512 6533 6532
f 6513 6514 6534
f 6513 6534 6533
f 6514 6515 6535
f 6514 6535 6534
f 6515 6516 6536
f 6515 6536 6535
f 6516 6517 6537
f 6516 6537 6536
f 6517 6518 6538
f 6517 6538 6537
f 6518 6519 6539
f 6518 6539 6538
f 6519 6520 6540
f 6519 6540 6539
f 6520 6521 6541
f 6520 6541 6540
f 6521 6522 6542
f 6521 6542 6541
f 6522 6523 6543
f 6522 6543 6542
f 6523 6504 6524
f 6523 6524 6543
f 6524 6525 4625
f 6524 4625 4624
f 6525 6526 4626
f 6525 4626 4625
f 6526 6527 4627
f 6526 4627 4626
f 6527 6528 4628
f 6527 4628 4627
f 6528 6529 4629
f 6528 4629 4628
f 6529 6530 4630
f 6529 4630 4629
f 6530 6531 4631
f 6530 4631 4630
f 6531 6532 4632
f 6531 4632 4631
f 6532 6533 4633
f 6532 4633 4632
f 6533 6534 4634
f 6533 4634 4633
f 6534 6535 4635
f 6534 4635 4634
f 6535 6536 4636
f 6535 4636 4635
f 6536 6537 4637
f 6536 4637 4636
f 6537 6538 4638
f 6537 4638 4637
f 6538 6539 4639
f 6538 4639 4638
f 6539 6540 4640
f 6539 4640 4639
f 6540 6541 4641
f 6540 4641 4640
f 6541 6542 4642
f 6541 4642 4641
f 6542 6543 4643
f 6542 4643 4642
f 6543 6524 4624
f 6543 4624 4643

o temple_L
usemtl FrameBlackGloss
v -5.74830013 1.46124815 0.66629038
v -5.75695063 1.45364841 0.70357070
v -5.76344352 1.43200618 0.73538053
v -5.76679034 1.39961629 0.75687712
v -5.76648154 1.36140981 0.76478780
v -5.76537719 1.34144214 0.76505724
v -5.76145980 1.30323566 0.75817769
v -5.75453020 1.27084577 0.73755525
v -5.74564335 1.24920353 0.70632950
v -5.73615221 1.24160379 0.66925429
v -5.70533806 1.24160379 0.54295905
v -5.69668756 1.24920353 0.50567873
v -5.69019466 1.27084577 0.47386890
v -5.68684784 1.30323566 0.45237231
v -5.68715664 1.34144214 0.44446163
v -5.68826099 1.36140981 0.44419219
v -5.69217839 1.39961629 0.45107174
v -5.69910799 1.43200618 0.47169418
v -5.70799483 1.45364841 0.50291992
v -5.71748597 1.46124815 0.53999514
v -5.71627560 1.46311853 0.67409237
v -5.72536864 1.45549114 0.71126156
v -5.73212943 1.43383218 0.74300412
v -5.73552868 1.40143901 0.76448754
v -5.73504890 1.36324321 0.77244116
v -5.73380361 1.34328435 0.77274600
v -5.72951784 1.30510087 0.76595894
v -5.72207854 1.27274282 0.74546449
v -5.71261829 1.25113640 0.71438273
v -5.70257732 1.24357101 0.67744558
v -5.67007759 1.24367629 0.55157360
v -5.66098454 1.25130367 0.51440440
v -5.65422376 1.27296264 0.48266184
v -5.65082450 1.30535580 0.46117842
v -5.65130428 1.34355160 0.45322481
v -5.65254957 1.36351047 0.45291997
v -5.65683534 1.40169394 0.45970702
v -5.66427464 1.43405199 0.48020148
v -5.67373489 1.45565841 0.51128324
v -5.68377586 1.46322381 0.54822038
v -5.68181987 1.46565044 0.68344458
v -5.69157371 1.45797536 0.72043600
v -5.69873448 1.43628752 0.75207095
v -5.70221205 1.40388870 0.77353330
v -5.70147696 1.36571133 0.78155560
v -5.70002122 1.34576765 0.78191706
v -5.69518540 1.30762389 0.77527798
v -5.68698506 1.27532077 0.75498828
v -5.67666862 1.25377615 0.72413686
v -5.66580667 1.24627002 0.68742058
v -5.63079010 1.24655697 0.56222570
v -5.62103627 1.25423206 0.52523428
v -5.61387549 1.27591989 0.49359932
v -5.61039793 1.30831871 0.47213697
v -5.61113301 1.34649608 0.46411467
v -5.61258876 1.36643976 0.46375322
v -5.61742457 1.40458352 0.47039229
v -5.62562492 1.43688664 0.49068200
v -5.63594135 1.45843126 0.52153342
v -5.64680331 1.46593739 0.55824970
v -5.64286469 1.46885925 0.69465650
v -5.65298120 1.46115468 0.73154424
v -5.66036151 1.43944899 0.76311643
v -5.66388205 1.40704667 0.78456650
v -5.66300685 1.36888070 0.79262886
v -5.66143560 1.34894642 0.79302333
v -5.65629789 1.31082720 0.78647057
v -5.64767984 1.27855805 0.76630027
v -5.63689348 1.25705165 0.73558320
v -5.62558093 1.24958216 0.69899574
v -5.58918300 1.24998146 0.57419578
v -5.57906649 1.25768604 0.53730804
v -5.57168617 1.27939173 0.50573585
v -5.56816563 1.31179404 0.48428578
v -5.56904084 1.34996002 0.47622342
v -5.57061209 1.36989430 0.47582895
v -5.57574980 1.40801351 0.48238171
v -5.58436784 1.44028266 0.50255201
v -5.59515420 1.46178906 0.53326908
v -5.60646675 1.46925855 0.56985654
v -5.59948766 1.47261934 0.70748595
v -5.60973932 1.46490316 0.74433393
v -5.61720144 1.44319045 0.77588206
v -5.62073800 1.41078676 0.79732741
v -5.61981057 1.37262527 0.80540513
v -5.61819628 1.35269468 0.80581227
v -5.61294607 1.31458512 0.79929260
v -5.60417238 1.28232933 0.77916809
v -5.59321091 1.26083796 0.74850253
v -5.58173045 1.25338288 0.71196447
v -5.54481776 1.25382636 0.58731594
v -5.53456611 1.26154253 0.55046796
v -5.52710399 1.28325524 0.51891983
v -5.52356743 1.31565893 0.49747448
v -5.52449485 1.35382043 0.48939676
v -5.52610915 1.37375101 0.48898962
v -5.53135935 1.41186057 0.49550929
v -5.54013305 1.44411636 0.51563379
v -5.55109452 1.46560773 0.54629935
v -5.56257498 1.47306281 0.58283742
v -5.55169612 1.47679616 0.72168388
v -5.56190675 1.46908354 0.75854399
v -5.56934404 1.44737298 0.79009946
v -5.57287573 1.41496971 0.81154625
v -5.57196416 1.37680684 0.81961928
v -5.57036293 1.35687512 0.82002256
v -5.56514688 1.31876260 0.81349279
v -5.55642043 1.28650272 0.79335431
v -5.54551212 1.26500674 0.76267303
v -5.53408263 1.25754724 0.72611989
v -5.49732620 1.25797717 0.60142514
v -5.48711557 1.26568979 0.56456503
v -5.47967828 1.28740035 0.53300956
v -5.47614659 1.31980362 0.51156277
v -5.47705816 1.35796649 0.50348974
v -5.47865939 1.37789821 0.50308646
v -5.48387544 1.41601073 0.50961623
v -5.49260189 1.44827061 0.52975471
v -5.50351020 1.46976659 0.56043599
v -5.51493969 1.47722609 0.59698913
v -5.49944848 1.48125228 0.73700254
v -5.50947990 1.47355483 0.77391499
v -5.51680870 1.45185346 0.80550215
v -5.52031916 1.41945199 0.82695514
v -5.51947683 1.38128326 0.83500795
v -5.51793268 1.36134671 0.83539455
v -5.51286580 1.32322155 0.82882121
v -5.50434576 1.29094419 0.80862245
v -5.49366966 1.26942855 0.77787334
v -5.48246283 1.26195020 0.74125517
v -5.44638900 1.26232232 0.61636105
v -5.43635759 1.27001977 0.57944860
v -5.42902878 1.29172114 0.54786144
v -5.42551832 1.32412261 0.52640845
v -5.42636065 1.36229134 0.51835564
v -5.42790480 1.38222789 0.51796904
v -5.43297168 1.42035305 0.52454238
v -5.44149172 1.45263041 0.54474114
v -5.45216783 1.47414605 0.57549025
v -5.46337465 1.48162440 0.61210842
v -5.44266917 1.48585015 0.75319859
v -5.45241187 1.47817593 0.79019313
v -5.45956590 1.45648862 0.82182997
v -5.46304214 1.42408991 0.84329269
v -5.46231137 1.38591220 0.85131378
v -5.46085917 1.36596825 0.85167424
v -5.45603262 1.32782376 0.84503258
v -5.44784511 1.29551964 0.82473928
v -5.43754311 1.27397390 0.79388383
v -5.42669500 1.26646668 0.75716367
v -5.39172086 1.26675033 0.63195693
v -5.38197817 1.27442454 0.59496239
v -5.37482413 1.29611186 0.56332555
v -5.37134789 1.32851057 0.54186283
v -5.37207867 1.36668828 0.53384173
v -5.37353087 1.38663223 0.53348127
v -5.37835741 1.42477672 0.54012294
v -5.38654492 1.45708084 0.56041624
v -5.39684693 1.47862658 0.59127169
v -5.40769504 1.48613379 0.62799184
v -5.38125876 1.49045333 0.77003399
v -5.39062538 1.48280713 0.80713131
v -5.39755177 1.46113678 0.83883037
v -5.40098344 1.42874139 0.86030528
v -5.40039797 1.39055286 0.86828666
v -5.39906554 1.37059998 0.86861438
v -5.39455204 1.33243217 0.86188715
v -5.38679766 1.30009577 0.84147547
v -5.37698294 1.27851373 0.81048683
v -5.36660207 1.27097170 0.77363898
v -5.33306033 1.27114862 0.64804073
v -5.32369371 1.27879481 0.61094340
v -5.31676732 1.30046516 0.57924434
v -5.31333565 1.33286055 0.55776944
v -5.31392113 1.37104909 0.54978806
v -5.31525355 1.39100196 0.54946033
v -5.31976705 1.42916978 0.55618756
v -5.32752143 1.46150617 0.57659924
v -5.33733615 1.48308822 0.60758788
v -5.34771702 1.49063025 0.64443574
v -5.31510080 1.49492695 0.78727590
v -5.32402151 1.48731074 0.82448912
v -5.33067797 1.46565853 0.85625833
v -5.33405680 1.43326669 0.87774697
v -5.33364361 1.39506658 0.88568357
v -5.33245320 1.37510415 0.88597439
v -5.32831089 1.33691138 0.87915069
v -5.32107009 1.30454046 0.85860553
v -5.31183314 1.28291957 0.82746672
v -5.30200629 1.27534029 0.79047487
v -5.27016297 1.27540302 0.66443520
v -5.26124227 1.28301923 0.62722198
v -5.25458581 1.30467144 0.59545277
v -5.25120697 1.33706328 0.57396413
v -5.25162016 1.37526339 0.56602753
v -5.25281057 1.39522582 0.56573671
v -5.25695289 1.43341859 0.57256041
v -5.26419369 1.46578951 0.59310557
v -5.27343064 1.48741040 0.62424438
v -5.28325749 1.49498968 0.66123623
v -5.24406652 1.49913783 0.80469627
v -5.25248559 1.49155119 0.84203219
v -5.25883840 1.46991688 0.87387568
v -5.26215779 1.43752854 0.89537886
v -5.26193841 1.39931700 0.90326806
v -5.26090776 1.37934516 0.90351979
v -5.25718301 1.34112778 0.89659395
v -5.25051995 1.30872281 0.87590746
v -5.24193298 1.28706360 0.84460967
v -5.23272937 1.27944759 0.80746536
v -5.20279668 1.27939771 0.68095832
v -5.19437761 1.28698435 0.64362240
v -5.18802480 1.30861866 0.61177890
v -5.18470541 1.34100699 0.59027573
v -5.18492479 1.37921853 0.58238653
v -5.18595544 1.39919037 0.58213480
v -5.18968019 1.43740776 0.58906064
v -5.19634325 1.46981273 0.60974712
v -5.20493022 1.49147193 0.64104492
v -5.21413383 1.49908795 0.67818922
v -5.16801795 1.50295441 0.82207128
v -5.17589130 1.49539499 0.85953159
v -5.18191377 1.47377717 0.89145038
v -5.18516848 1.44139206 0.91296830
v -5.18515995 1.40317000 0.92080943
v -5.18430311 1.38318949 0.92102156
v -5.18103263 1.34494944 0.91399217
v -5.17499810 1.31251311 0.89316243
v -5.16711822 1.29081863 0.86170346
v -5.15859264 1.28316879 0.82440462
v -5.13073853 1.28301521 0.69742381
v -5.12286519 1.29057463 0.65996350
v -5.11684272 1.31219245 0.62804472
v -5.11358800 1.34457756 0.60652680
v -5.11359653 1.38279962 0.59868566
v -5.11445338 1.40278013 0.59847354
v -5.11772386 1.44102018 0.60550292
v -5.12375839 1.47345651 0.62633267
v -5.13163827 1.49515099 0.65779163
v -5.14016385 1.50280083 0.69509047
v -5.08681015 1.50624663 0.83918084
v -5.09410338 1.49871058 0.87676310
v -5.09977468 1.47710690 0.90875571
v -5.10296066 1.44472456 0.93028807
v -5.10317626 1.40649347 0.93808210
v -5.10250417 1.38650552 0.93825538
v -5.09971658 1.34824602 0.93112449
v -5.09435019 1.31578278 0.91015430
v -5.08722198 1.29405802 0.87853733
v -5.07941715 1.28637915 0.84108697
v -5.05377261 1.28613656 0.71364170
v -5.04647938 1.29367261 0.67605944
v -5.04080807 1.31527629 0.64406683
v -5.03762210 1.34765863 0.62253447
v -5.03740649 1.38588972 0.61474044
v -5.03807859 1.40587767 0.61456716
v -5.04086617 1.44413717 0.62169805
v -5.04623256 1.47660042 0.64266824
v -5.05336078 1.49832517 0.67428521
v -5.06116561 1.50600404 0.71173557
v -5.00029268 1.50888576 0.85580806
v -5.00697961 1.50136807 0.89350658
v -5.01228391 1.47977550 0.92556956
v -5.01539803 1.44739533 0.94711571
v -5.01584789 1.40915715 0.95486481
v -5.01536889 1.38916335 0.95500107
v -5.01308599 1.35088858 0.94777340
v -5.00841789 1.31840419 0.92666930
v -5.00207526 1.29665565 0.89490169
v -4.99502370 1.28895397 0.85730688
v -4.97168845 1.28864147 0.72941878
v -4.96500151 1.29615917 0.69172025
v -4.95969721 1.31775174 0.65965727
v -4.95658309 1.35013190 0.63811113
v -4.95613323 1.38837008 0.63036203
v -4.95661223 1.40836388 0.63022577
v -4.95889513 1.44663866 0.63745344
v -4.96356324 1.47912304 0.65855754
v -4.96990587 1.50087158 0.69032515
v -4.97695742 1.50857326 0.72791995
v -4.90831071 1.51074425 0.87173879
v -4.91437217 1.50323906 0.90954541
v -4.91929785 1.48165407 0.94167383
v -4.92233785 1.44927538 0.96323278
v -4.92302937 1.41103237 0.97094012
v -4.92274957 1.39103459 0.97104195
v -4.92098732 1.35274940 0.96372430
v -4.91703959 1.32025060 0.94249571
v -4.91150739 1.29848585 0.91058803
v -4.90523294 1.29076863 0.87285893
v -4.88428000 1.29040848 0.74455911
v -4.87821854 1.29791366 0.70675249
v -4.87329286 1.31949865 0.67462408
v -4.87025285 1.35187734 0.65306512
v -4.86956134 1.39012035 0.64535778
v -4.86984113 1.41011814 0.64525595
v -4.87160338 1.44840333 0.65257360
v -4.87555111 1.48090212 0.67380220
v -4.88108332 1.50266687 0.70570987
v -4.88735777 1.51038409 0.74343897
v -4.81070577 1.51169554 0.88676127
v -4.81612860 1.50419647 0.92466596
v -4.82066770 1.48261517 0.95685375
v -4.82363202 1.45023721 0.97842433
v -4.82457028 1.41199184 0.98609377
v -4.82449388 1.39199211 0.98616436
v -4.82326323 1.35370183 0.97876507
v -4.82005104 1.32119600 0.95742351
v -4.81534632 1.29942333 0.92538875
v -4.80986534 1.29169852 0.88753779
v -4.79134485 1.29131509 0.75886438
v -4.78592202 1.29881417 0.72095969
v -4.78138293 1.32039546 0.68877190
v -4.77841861 1.35277342 0.66720132
v -4.77748035 1.39101880 0.65953188
v -4.77755675 1.41101853 0.65946129
v -4.77878739 1.44930880 0.66686058
v -4.78199959 1.48181463 0.68820214
v -4.78670430 1.50358730 0.72023690
v -4.79218529 1.51131212 0.75808786
v -4.70766432 1.51161577 0.90062201
v -4.71254118 1.50411658 0.93860079
v -4.71675226 1.48253522 0.97083308
v -4.71965647 1.45015724 0.99241182
v -4.72081166 1.41191192 1.00005182
v -4.72091240 1.39191222 1.00009838
v -4.72014271 1.35362204 0.99263654
v -4.71756532 1.32111635 0.97120885
v -4.71357260 1.29934383 0.93907748
v -4.70877243 1.29161916 0.90113413
v -4.69233568 1.29123617 0.77217799
v -4.68745882 1.29873536 0.73419921
v -4.68324774 1.32031673 0.70196692
v -4.68034353 1.35269470 0.68038818
v -4.67918834 1.39094003 0.67274818
v -4.67908760 1.41093972 0.67270162
v -4.67985729 1.44922990 0.68016346
v -4.68243468 1.48173560 0.70159115
v -4.68642740 1.50350812 0.73372252
v -4.69122757 1.51123279 0.77166587
v -4.59779038 1.51069168 0.91391256
v -4.60233177 1.50318992 0.95193241
v -4.60634592 1.48160704 0.98418881
v -4.60922171 1.44922885 1.00577102
v -4.61052132 1.41098463 1.01339335
v -4.61073695 1.39098582 1.01342584
v -4.61026254 1.35269791 1.00592786
v -4.60808632 1.32019528 0.98445106
v -4.60453960 1.29842619 0.95226509
v -4.60016235 1.29070476 0.91426998
v -4.58501375 1.29033165 0.78515615
v -4.58047235 1.29783341 0.74713630
v -4.57645821 1.31941629 0.71487990
v -4.57358242 1.35179448 0.69329769
v -4.57228281 1.39003870 0.68567536
v -4.57206717 1.41003751 0.68564287
v -4.57254159 1.44832542 0.69314085
v -4.57471781 1.48082805 0.71461765
v -4.57826452 1.50259714 0.74680362
v -4.58264178 1.51031857 0.78479873
v -4.47966985 1.50920308 0.92738280
v -4.48399870 1.50169866 0.96542691
v -4.48789020 1.48011425 0.99769731
v -4.49075193 1.44773588 1.01928113
v -4.49214821 1.40949287 1.02689243
v -4.49243945 1.38949500 1.02691629
v -4.49215771 1.35120950 1.01939631
v -4.49024084 1.31871012 0.99788990
v -4.48698066 1.29694461 0.96567123
v -4.48287352 1.28922656 0.92764528
v -4.46854472 1.28886371 0.79843788
v -4.46421588 1.29636813 0.76039377
v -4.46032438 1.31795254 0.72812337
v -4.45746265 1.35033091 0.70653955
v -4.45606637 1.38857392 0.69892826
v -4.45577512 1.40857178 0.69890439
v -4.45605687 1.44685729 0.70642437
v -4.45797374 1.47935666 0.72793078
v -4.46123392 1.50112218 0.76014945
v -4.46534106 1.50884023 0.79817540
v -4.35381724 1.50717123 0.94097910
v -4.35795741 1.49966378 0.97904360
v -4.36173848 1.47807759 1.01132594
v -4.36458482 1.44569898 1.03291142
v -4.36606311 1.40745728 1.04051385
v -4.36641939 1.38746047 1.04053068
v -4.36630456 1.34917764 1.03299266
v -4.36461410 1.31668191 1.01146178
v -4.36160536 1.29492044 0.97921592
v -4.35773640 1.28720622 0.94116423
v -4.34413264 1.28685503 0.81187844
v -4.33999247 1.29436248 0.77381394
v -4.33621140 1.31594867 0.74153160
v -4.33336506 1.34832728 0.71994612
v -4.33188678 1.38656898 0.71234369
v -4.33153049 1.40656579 0.71232686
v -4.33164532 1.44484862 0.71986488
v -4.33333579 1.47734435 0.74139576
v -4.33634453 1.49910582 0.77364162
v -4.34021349 1.50682004 0.81169331
v -4.22106101 1.50461856 0.95460707
v -4.22502892 1.49710781 0.99268927
v -4.22870768 1.47551966 1.02498212
v -4.23153722 1.44314072 1.04656932
v -4.23308678 1.40490040 1.05416443
v -4.23350050 1.38490468 1.05417537
v -4.23353417 1.34662471 1.04662209
v -4.23204681 1.31413287 1.02507035
v -4.22926488 1.29237575 0.99280120
v -4.22561189 1.28466567 0.95472733
v -4.21266755 1.28432713 0.82537382
v -4.20869964 1.29183789 0.78729163
v -4.20502088 1.31342604 0.75499878
v -4.20219134 1.34580497 0.73341158
v -4.20064178 1.38404530 0.72581647
v -4.20022807 1.40404102 0.72580553
v -4.20019440 1.44232099 0.73335881
v -4.20168175 1.47481283 0.75491055
v -4.20446368 1.49656995 0.78717970
v -4.20811667 1.50428002 0.82525357
v -4.08223836 1.50156722 0.96817077
v -4.08604503 1.49405292 1.00626872
v -4.08962660 1.47246264 1.03857107
v -4.09243783 1.44008330 1.06016006
v -4.09405071 1.40184437 1.06774898
v -4.09451634 1.38184979 1.06775484
v -4.09468534 1.34357279 1.06018834
v -4.09338472 1.31108505 1.03861835
v -4.09081250 1.28933253 1.00632871
v -4.08736027 1.28162686 0.96823522
v -4.07503080 1.28130181 0.83882163
v -4.07122413 1.28881611 0.80072367
v -4.06764255 1.31040639 0.76842133
v -4.06483133 1.34278573 0.74683233
v -4.06321844 1.38102467 0.73924341
v -4.06275281 1.40101924 0.73923755
v -4.06258381 1.43929625 0.74680405
v -4.06388443 1.47178399 0.76837404
v -4.06645665 1.49353650 0.80066368
v -4.06990888 1.50124217 0.83875717
v -3.93819198 1.49803919 0.98157321
v -3.94184430 1.49052111 1.01968552
v -3.94533153 1.46892852 1.05199665
v -3.94812276 1.43654870 1.07358751
v -3.94979306 1.39831117 1.08117108
v -3.95030663 1.37831776 1.08117248
v -3.95060171 1.34004384 1.07359425
v -3.94947664 1.30756040 1.05200793
v -3.94710271 1.28581273 1.01969984
v -3.94384133 1.27811174 0.98158859
v -3.93209819 1.27780104 0.85212043
v -3.92844587 1.28531911 0.81400812
v -3.92495864 1.30691170 0.78169700
v -3.92216741 1.33929153 0.76010614
v -3.92049711 1.37752906 0.75252256
v -3.91998354 1.39752246 0.75252116
v -3.91968846 1.43579638 0.76009939
v -3.92081353 1.46827983 0.78168572
v -3.92318746 1.49002749 0.81399381
v -3.92644884 1.49772849 0.85210506
v -3.78976814 1.49405637 0.99471679
v -3.79326968 1.48653425 1.03284246
v -3.79666349 1.46493915 1.06516185
v -3.79943287 1.43255874 1.08675465
v -3.80115622 1.39432263 1.09433353
v -3.80171498 1.37433044 1.09433092
v -3.80212994 1.33605973 1.08674208
v -3.80117332 1.30358081 1.06514084
v -3.79899076 1.28183828 1.03281580
v -3.79591455 1.27414224 0.99468816
v -3.78474201 1.27384685 0.86516948
v -3.78124047 1.28136897 0.82704382
v -3.77784666 1.30296406 0.79472442
v -3.77507728 1.33534448 0.77313163
v -3.77335393 1.37358058 0.76555275
v -3.77279517 1.39357278 0.76555535
v -3.77238021 1.43184348 0.77314420
v -3.77333683 1.46432241 0.79474544
v -3.77551939 1.48606494 0.82707047
v -3.77859560 1.49376097 0.86519812
v -3.63781531 1.48964058 1.00750349
v -3.64116684 1.48211410 1.04564177
v -3.64446651 1.46051627 1.07796909
v -3.64721196 1.42813516 1.09956389
v -3.64898523 1.38990050 1.10713858
v -3.64958739 1.36990957 1.10713232
v -3.65011851 1.33164224 1.09953370
v -3.64932663 1.29916810 1.07791861
v -3.64733229 1.27743104 1.04557773
v -3.64443913 1.26974033 1.00743469
v -3.63383231 1.26946137 0.87786842
v -3.63048077 1.27698784 0.83973014
v -3.62718111 1.29858567 0.80740282
v -3.62443565 1.33096678 0.78580802
v -3.62266239 1.36920144 0.77823334
v -3.62206022 1.38919237 0.77823959
v -3.62152910 1.42745970 0.78583821
v -3.62232099 1.45993384 0.80745330
v -3.62431532 1.48167090 0.83979418
v -3.62720849 1.48936162 0.87793722
v -3.48318336 1.48481359 1.01983497
v -3.48638310 1.47728238 1.05798535
v -3.48958639 1.45568154 1.09032035
v -3.49230555 1.42329961 1.11191725
v -3.49412662 1.38506644 1.11948812
v -3.49477123 1.36507684 1.11947848
v -3.49541696 1.32681309 1.11187073
v -3.49478905 1.29434407 1.09024256
v -3.49298309 1.27261288 1.05788667
v -3.49027403 1.26492792 1.01972895
v -3.48023773 1.26466677 0.89011721
v -3.47703799 1.27219798 0.85196682
v -3.47383470 1.29379882 0.81963183
v -3.47111554 1.32618075 0.79803492
v -3.46929447 1.36441392 0.79046405
v -3.46864986 1.38440352 0.79047369
v -3.46800413 1.42266727 0.79808144
v -3.46863204 1.45513629 0.81970961
v -3.47043799 1.47686748 0.85206550
v -3.47314706 1.48455244 0.89022322
v -3.32672289 1.47959713 1.03161268
v -3.32976663 1.47206071 1.06977480
v -3.33286981 1.45045654 1.10211733
v -3.33555999 1.41807364 1.12371641
v -3.33742762 1.37984203 1.13128378
v -3.33811444 1.35985383 1.13127097
v -3.33887519 1.32159391 1.12365456
v -3.33841323 1.28913043 1.10201391
v -3.33679891 1.26740563 1.06964360
v -3.33427798 1.25972694 1.03147173
v -3.32482621 1.25948528 0.90181601
v -3.32178247 1.26702170 0.86365389
v -3.31867929 1.28862588 0.83131136
v -3.31598911 1.32100877 0.80971228
v -3.31412149 1.35924039 0.80214491
v -3.31343466 1.37922858 0.80215772
v -3.31267391 1.41748850 0.80977413
v -3.31313587 1.44995199 0.83141478
v -3.31475019 1.47167678 0.86378509
v -3.31727112 1.47935547 0.90195696
v -3.16928470 1.47401283 1.04273791
v -3.17216578 1.46647064 1.08091152
v -3.17516356 1.44486272 1.11326149
v -3.17782165 1.41247869 1.13486284
v -3.17973539 1.37424871 1.14242695
v -3.18046492 1.35426203 1.14241112
v -3.18134295 1.31600628 1.13478643
v -3.18105161 1.28354884 1.11313373
v -3.17963524 1.26183107 1.08074945
v -3.17730948 1.25415930 1.04256380
v -3.16846549 1.25393921 0.91286516
v -3.16558440 1.26148140 0.87469156
v -3.16258662 1.28308932 0.84234159
v -3.15992853 1.31547335 0.82074024
v -3.15801479 1.35370333 0.81317613
v -3.15728526 1.37369001 0.81319196
v -3.15640723 1.41194576 0.82081664
v -3.15669858 1.44440320 0.84246934
v -3.15811494 1.46612097 0.87485363
v -3.16044071 1.47379274 0.91303928
v -3.01171931 1.46808225 1.05311180
v -3.01442845 1.46053359 1.09129671
v -3.01731386 1.43892144 1.12365408
v -3.01993627 1.40653606 1.14525777
v -3.02189644 1.36830783 1.15281883
v -3.02266984 1.34832280 1.15280011
v -3.02366935 1.31007162 1.14516744
v -3.02355603 1.27762089 1.12350303
v -3.02234714 1.25591094 1.09110510
v -3.02022671 1.24824690 1.05290594
v -3.01202355 1.24805094 0.92316516
v -3.00931441 1.25559960 0.88498025
v -3.00642899 1.27721175 0.85262289
v -3.00380658 1.30959713 0.83101920
v -3.00184642 1.34782536 0.82345814
v -3.00107302 1.36781039 0.82347685
v -3.00007351 1.40606157 0.83110953
v -3.00018682 1.43851230 0.85277394
v -3.00139572 1.46022226 0.88517186
v -3.00351614 1.46788629 0.92337102
v -2.85487651 1.46182685 1.06263534
v -2.85740151 1.45427084 1.10083142
v -2.86016567 1.43265385 1.13319613
v -2.86274818 1.40026688 1.15480224
v -2.86475586 1.36204055 1.16236042
v -2.86557505 1.34205734 1.16233893
v -2.86670226 1.30381126 1.15469851
v -2.86677740 1.27136805 1.13302268
v -2.86578901 1.24966690 1.10061138
v -2.86388758 1.24201160 1.06239894
v -2.85636914 1.24184296 0.93261664
v -2.85384414 1.24939898 0.89442056
v -2.85107998 1.27101596 0.86205585
v -2.84849747 1.30340293 0.84044974
v -2.84648979 1.34162927 0.83289156
v -2.84567060 1.36161247 0.83291305
v -2.84454338 1.39985855 0.84055347
v -2.84446825 1.43230176 0.86222930
v -2.84545664 1.45400292 0.89464060
v -2.84735807 1.46165821 0.93285304
v -2.69960480 1.45526792 1.07120935
v -2.70193008 1.44770347 1.10941644
v -2.70456186 1.42608088 1.14178845
v -2.70709947 1.39369202 1.16339703
v -2.70915658 1.35546777 1.17095249
v -2.71002429 1.33548662 1.17092832
v -2.71128773 1.29724630 1.16328039
v -2.71156515 1.26481164 1.14159341
v -2.71081431 1.24312052 1.10916902
v -2.70914953 1.23547523 1.07094354
v -2.70237228 1.23533793 0.94112039
v -2.70004700 1.24290238 0.90291330
v -2.69741522 1.26452496 0.87054129
v -2.69487761 1.29691383 0.84893271
v -2.69282050 1.33513808 0.84137725
v -2.69195280 1.35511923 0.84140142
v -2.69068935 1.39335955 0.84904935
v -2.69041193 1.42579421 0.87073633
v -2.69116277 1.44748533 0.90316072
v -2.69282755 1.45513062 0.94138620
v -2.54675076 1.44842656 1.07873446
v -2.54885668 1.44085228 1.11695232
v -2.55134221 1.41922314 1.14933151
v -2.55382896 1.38683200 1.17094260
v -2.55593834 1.34861010 1.17849549
v -2.55685823 1.32863128 1.17846876
v -2.55826910 1.29039756 1.17081359
v -2.55876668 1.25797276 1.14911580
v -2.55827521 1.23629327 1.11667867
v -2.55686952 1.22865958 1.07844046
v -2.55090493 1.22855868 0.94857741
v -2.54879901 1.23613297 0.91035955
v -2.54631348 1.25776210 0.87798036
v -2.54382673 1.29015325 0.85636927
v -2.54171735 1.32837515 0.84881639
v -2.54079747 1.34835397 0.84884311
v -2.53938659 1.38658768 0.85649828
v -2.53888901 1.41901248 0.87819608
v -2.53938048 1.44069197 0.91063320
v -2.54078618 1.44832566 0.94887141
v -2.39712423 1.44132194 1.08511226
v -2.39896789 1.43373519 1.12334120
v -2.40127484 1.41209756 1.15572793
v -2.40369386 1.37970319 1.17734188
v -2.40585668 1.34148383 1.18489251
v -2.40683404 1.32150775 1.18486335
v -2.40841139 1.28328195 1.17720115
v -2.40916314 1.25086923 1.15549262
v -2.40897484 1.22920415 1.12304269
v -2.40787515 1.22158502 1.08479156
v -2.40287577 1.22153001 0.95488774
v -2.40103211 1.22911676 0.91665880
v -2.39872516 1.25075438 0.88427207
v -2.39630614 1.28314875 0.86265812
v -2.39414332 1.32136811 0.85510749
v -2.39316596 1.34134419 0.85513665
v -2.39158861 1.37957000 0.86279885
v -2.39083686 1.41198271 0.88450738
v -2.39102516 1.43364779 0.91695731
v -2.39212485 1.44126693 0.95520844
v -2.24934703 1.43385878 1.09018543
v -2.25088571 1.42625663 1.12842479
v -2.25298018 1.40460828 1.16081879
v -2.25531157 1.37220949 1.18243573
v -2.25752495 1.33399268 1.18998464
v -2.25856283 1.31401965 1.18995341
v -2.26032123 1.27580299 1.18228502
v -2.26135695 1.24340462 1.16056678
v -2.26151232 1.22175689 1.12810509
v -2.26076367 1.21415548 1.08984196
v -2.25687856 1.21415673 0.95990002
v -2.25533987 1.22175889 0.92166066
v -2.25324540 1.24340724 0.88926666
v -2.25091401 1.27580603 0.86764971
v -2.24870063 1.31402284 0.86010081
v -2.24766276 1.33399587 0.86013204
v -2.24590435 1.37221253 0.86780043
v -2.24486863 1.40461090 0.88951867
v -2.24471327 1.42625863 0.92198036
v -2.24546192 1.43386004 0.96024349
v -2.10152070 1.42594749 1.09395050
v -2.10276123 1.41832940 1.13219752
v -2.10464744 1.39666991 1.16459688
v -2.10689220 1.36426648 1.18621604
v -2.10915374 1.32605225 1.19376371
v -2.11025009 1.30608235 1.19373098
v -2.11218413 1.26787508 1.18605808
v -2.11349621 1.23549148 1.16433273
v -2.11398659 1.21386167 1.13186244
v -2.11358062 1.20627858 1.09359050
v -2.11078399 1.20633805 0.96362060
v -2.10954346 1.21395614 0.92537357
v -2.10765724 1.23561563 0.89297422
v -2.10541249 1.26801906 0.87135505
v -2.10315095 1.30623329 0.86380739
v -2.10205459 1.32620319 0.86384011
v -2.10012056 1.36441046 0.87151302
v -2.09880848 1.39679405 0.89323836
v -2.09831809 1.41842387 0.92570866
v -2.09872407 1.42600695 0.96398060
v -1.95362751 1.41761342 1.09654184
v -1.95460352 1.40998044 1.13479357
v -1.95630723 1.38831067 1.16719616
v -1.95847925 1.35590315 1.18881662
v -1.96078893 1.31769163 1.19636343
v -1.96194010 1.29772481 1.19632973
v -1.96403580 1.25952665 1.18865395
v -1.96559847 1.22715716 1.16692416
v -1.96639021 1.20554432 1.13444852
v -1.96629048 1.19797847 1.09617114
v -1.96446331 1.19809252 0.96618403
v -1.96348730 1.20572551 0.92793231
v -1.96178360 1.22739528 0.89552972
v -1.95961157 1.25980280 0.87390926
v -1.95730189 1.29801432 0.86636245
v -1.95615072 1.31798113 0.86639615
v -1.95405502 1.35617930 0.87407193
v -1.95249235 1.38854879 0.89580172
v -1.95170061 1.41016163 0.92827736
v -1.95180034 1.41772747 0.96655474
v -1.80559525 1.40887920 1.09809585
v -1.80634071 1.40123262 1.13635004
v -1.80788786 1.37955362 1.16875431
v -1.81000114 1.34714264 1.19037540
v -1.81235884 1.30893395 1.19792170
v -1.81356111 1.28897014 1.19788745
v -1.81580428 1.25078067 1.19021009
v -1.81759143 1.21842442 1.16847790
v -1.81865047 1.19682734 1.13599938
v -1.81882018 1.18927738 1.09771912
v -1.81784225 1.18944149 0.96772290
v -1.81709679 1.19708808 0.92946871
v -1.81554964 1.21876707 0.89706444
v -1.81343636 1.25117806 0.87544335
v -1.81107866 1.28938675 0.86789705
v -1.80987639 1.30935055 0.86793130
v -1.80763322 1.34754002 0.87560866
v -1.80584607 1.37989627 0.89734085
v -1.80478703 1.40149336 0.92981937
v -1.80461732 1.40904331 0.96809963
v -1.65735139 1.39976737 1.09874869
v -1.65790045 1.39210873 1.13700380
v -1.65931709 1.37042172 1.16940867
v -1.66138564 1.33800798 1.19102997
v -1.66379118 1.29980223 1.19857604
v -1.66504073 1.27984133 1.19854158
v -1.66741703 1.24166004 1.19086360
v -1.66940233 1.20931596 1.16913049
v -1.67069438 1.18773319 1.13665089
v -1.67109648 1.18019750 1.09836955
v -1.67084686 1.18040635 0.96836996
v -1.67029779 1.18806499 0.93011486
v -1.66888115 1.20975200 0.89770998
v -1.66681260 1.24216574 0.87608868
v -1.66440707 1.28037149 0.86854261
v -1.66315751 1.30033239 0.86857708
v -1.66078121 1.33851368 0.87625505
v -1.65879591 1.37085776 0.89798817
v -1.65750386 1.39244054 0.93046776
v -1.65710176 1.39997622 0.96874910
v -1.50882306 1.39030045 1.09863635
v -1.50920994 1.38263147 1.13689137
v -1.51052216 1.36093781 1.16929619
v -1.51255994 1.32852212 1.19091747
v -1.51501305 1.29031940 1.19846356
v -1.51630605 1.27036127 1.19842912
v -1.51880102 1.23218753 1.19075121
v -1.52095802 1.19985439 1.16901818
v -1.52244867 1.17828426 1.13653870
v -1.52304602 1.17076101 1.09825746
v -1.52340350 1.17100853 0.96825819
v -1.52301662 1.17867750 0.93000317
v -1.52170440 1.20037116 0.89759835
v -1.51966662 1.23278686 0.87597706
v -1.51721351 1.27098958 0.86843097
v -1.51592051 1.29094771 0.86846541
v -1.51342554 1.32912144 0.87614332
v -1.51126854 1.36145459 0.89787635
v -1.50977789 1.38302471 0.93035583
v -1.50918054 1.39054796 0.96863707
v -1.35993713 1.38050086 1.09789456
v -1.36019598 1.37282347 1.13614897
v -1.36142979 1.35112465 1.16855342
v -1.36345070 1.31870785 1.19017462
v -1.36595105 1.28050823 1.19772094
v -1.36728361 1.26055270 1.19768668
v -1.36988275 1.22238582 1.19000927
v -1.37218498 1.19006223 1.16827693
v -1.37383981 1.16850290 1.13579822
v -1.37459531 1.16099005 1.09751774
v -1.37543885 1.16126954 0.96752077
v -1.37517999 1.16894693 0.92926636
v -1.37394619 1.19064575 0.89686192
v -1.37192528 1.22306255 0.87524072
v -1.36942492 1.26126217 0.86769439
v -1.36809236 1.28121770 0.86772865
v -1.36549322 1.31938458 0.87540606
v -1.36319099 1.35170817 0.89713840
v -1.36153616 1.37326750 0.92961711
v -1.36078067 1.38078035 0.96789759
v -1.21062018 1.37039099 1.09665884
v -1.21078501 1.36270724 1.13491250
v -1.21196625 1.34100486 1.16731652
v -1.21398406 1.30858785 1.18893770
v -1.21653126 1.27039140 1.19648440
v -1.21789950 1.25043829 1.19645043
v -1.22058829 1.21227747 1.18877373
v -1.22300934 1.17996192 1.16704235
v -1.22479405 1.15841138 1.13456469
v -1.22567073 1.15090673 1.09628518
v -1.22687982 1.15121095 0.96629116
v -1.22671499 1.15889471 0.92803750
v -1.22553375 1.18059708 0.89563348
v -1.22351594 1.21301409 0.87401230
v -1.22096874 1.25121054 0.86646560
v -1.21960050 1.27116365 0.86649957
v -1.21691171 1.30932447 0.87417627
v -1.21449066 1.34164003 0.89590765
v -1.21270595 1.36319056 0.92838531
v -1.21182927 1.37069521 0.96666482
v -1.06079856 1.35999315 1.09506448
v -1.06090308 1.35230521 1.13331751
v -1.06205739 1.33060097 1.16572125
v -1.06408573 1.29818469 1.18734254
v -1.06667932 1.25999146 1.19488972
v -1.06807932 1.24004055 1.19485608
v -1.07084331 1.20188494 1.18718017
v -1.07335689 1.16957581 1.16544975
v -1.07523741 1.14803191 1.13297309
v -1.07619857 1.14053312 1.09469446
v -1.07765359 1.14085440 0.96470300
v -1.07754906 1.14854234 0.92644997
v -1.07639476 1.17024658 0.89404623
v -1.07436642 1.20266286 0.87242494
v -1.07177283 1.24085609 0.86487776
v -1.07037283 1.26080700 0.86491140
v -1.06760884 1.29896261 0.87258731
v -1.06509526 1.33127174 0.89431773
v -1.06321474 1.35281564 0.92679439
v -1.06225358 1.36031442 0.96507302
v -0.91039838 1.34932957 1.09324653
v -0.91047597 1.34163973 1.13149923
v -0.91162867 1.31993537 1.16390296
v -0.91368097 1.28752079 1.18552453
v -0.91632043 1.24933081 1.19307225
v -0.91774830 1.22938187 1.19303895
v -0.92057309 1.19123058 1.18536376
v -0.92315316 1.15892615 1.16363413
v -0.92509572 1.13738665 1.13115820
v -0.92610503 1.12989128 1.09288014
v -0.92768756 1.13022159 0.96289019
v -0.92760996 1.13791143 0.92463749
v -0.92645727 1.15961579 0.89223376
v -0.92440497 1.19203038 0.87061219
v -0.92176551 1.23022035 0.86306446
v -0.92033763 1.25016929 0.86309777
v -0.91751284 1.28832059 0.87077296
v -0.91493277 1.32062501 0.89250259
v -0.91299022 1.34216451 0.92497852
v -0.91198091 1.34965989 0.96325658
v -0.75934553 1.33842245 1.09133979
v -0.75942914 1.33073304 1.12959258
v -0.76060519 1.30903036 1.16199659
v -0.76269464 1.27661846 1.18361862
v -0.76537940 1.23843175 1.19116691
v -0.76683128 1.21848455 1.19113390
v -0.76970261 1.18033661 1.18345929
v -0.77232339 1.14803512 1.16173016
v -0.77429461 1.12649769 1.12925459
v -0.77531618 1.11900320 1.09097668
v -0.77690935 1.11933428 0.96098687
v -0.77682575 1.12702369 0.92273408
v -0.77564969 1.14872637 0.89033007
v -0.77356024 1.18113827 0.86870804
v -0.77087548 1.21932498 0.86115975
v -0.76942360 1.23927218 0.86119276
v -0.76655227 1.27742012 0.86886737
v -0.76393150 1.30972161 0.89059650
v -0.76196027 1.33125903 0.92307207
v -0.76093870 1.33875353 0.96134998
v -0.60756573 1.32729389 1.08947888
v -0.60768775 1.31960729 1.12773213
v -0.60891170 1.29790812 1.16013672
v -0.61105126 1.26549990 1.18175935
v -0.61378070 1.22731646 1.18930818
v -0.61525273 1.20737073 1.18927541
v -0.61815650 1.16922517 1.18160119
v -0.62079255 1.13692480 1.15987225
v -0.62275955 1.11538706 1.12739663
v -0.62375805 1.10789088 1.08911844
v -0.62524677 1.10821431 0.95912737
v -0.62512475 1.11590090 0.92087412
v -0.62390080 1.13760007 0.88846953
v -0.62176124 1.17000830 0.86684690
v -0.61903180 1.20819173 0.85929807
v -0.61755977 1.22813746 0.85933084
v -0.61465600 1.26628302 0.86700506
v -0.61201995 1.29858339 0.88873400
v -0.61005295 1.32012113 0.92120962
v -0.60905445 1.32761731 0.95948781
v -0.45498448 1.31596594 1.08779818
v -0.45517672 1.30828455 1.12605218
v -0.45647265 1.28659073 1.15845755
v -0.45867498 1.25418716 1.18008086
v -0.46144841 1.21600698 1.18763016
v -0.46293678 1.19606247 1.18759757
v -0.46585909 1.15791828 1.17992355
v -0.46848539 1.12561719 1.15819450
v -0.47041584 1.10407674 1.12571849
v -0.47135654 1.09657627 1.08743968
v -0.47262783 1.09688356 0.95744625
v -0.47243558 1.10456495 0.91919225
v -0.47113965 1.12625877 0.88678688
v -0.46893732 1.15866235 0.86516357
v -0.46616389 1.19684252 0.85761427
v -0.46467552 1.21678703 0.85764686
v -0.46175321 1.25493122 0.86532089
v -0.45912692 1.28723231 0.88704993
v -0.45719647 1.30877276 0.91952595
v -0.45625576 1.31627323 0.95780476
v -0.30152711 1.30446060 1.08643186
v -0.30182073 1.29678681 1.12468675
v -0.30321217 1.27510014 1.15709295
v -0.30548961 1.24270219 1.17871691
v -0.30830632 1.20452527 1.18626659
v -0.30980727 1.18458169 1.18623410
v -0.31273443 1.14643787 1.17856012
v -0.31532642 1.11413421 1.15683078
v -0.31718862 1.09258864 1.12435417
v -0.31803753 1.08508129 1.08607456
v -0.31898070 1.08536400 0.95607829
v -0.31868708 1.09303779 0.91782341
v -0.31729564 1.11472446 0.88541721
v -0.31501820 1.14712241 0.86379325
v -0.31220149 1.18529933 0.85624357
v -0.31070054 1.20524291 0.85627605
v -0.30777338 1.24338673 0.86395003
v -0.30518139 1.27569039 0.88567937
v -0.30331920 1.29723596 0.91815599
v -0.30247029 1.30474330 0.95643559
v -0.14711879 1.29279979 1.08551394
v -0.14754419 1.28513595 1.12376958
v -0.14905411 1.26345822 1.15617645
v -0.15141867 1.23106685 1.17780092
v -0.15427789 1.19289313 1.18535084
v -0.15578770 1.17295023 1.18531841
v -0.15870630 1.13480576 1.17764438
v -0.16123993 1.10249769 1.15591470
v -0.16300289 1.08094464 1.12343752
v -0.16372677 1.07342785 1.08515720
v -0.16423375 1.07367764 0.95515842
v -0.16380835 1.08134148 0.91690279
v -0.16229843 1.10301921 0.88449591
v -0.15993387 1.13541058 0.86287145
v -0.15707465 1.17358430 0.85532153
v -0.15556483 1.19352720 0.85535396
v -0.15264624 1.23167167 0.86302799
v -0.15011261 1.26397974 0.88475766
v -0.14834965 1.28553279 0.91723484
v -0.14762577 1.29304958 0.95551517
v 0.00834285 1.28100328 1.08517829
v 0.00780070 1.27334827 1.12343422
v 0.00619382 1.25167787 1.15584134
v 0.00376686 1.21929123 1.17746596
v 0.00088929 1.18111889 1.18501593
v -0.00061787 1.16117579 1.18498349
v -0.00350796 1.12302916 1.17730939
v -0.00597058 1.09071573 1.15557954
v -0.00763082 1.06915490 1.12310210
v -0.00823592 1.06162913 1.08482148
v -0.00834285 1.06184866 0.95482171
v -0.00780070 1.06950368 0.91656578
v -0.00619382 1.09117407 0.88415866
v -0.00376686 1.12356072 0.86253404
v -0.00088929 1.16173305 0.85498407
v 0.00061787 1.18167615 0.85501651
v 0.00350796 1.21982278 0.86269061
v 0.00597058 1.25213622 0.88442046
v 0.00763082 1.27369704 0.91689790
v 0.00823592 1.28122281 0.95517852
v 0.16699912 1.26906136 1.08521569
v 0.16641079 1.26140982 1.12347164
v 0.16477754 1.23974141 1.15587876
v 0.16234803 1.20735495 1.17750338
v 0.15949213 1.16918099 1.18505334
v 0.15800176 1.14923663 1.18502090
v 0.15515424 1.11108680 1.17734679
v 0.15274863 1.07876908 1.15561692
v 0.15115115 1.05720354 1.12313947
v 0.15060501 1.04967334 1.08485883
v 0.15067666 1.04987945 0.95485901
v 0.15126499 1.05753099 0.91660307
v 0.15289824 1.07919940 0.88419595
v 0.15532775 1.11158586 0.86257133
v 0.15818365 1.14975982 0.85502136
v 0.15967403 1.16970419 0.85505381
v 0.16252154 1.20785401 0.86272792
v 0.16492715 1.24017173 0.88445779
v 0.16652463 1.26173727 0.91693524
v 0.16707078 1.26926747 0.95521588
v 0.33031810 1.25694298 1.08531773
v 0.32972307 1.24929194 1.12357367
v 0.32809621 1.22762305 1.15598080
v 0.32568519 1.19523522 1.17760543
v 0.32285707 1.15705919 1.18515540
v 0.32138254 1.13711365 1.18512297
v 0.31856787 1.09896139 1.17744888
v 0.31619517 1.06664122 1.15571903
v 0.31462565 1.04507360 1.12324160
v 0.31409826 1.03754200 1.08496097
v 0.31421315 1.03774490 0.95496118
v 0.31480818 1.04539594 0.91670524
v 0.31643504 1.06706483 0.88429811
v 0.31884606 1.09945266 0.86267348
v 0.32167418 1.13762869 0.85512350
v 0.32314871 1.15757423 0.85515593
v 0.32596338 1.19572650 0.86283003
v 0.32833608 1.22804666 0.88455988
v 0.32990560 1.24961428 0.91703731
v 0.33043299 1.25714588 0.95531794
v 0.49740978 1.24463444 1.08546959
v 0.49680797 1.23698389 1.12372552
v 0.49517976 1.21531511 1.15613265
v 0.49277302 1.18292696 1.17775729
v 0.48995416 1.14475025 1.18530727
v 0.48848540 1.12480428 1.18527484
v 0.48568357 1.08665107 1.17760076
v 0.48332531 1.05432983 1.15587093
v 0.48176966 1.03276119 1.12339350
v 0.48125344 1.02522877 1.08511289
v 0.48139882 1.02542942 0.95511312
v 0.48200062 1.03307996 0.91685719
v 0.48362884 1.05474875 0.88445006
v 0.48603558 1.08713690 0.86282543
v 0.48885444 1.12531361 0.85527544
v 0.49032319 1.14525958 0.85530787
v 0.49312503 1.18341279 0.86298195
v 0.49548328 1.21573402 0.88471179
v 0.49703894 1.23730266 0.91718921
v 0.49755516 1.24483508 0.95546983
v 0.66739099 1.23212146 1.08565637
v 0.66678222 1.22447142 1.12391229
v 0.66514535 1.20280328 1.15631941
v 0.66272956 1.17041580 1.17794404
v 0.65990264 1.13223968 1.18549402
v 0.65843025 1.11229398 1.18546158
v 0.65562258 1.07414120 1.17778750
v 0.65326159 1.04182017 1.15605766
v 0.65170673 1.02025147 1.12358024
v 0.65119470 1.01271874 1.08529962
v 0.65135901 1.01291799 0.95529988
v 0.65196778 1.02056802 0.91704396
v 0.65360465 1.04223617 0.88463684
v 0.65602044 1.07462365 0.86301221
v 0.65884736 1.11279976 0.85546223
v 0.66031975 1.13274546 0.85549467
v 0.66312742 1.17089824 0.86316875
v 0.66548841 1.20321928 0.88489859
v 0.66704327 1.22478798 0.91737601
v 0.66755530 1.23232070 0.95565663
v 0.83938058 1.21938953 1.08586314
v 0.83876458 1.21174003 1.12411905
v 0.83711191 1.19007306 1.15652615
v 0.83467416 1.15768720 1.17815075
v 0.83182247 1.11951293 1.18570070
v 0.83033738 1.09956817 1.18566825
v 0.82750589 1.06141715 1.17799414
v 0.82512566 1.02909755 1.15626428
v 0.82355906 1.00752972 1.12378684
v 0.82304461 0.99999717 1.08550623
v 0.82321708 1.00019581 0.95550649
v 0.82383307 1.00784531 0.91725058
v 0.82548575 1.02951228 0.88484348
v 0.82792349 1.06189814 0.86321888
v 0.83077519 1.10007241 0.85566893
v 0.83226028 1.12001717 0.85570138
v 0.83509177 1.15816819 0.86337549
v 0.83747200 1.19048780 0.88510535
v 0.83903859 1.21205563 0.91758279
v 0.83955305 1.21958817 0.95586340
v 1.01249919 1.20642394 1.08607495
v 1.01187558 1.19877502 1.12433086
v 1.01019992 1.17710977 1.15673793
v 1.00772731 1.14472653 1.17836249
v 1.00483419 1.10655536 1.18591239
v 1.00332738 1.08661223 1.18587991
v 1.00045420 1.04846434 1.17820575
v 0.99803838 1.01614740 1.15647584
v 0.99644769 0.99458138 1.12399838
v 0.99592431 0.98704950 1.08571775
v 0.99609456 0.98724831 0.95571802
v 0.99671817 0.99489724 0.91746211
v 0.99839383 1.01656249 0.88505504
v 1.00086644 1.04894573 0.86343048
v 1.00375956 1.08711690 0.85588058
v 1.00526637 1.10706003 0.85591306
v 1.00813955 1.14520792 0.86358722
v 1.01055537 1.17752485 0.88531713
v 1.01214606 1.19909088 0.91779459
v 1.01266944 1.20662275 0.95607521
v 1.18586909 1.19320978 1.08627686
v 1.18523738 1.18556148 1.12453276
v 1.18353128 1.16389855 1.15693980
v 1.18101054 1.13151899 1.17856430
v 1.17805891 1.09335228 1.18611413
v 1.17652114 1.07341151 1.18608162
v 1.17358798 1.03526820 1.17840739
v 1.17111984 1.00295526 1.15667742
v 1.16949247 0.98139204 1.12419992
v 1.16895363 0.97386134 1.08591928
v 1.16911138 0.97406111 0.95591952
v 1.16974309 0.98170941 0.91766363
v 1.17144919 1.00337234 0.88525659
v 1.17396993 1.03575190 0.86363209
v 1.17692156 1.07391861 0.85608226
v 1.17845933 1.09385937 0.85611476
v 1.18139249 1.13200268 0.86378900
v 1.18386063 1.16431563 0.88551896
v 1.18548799 1.18587885 0.91799647
v 1.18602684 1.19340955 0.95627711
v 1.35861428 1.17973191 1.08645391
v 1.35797385 1.17208429 1.12470979
v 1.35622937 1.15042436 1.15711679
v 1.35364643 1.11804966 1.17874123
v 1.35061825 1.07988893 1.18629099
v 1.34903977 1.05995135 1.18625844
v 1.34602736 1.02181423 1.17858413
v 1.34348935 0.98950675 1.15685409
v 1.34181211 0.96794742 1.12437653
v 1.34125100 0.96041847 1.08609587
v 1.34138572 0.96062003 0.95609609
v 1.34202615 0.96826766 0.91784021
v 1.34377063 0.98992758 0.88543321
v 1.34635357 1.02230229 0.86380877
v 1.34938175 1.06046301 0.85625901
v 1.35096023 1.08040059 0.85629156
v 1.35397264 1.11853771 0.86396587
v 1.35651065 1.15084519 0.88569591
v 1.35818789 1.17240452 0.91817347
v 1.35874900 1.17993348 0.95645413
v 1.52986059 1.16597494 1.08659110
v 1.52921068 1.15832808 1.12484698
v 1.52741913 1.13667194 1.15725395
v 1.52475871 1.10430347 1.17887832
v 1.52163442 1.06615048 1.18642800
v 1.52000467 1.04621702 1.18639542
v 1.51689217 1.00808796 1.17872102
v 1.51426530 0.97578762 1.15699092
v 1.51252398 0.95423345 1.12451331
v 1.51193332 0.94670688 1.08623262
v 1.51203395 0.94691118 0.95623282
v 1.51268386 0.95455805 0.91797694
v 1.51447540 0.97621419 0.88556998
v 1.51713582 1.00858265 0.86394560
v 1.52026011 1.04673564 0.85639592
v 1.52188986 1.06666910 0.85642851
v 1.52500236 1.10479817 0.86410290
v 1.52762923 1.13709850 0.88583301
v 1.52937055 1.15865267 0.91831061
v 1.52996121 1.16617925 0.95659130
v 1.69873598 1.15192314 1.08667345
v 1.69807566 1.14427715 1.12492933
v 1.69622734 1.12262574 1.15733626
v 1.69347240 1.09026515 1.17896060
v 1.69023027 1.05212198 1.18651022
v 1.68853752 1.03219377 1.18647761
v 1.68530177 0.99407498 1.17880316
v 1.68256503 0.96178381 1.15707300
v 1.68074393 0.94023629 1.12459536
v 1.68011572 0.93271284 1.08631465
v 1.68017027 0.93292099 0.95631483
v 1.68083059 0.94056698 0.91805895
v 1.68267891 0.96221839 0.88565202
v 1.68543385 0.99457898 0.86402768
v 1.68867598 1.03272215 0.85647806
v 1.69036873 1.05265036 0.85651068
v 1.69360448 1.09076915 0.86418512
v 1.69634122 1.12306032 0.88591528
v 1.69816232 1.14460784 0.91839292
v 1.69879053 1.15213129 0.95667363
v 1.86437110 1.13756036 1.08668592
v 1.86369922 1.12991537 1.12494180
v 1.86178299 1.10826986 1.15734873
v 1.85891413 1.07591916 1.17897306
v 1.85552941 1.03778838 1.18652268
v 1.85376032 1.01786681 1.18649006
v 1.85037503 0.97976101 1.17881560
v 1.84750454 0.94748145 1.15708544
v 1.84558587 0.92594241 1.12460779
v 1.84491112 0.91842300 1.08632708
v 1.84490624 0.91863631 0.95632726
v 1.84557812 0.92628130 0.91807138
v 1.84749436 0.94792681 0.88566445
v 1.85036321 0.98027751 0.86404012
v 1.85374794 1.01840829 0.85649050
v 1.85551703 1.03832986 0.85652312
v 1.85890232 1.07643566 0.86419758
v 1.86177280 1.10871522 0.88592774
v 1.86369147 1.13025426 0.91840539
v 1.86436623 1.13777367 0.95668610
v 2.02589996 1.12286981 1.08661345
v 2.02521510 1.11522600 1.12486933
v 2.02321794 1.09358786 1.15727630
v 2.02021253 1.06124961 1.17890070
v 2.01665643 1.02313445 1.18645040
v 2.01479549 1.00322124 1.18641782
v 2.01123007 0.96513186 1.17874345
v 2.00819814 0.93286701 1.15701336
v 2.00616128 0.91133874 1.12453577
v 2.00542958 0.90382452 1.08625509
v 2.00535004 0.90404464 0.95625530
v 2.00603490 0.91168845 0.91799942
v 2.00803206 0.93332658 0.88559245
v 2.01103747 0.96566483 0.86396805
v 2.01459357 1.00377999 0.85641835
v 2.01645451 1.02369320 0.85645093
v 2.02001993 1.06178258 0.86412530
v 2.02305186 1.09404743 0.88585539
v 2.02508872 1.11557570 0.91833298
v 2.02582042 1.12308992 0.95661366
v 2.18246108 1.10783382 1.08644088
v 2.18176147 1.10019143 1.12469678
v 2.17966785 1.07856258 1.15710386
v 2.17649896 1.04624006 1.17872844
v 2.17273722 1.00814469 1.18627837
v 2.17076598 0.98824210 1.18624592
v 2.16698409 0.95017355 1.17857180
v 2.16375781 0.91792742 1.15684193
v 2.16157831 0.89641287 1.12436450
v 2.16077740 0.88890531 1.08608390
v 2.16060533 0.88913433 0.95608421
v 2.16130494 0.89677672 0.91782832
v 2.16339855 0.91840557 0.88542123
v 2.16656745 0.95072809 0.86379665
v 2.17032919 0.98882346 0.85624672
v 2.17230043 1.00872605 0.85627918
v 2.17608232 1.04679460 0.86395330
v 2.17930860 1.07904074 0.88568317
v 2.18148810 1.10055528 0.91816060
v 2.18228901 1.10806284 0.95644120
v 2.33319920 1.09243340 1.08615297
v 2.33248263 1.08479275 1.12440891
v 2.33027360 1.06317572 1.15681621
v 2.32690842 1.03087331 1.17844117
v 2.32289941 0.99280326 1.18599159
v 2.32079545 0.97291426 1.18595939
v 2.31675294 0.93487240 1.17828578
v 2.31329237 0.90265026 1.15655637
v 2.31094057 0.88115336 1.12407927
v 2.31005560 0.87365441 1.08579883
v 2.30976955 0.87389510 0.95579937
v 2.31048612 0.88153575 0.91754344
v 2.31269515 0.90315279 0.88513613
v 2.31606033 0.93545520 0.86351117
v 2.32006934 0.97352525 0.85596076
v 2.32217330 0.99341425 0.85599295
v 2.32621581 1.03145611 0.86366657
v 2.32967638 1.06367825 0.88539598
v 2.33202818 1.08517515 0.91787307
v 2.33291315 1.09267410 0.95615351
v 2.47726788 1.07664750 1.08573429
v 2.47653152 1.06900902 1.12399028
v 2.47418348 1.04740726 1.15639800
v 2.47058121 1.01513090 1.17802366
v 2.46627315 0.97709371 1.18557496
v 2.46400859 0.95722235 1.18554323
v 2.45965059 0.91921515 1.17787055
v 2.45590611 0.88702420 1.15614198
v 2.45334522 0.86555027 1.12366550
v 2.45235779 0.85806258 1.08538536
v 2.45193134 0.85831870 0.95538631
v 2.45266770 0.86595718 0.91713032
v 2.45501574 0.88755894 0.88472261
v 2.45861800 0.91983530 0.86309695
v 2.46292607 0.95787249 0.85554565
v 2.46519062 0.97774385 0.85557737
v 2.46954863 1.01575105 0.86325006
v 2.47329311 1.04794200 0.88497863
v 2.47585400 1.06941593 0.91745511
v 2.47684143 1.07690362 0.95573524
v 2.61348685 1.06049427 1.08517064
v 2.61274277 1.05285669 1.12342666
v 2.61028519 1.03126780 1.15583483
v 2.60648824 0.99901429 1.17746128
v 2.60192998 0.96100647 1.18501360
v 2.59953012 0.94115100 1.18498244
v 2.59490450 0.90317522 1.17731084
v 2.59091573 0.87101295 1.15558327
v 2.58817106 0.84956060 1.12310755
v 2.58708834 0.84208410 1.08482780
v 2.58651315 0.84235768 0.95482936
v 2.58725723 0.84999525 0.91657334
v 2.58971481 0.87158415 0.88416517
v 2.59351176 0.90383766 0.86253872
v 2.59807002 0.94184547 0.85498640
v 2.60046988 0.96170094 0.85501756
v 2.60509550 0.99967672 0.86268916
v 2.60908427 1.03183899 0.88441673
v 2.61182894 1.05329134 0.91689245
v 2.61291166 1.06076785 0.95517220
v 2.74290837 1.04454485 1.08449171
v 2.74218358 1.03690493 1.12274763
v 2.73970830 1.01531819 1.15515588
v 2.73585935 0.98307103 1.17678261
v 2.73122271 0.94507277 1.18433534
v 2.72877810 0.92522276 1.18430440
v 2.72405965 0.88725831 1.17663329
v 2.71997774 0.85510740 1.15490620
v 2.71715379 0.83366472 1.12243088
v 2.71601773 0.82619473 1.08415141
v 2.71531917 0.82648336 0.95415361
v 2.71604396 0.83412328 0.91589768
v 2.71851924 0.85571002 0.88348943
v 2.72236819 0.88795719 0.86186270
v 2.72700483 0.92595544 0.85430998
v 2.72944944 0.94580545 0.85434091
v 2.73416788 0.98376990 0.86201203
v 2.73824980 1.01592081 0.88373912
v 2.74107375 1.03736349 0.91621443
v 2.74220981 1.04483349 0.95449390
v 2.86791376 1.02916320 1.08373398
v 2.86721639 1.02151989 1.12198973
v 2.86475583 0.99993133 1.15439790
v 2.86090669 0.96768419 1.17602463
v 2.85625496 0.92968780 1.18357744
v 2.85379918 0.90983917 1.18354657
v 2.84905304 0.87187813 1.17587563
v 2.84493506 0.83973168 1.15414876
v 2.84207215 0.81829381 1.12167368
v 2.84090018 0.81082824 1.08339442
v 2.84009405 0.81113015 0.95339727
v 2.84079143 0.81877346 0.91514152
v 2.84325198 0.84036202 0.88273335
v 2.84710113 0.87260916 0.86110662
v 2.85175286 0.91060555 0.85355381
v 2.85420864 0.93045418 0.85358468
v 2.85895477 0.96841522 0.86125562
v 2.86307275 1.00056167 0.88298249
v 2.86593566 1.02199954 0.91545757
v 2.86710764 1.02946510 0.95373683
v 2.98894711 1.01410580 1.08289522
v 2.98826693 1.00646034 1.12115086
v 2.98578821 0.98487405 1.15355915
v 2.98188831 0.95263325 1.17518623
v 2.97716095 0.91464630 1.18273957
v 2.97466216 0.89480303 1.18270900
v 2.96982704 0.85685311 1.17503867
v 2.96562027 0.82471773 1.15331242
v 2.96268228 0.80328923 1.12083786
v 2.96146036 0.79582990 1.08255895
v 2.96054019 0.79614605 0.95256259
v 2.96122037 0.80379150 0.91430696
v 2.96369909 0.82537779 0.88189866
v 2.96759899 0.85761860 0.86027158
v 2.97232635 0.89560555 0.85271824
v 2.97482515 0.91544881 0.85274881
v 2.97966026 0.95339874 0.86041914
v 2.98386704 0.98553411 0.88214540
v 2.98680503 1.00696261 0.91461996
v 2.98802694 1.01442194 0.95289886
v 3.10609977 0.99917129 1.08197496
v 3.10542545 0.99152508 1.12023055
v 3.10289224 0.96994576 1.15263927
v 3.09888579 0.93771859 1.17426719
v 3.09401605 0.89974985 1.18182165
v 3.09143914 0.87991658 1.18179169
v 3.08644748 0.84198667 1.17412260
v 3.08209384 0.80987008 1.15239750
v 3.07904103 0.78845627 1.11992384
v 3.07775379 0.78100530 1.08164545
v 3.07671273 0.78133691 0.95165004
v 3.07738705 0.78898311 0.91339445
v 3.07992026 0.81056243 0.88098573
v 3.08392671 0.84278961 0.85935781
v 3.08879645 0.88075835 0.85180335
v 3.09137336 0.90059162 0.85183331
v 3.09636502 0.93852152 0.85950240
v 3.10071866 0.97063811 0.88122750
v 3.10377147 0.99205192 0.91370116
v 3.10505871 0.99950289 0.95197955
v 3.21946451 0.98415679 1.08097262
v 3.21878349 0.97651148 1.11922827
v 3.21615573 0.95494472 1.15163783
v 3.21198131 0.92273987 1.17326723
v 3.20689572 0.88479982 1.18082360
v 3.20420209 0.86498206 1.18079468
v 3.19897959 0.82708284 1.17312762
v 3.19441524 0.79499426 1.15140439
v 3.19120393 0.77360152 1.11893213
v 3.18983456 0.76616146 1.08065447
v 3.18866537 0.76651009 0.95066019
v 3.18934640 0.77415541 0.91240454
v 3.19197415 0.79572216 0.87999499
v 3.19614858 0.82792701 0.85836558
v 3.20123416 0.86586706 0.85080921
v 3.20392779 0.88568482 0.85083813
v 3.20915029 0.92358404 0.85850519
v 3.21371464 0.95567262 0.88022842
v 3.21692595 0.97706537 0.91270068
v 3.21829533 0.98450543 0.95097835
v 3.32913553 0.96885754 1.07988750
v 3.32843390 0.96121511 1.11814336
v 3.32566757 0.93966775 1.15055428
v 3.32125768 0.90749587 1.17218602
v 3.31587560 0.86959733 1.17974533
v 3.31302285 0.84980185 1.17971798
v 3.30748795 0.81194636 1.17205402
v 3.30264287 0.77989708 1.15033356
v 3.29922523 0.75853322 1.11786335
v 3.29775534 0.75110724 1.07958668
v 3.29645041 0.75147488 0.94959375
v 3.29715203 0.75911731 0.91133789
v 3.29991837 0.78066466 0.87892697
v 3.30432826 0.81283654 0.85729523
v 3.30971034 0.85073508 0.84973592
v 3.31256308 0.87053057 0.84976327
v 3.31809798 0.90838605 0.85742723
v 3.32294306 0.94043533 0.87914769
v 3.32636070 0.96179919 0.91161790
v 3.32783060 0.96922518 0.94989457
v 3.43520831 0.95306636 1.07871878
v 3.43447077 0.94542929 1.11697503
v 3.43151756 0.92390986 1.14938802
v 3.42679828 0.89178420 1.17102316
v 3.42103138 0.85394315 1.17858671
v 3.41797313 0.83417837 1.17856163
v 3.41203658 0.79638289 1.17090210
v 3.40683418 0.76438700 1.14918558
v 3.40315792 0.74306178 1.11671822
v 3.40156750 0.73565380 1.07844288
v 3.40011884 0.73604291 0.94845154
v 3.40085637 0.74367998 0.91019529
v 3.40380958 0.76519941 0.87778230
v 3.40852887 0.79732507 0.85614715
v 3.41429576 0.83516612 0.84858360
v 3.41735402 0.85493090 0.84860868
v 3.42329056 0.89272638 0.85626821
v 3.42849297 0.92472227 0.87798473
v 3.43216923 0.94604749 0.91045209
v 3.43375965 0.95345547 0.94872743
v 3.53777941 0.93657312 1.07746547
v 3.53698916 0.92894456 1.11572236
v 3.53379629 0.90746380 1.14813828
v 3.52868691 0.87540109 1.16977820
v 3.52243885 0.83763768 1.17734763
v 3.51912448 0.81791423 1.17732568
v 3.51268897 0.78019927 1.16967225
v 3.50704575 0.74827451 1.14796112
v 3.50305395 0.72700020 1.11549762
v 3.50132129 0.71961518 1.07722402
v 3.49972059 0.72002883 0.94723453
v 3.50051084 0.72765738 0.90897764
v 3.50370371 0.74913814 0.87656172
v 3.50881309 0.78120086 0.85492180
v 3.51506115 0.81896426 0.84735237
v 3.51837552 0.83868771 0.84737432
v 3.52481103 0.87640268 0.85502775
v 3.53045425 0.90832744 0.87673888
v 3.53444605 0.92960174 0.90920238
v 3.53617871 0.93698677 0.94747598
v 3.63694605 0.91916408 1.07612642
v 3.63608469 0.91154805 1.11438428
v 3.63259477 0.89011962 1.14680421
v 3.62700760 0.85814108 1.16845058
v 3.62017376 0.82048086 1.17602793
v 3.61654833 0.80081221 1.17601018
v 3.60950822 0.76320375 1.16836492
v 3.60333364 0.73137259 1.14666098
v 3.59896461 0.71016474 1.11420257
v 3.59706627 0.70280890 1.07593121
v 3.59530492 0.70325085 0.94594389
v 3.59616628 0.71086688 0.90768604
v 3.59965620 0.73229531 0.87526610
v 3.60524338 0.76427386 0.85361973
v 3.61207721 0.80193407 0.84604238
v 3.61570265 0.82160273 0.84606013
v 3.62274275 0.85921119 0.85370539
v 3.62891733 0.89104234 0.87540934
v 3.63328636 0.91225019 0.90786774
v 3.63518470 0.91960603 0.94613911
v 3.73280539 0.90062122 1.07470031
v 3.73185296 0.89302287 1.11295952
v 3.72800392 0.87166414 1.14538480
v 3.72184427 0.83979670 1.16703969
v 3.71431175 0.80227208 1.17462744
v 3.71031598 0.78267531 1.17461521
v 3.70255735 0.74520630 1.16698064
v 3.69575380 0.71349722 1.14528606
v 3.69094110 0.69237548 1.11283426
v 3.68885193 0.68505667 1.07456574
v 3.68692117 0.68553150 0.94458094
v 3.68787361 0.69312986 0.90632173
v 3.69172264 0.71448859 0.87389645
v 3.69788229 0.74635603 0.85224156
v 3.70541481 0.78388064 0.84465381
v 3.70941058 0.80347742 0.84466604
v 3.71716921 0.84094642 0.85230061
v 3.72397276 0.87265551 0.87399519
v 3.72878547 0.89377725 0.90644699
v 3.73087463 0.90109605 0.94471551
v 3.82545351 0.88072152 1.07318561
v 3.82438845 0.87314743 1.11144666
v 3.82011376 0.85188042 1.14387890
v 3.81328022 0.82015818 1.16554482
v 3.80492818 0.78281016 1.17314598
v 3.80049866 0.76330684 1.17314084
v 3.79189963 0.72601892 1.16552002
v 3.78436275 0.69446784 1.14383743
v 3.77903544 0.67345699 1.11139405
v 3.77672872 0.66618506 1.07312909
v 3.77461973 0.66669829 0.94314721
v 3.77568479 0.67427238 0.90488615
v 3.77995948 0.69553940 0.87245391
v 3.78679302 0.72726163 0.85078799
v 3.79514506 0.76460966 0.84318684
v 3.79957459 0.78411297 0.84319198
v 3.80817361 0.82140090 0.85081279
v 3.81571049 0.85295197 0.87249538
v 3.82103780 0.87396283 0.90493876
v 3.82334452 0.88123475 0.94320373
v 3.91498391 0.85923638 1.07158061
v 3.91378322 0.85169494 1.10984410
v 3.90901229 0.83054737 1.14228524
v 3.90139743 0.79901320 1.16396517
v 3.89209794 0.76189322 1.17158332
v 3.88716754 0.74251047 1.17158717
v 3.87759919 0.70545586 1.16398374
v 3.86921867 0.67410786 1.14231628
v 3.86330183 0.65323890 1.10988347
v 3.86074947 0.64602610 1.07162291
v 3.85845359 0.64658431 0.94164439
v 3.85965428 0.65412576 0.90338090
v 3.86442521 0.67527333 0.87093976
v 3.87204007 0.70680749 0.84925983
v 3.88133956 0.74392747 0.84164168
v 3.88626996 0.76331022 0.84163783
v 3.89583831 0.80036483 0.84924126
v 3.90421883 0.83171284 0.87090872
v 3.91013567 0.85258180 0.90334153
v 3.91268803 0.85979459 0.94160209
v 4.00148543 0.83593129 1.06988347
v 4.00012490 0.82843303 1.10815009
v 3.99478390 0.80743948 1.14060243
v 3.98627555 0.77614672 1.16229990
v 3.97589516 0.73931878 1.16993926
v 3.97039389 0.72009027 1.16995432
v 3.95972179 0.68333387 1.16237255
v 3.95038271 0.65224485 1.14072391
v 3.94379843 0.63155622 1.10830420
v 3.94097136 0.62441764 1.07004904
v 3.93848039 0.62502857 0.94007434
v 3.93984092 0.63252682 0.90180772
v 3.94518192 0.65352037 0.86935538
v 3.95369027 0.68481314 0.84765791
v 3.96407066 0.72164108 0.84001855
v 3.96957193 0.74086959 0.84000350
v 3.98024403 0.77762598 0.84758526
v 3.98958311 0.80871500 0.86923390
v 3.99616739 0.82940363 0.90165361
v 3.99899446 0.83654221 0.93990877
v 4.08503966 0.81056590 1.06809223
v 4.08349423 0.80312392 1.10636282
v 4.07750743 0.78232694 1.13882901
v 4.06799070 0.75134111 1.16054810
v 4.05639288 0.71488373 1.16821358
v 4.05024914 0.69585077 1.16824241
v 4.03833589 0.65947215 1.16068727
v 4.02792089 0.62871062 1.13906170
v 4.02058974 0.60824932 1.10665801
v 4.01745853 0.60120332 1.06840937
v 4.01476503 0.60187589 0.93843902
v 4.01631046 0.60931786 0.90016843
v 4.02229726 0.63011485 0.86770224
v 4.03181398 0.66110068 0.84598315
v 4.04341180 0.69755806 0.83831767
v 4.04955554 0.71659102 0.83828884
v 4.06146880 0.75296964 0.84584398
v 4.07188379 0.78373117 0.86746955
v 4.07921495 0.80419246 0.89987324
v 4.08234616 0.81123847 0.93812188
v 4.16571771 0.78289492 1.06620495
v 4.16396207 0.77552522 1.10448046
v 4.15725373 0.75497630 1.13696353
v 4.14661399 0.72437657 1.15870891
v 4.13366265 0.68838454 1.16640606
v 4.12680515 0.66959698 1.16645159
v 4.11351393 0.63369212 1.15892870
v 4.10190631 0.60334062 1.13733104
v 4.09374943 0.58316321 1.10494668
v 4.09028511 0.57623173 1.06670583
v 4.08738287 0.57697607 0.93674036
v 4.08913852 0.58434577 0.89846485
v 4.09584685 0.60489468 0.86598178
v 4.10648659 0.63549442 0.84423640
v 4.11943793 0.67148645 0.83653925
v 4.12629544 0.69027401 0.83649372
v 4.13958665 0.72617887 0.84401662
v 4.15119428 0.75653037 0.86561427
v 4.15935116 0.77670777 0.89799864
v 4.16281548 0.78363925 0.93623948
v 4.24387688 0.75254583 1.06421109
v 4.24188202 0.74526957 1.10249276
v 4.23433732 0.72504735 1.13499735
v 4.22239141 0.69495782 1.15677635
v 4.20786294 0.65958184 1.16451409
v 4.20017312 0.64111938 1.16458104
v 4.18527391 0.60584262 1.15709953
v 4.17227224 0.57603565 1.13553775
v 4.16314750 0.55623630 1.10317830
v 4.15928884 0.54945886 1.06494760
v 4.15612312 0.55030611 0.93498891
v 4.15811798 0.55758237 0.89670724
v 4.16566268 0.57780459 0.86420265
v 4.17760859 0.60789412 0.84242365
v 4.19213706 0.64327011 0.83468591
v 4.19982688 0.66173256 0.83461896
v 4.21472609 0.69700932 0.84210047
v 4.22772776 0.72681630 0.86366225
v 4.23685250 0.74661564 0.89602170
v 4.24071116 0.75339309 0.93425240
v 4.31866106 0.71912126 1.06205960
v 4.31640071 0.71196409 1.10034896
v 4.30788374 0.69217800 1.13288173
v 4.29440678 0.66277526 1.15470510
v 4.27802158 0.62823215 1.16249665
v 4.26935014 0.61021002 1.16259206
v 4.25255120 0.57578543 1.15516560
v 4.23789599 0.54672019 1.13365175
v 4.22761566 0.52743921 1.10132579
v 4.22327527 0.52087785 1.06310905
v 4.21974226 0.52188986 0.93316101
v 4.22200261 0.52904703 0.89487165
v 4.23051958 0.54883312 0.86233887
v 4.24399654 0.57823587 0.84051550
v 4.26038174 0.61277897 0.83272395
v 4.26905318 0.63080110 0.83262855
v 4.28585212 0.66522569 0.84005500
v 4.30050733 0.69429094 0.86156886
v 4.31078767 0.71357192 0.89389482
v 4.31512805 0.72013327 0.93211156
v 4.38866801 0.68282226 1.05972907
v 4.38613505 0.67580626 1.09802750
v 4.37659797 0.65654841 1.13059418
v 4.36150872 0.62798056 1.15247115
v 4.34316449 0.59445190 1.16032782
v 4.33345654 0.57696651 1.16045769
v 4.31465008 0.54358147 1.15309797
v 4.29824449 0.51542262 1.13164230
v 4.28673739 0.49677690 1.09935712
v 4.28188062 0.49048295 1.06115755
v 4.27793355 0.49170937 0.93122327
v 4.28046652 0.49872537 0.89292485
v 4.29000359 0.51798322 0.86035816
v 4.30509284 0.54655107 0.83848120
v 4.32343707 0.58007973 0.83062452
v 4.33314502 0.59756512 0.83049466
v 4.35195148 0.63095016 0.83785438
v 4.36835707 0.65910901 0.85931004
v 4.37986417 0.67775473 0.89159523
v 4.38472094 0.68404868 0.92979480
v 4.45374045 0.64408969 1.05724813
v 4.45094336 0.63723065 1.09555660
v 4.44041971 0.61855912 1.12816084
v 4.42377162 0.59091768 1.15009714
v 4.40353361 0.55851449 1.15802590
v 4.39282375 0.54162453 1.15819390
v 4.37207688 0.50939267 1.15090803
v 4.35397966 0.48223915 1.12951675
v 4.34128725 0.46429786 1.09727669
v 4.33593194 0.45830018 1.05909609
v 4.33158670 0.45976323 0.92917697
v 4.33438379 0.46662227 0.89086849
v 4.34490744 0.48529380 0.85826426
v 4.36155553 0.51293524 0.83632796
v 4.38179354 0.54533843 0.82839920
v 4.39250340 0.56222839 0.82823120
v 4.41325027 0.59446025 0.83551707
v 4.43134748 0.62161377 0.85690834
v 4.44403990 0.63955506 0.88914841
v 4.44939521 0.64555274 0.92732901
v 4.51413588 0.60322111 1.05463680
v 4.51108815 0.59653137 1.09295609
v 4.49963019 0.57849094 1.12560065
v 4.48150636 0.55184630 1.14760063
v 4.45947585 0.52065386 1.15560675
v 4.44781772 0.50440442 1.15581567
v 4.42523448 0.47341294 1.14860905
v 4.40553661 0.44734060 1.12728685
v 4.39172292 0.43015668 1.09509517
v 4.38589643 0.42447727 1.05693490
v 4.38117662 0.42619333 0.92703195
v 4.38422435 0.43288307 0.88871266
v 4.39568231 0.45092350 0.85606810
v 4.41380614 0.47756815 0.83406812
v 4.43583665 0.50876059 0.82606200
v 4.44749478 0.52501003 0.82585308
v 4.47007802 0.55600150 0.83305970
v 4.48977589 0.58207384 0.85438190
v 4.50358958 0.59925776 0.88657358
v 4.50941607 0.60493718 0.92473385
v 4.57012482 0.56053769 1.05191662
v 4.56684433 0.55402503 1.09024719
v 4.55452084 0.53664307 1.12293371
v 4.53503049 0.51103805 1.14499994
v 4.51134050 0.48110811 1.15308650
v 4.49880455 0.46552650 1.15333798
v 4.47452151 0.43582820 1.14621376
v 4.45334230 0.41088283 1.12496337
v 4.43849125 0.39448811 1.09282199
v 4.43222931 0.38913998 1.05468283
v 4.42716522 0.39111796 0.92479657
v 4.43044571 0.39763062 0.88646599
v 4.44276920 0.41501259 0.85377947
v 4.46225955 0.44061760 0.83171324
v 4.48594954 0.47054754 0.82362668
v 4.49848549 0.48612915 0.82337521
v 4.52276853 0.51582746 0.83049942
v 4.54394774 0.54077282 0.85174981
v 4.55879879 0.55716754 0.88389120
v 4.56506073 0.56251568 0.92203035
v 4.62199779 0.51637722 1.04911011
v 4.61850595 0.51004407 1.08745209
v 4.60539881 0.49332770 1.12018090
v 4.58467182 0.46877301 1.14231388
v 4.55948047 0.44011824 1.15048147
v 4.54615042 0.42521109 1.15077581
v 4.52032987 0.39681867 1.14373458
v 4.49781106 0.37301109 1.12255649
v 4.48202228 0.35741283 1.09046571
v 4.47536722 0.35239858 1.05234778
v 4.46999440 0.35463879 0.92247817
v 4.47348624 0.36097193 0.88413619
v 4.48659338 0.37768831 0.85140738
v 4.50732037 0.40224299 0.82927440
v 4.53251172 0.43089776 0.82110681
v 4.54584177 0.44580491 0.82081248
v 4.57166232 0.47419733 0.82785370
v 4.59418113 0.49800492 0.84903179
v 4.60996991 0.51360318 0.88112257
v 4.61662497 0.51861742 0.91924050
v 4.67006914 0.47108541 1.04624026
v 4.66638977 0.46492849 1.08459341
v 4.65258985 0.44886316 1.11736347
v 4.63077030 0.42533522 1.13956150
v 4.60425293 0.39792659 1.14780804
v 4.59022162 0.38367845 1.14814413
v 4.56304347 0.35656184 1.14118373
v 4.53934217 0.33386551 1.12007605
v 4.52272603 0.31904477 1.08803453
v 4.51572469 0.31435594 1.04993721
v 4.51008223 0.31684955 0.92008366
v 4.51376160 0.32300646 0.88173052
v 4.52756151 0.33907179 0.84896046
v 4.54938107 0.36259973 0.82676243
v 4.57589844 0.39000837 0.81851588
v 4.58992975 0.40425650 0.81817980
v 4.61710790 0.43137311 0.82514020
v 4.64080920 0.45406944 0.84624788
v 4.65742534 0.46889018 0.87828940
v 4.66442667 0.47357901 0.91638671
v 4.71467702 0.42500714 1.04332994
v 4.71083529 0.41901746 1.08169365
v 4.69643835 0.40356710 1.11450255
v 4.67367799 0.38100824 1.13676177
v 4.64601929 0.35477525 1.14508257
v 4.63138448 0.34114874 1.14545791
v 4.60303821 0.31523537 1.13857350
v 4.57831984 0.29358667 1.11753198
v 4.56099251 0.27949849 1.08553673
v 4.55369416 0.27511561 1.04745873
v 4.54782298 0.27784480 0.91762006
v 4.55166471 0.28383448 0.87925635
v 4.56606165 0.29928484 0.84644745
v 4.58882201 0.32184371 0.82418823
v 4.61648071 0.34807670 0.81586743
v 4.63111552 0.36170320 0.81549209
v 4.65946179 0.38761658 0.82237650
v 4.68418016 0.40926527 0.84341802
v 4.70150749 0.42335345 0.87541327
v 4.70880584 0.42773633 0.91349127
v 4.75618000 0.37847927 1.04040142
v 4.75220147 0.37264250 1.07877476
v 4.73730461 0.35775086 1.11161881
v 4.71375735 0.33607148 1.13393339
v 4.68514455 0.31090484 1.14232129
v 4.67000537 0.29784204 1.14273211
v 4.64068306 0.27301954 1.13591636
v 4.61511529 0.25232017 1.11493458
v 4.59719453 0.23889524 1.08298107
v 4.58964906 0.23478855 1.04492046
v 4.58359050 0.23772716 0.91509496
v 4.58756904 0.24356394 0.87672163
v 4.60246589 0.25845557 0.84387757
v 4.62601315 0.28013496 0.82156300
v 4.65462596 0.30530160 0.81317509
v 4.66976514 0.31836439 0.81276427
v 4.69908745 0.34318689 0.81958003
v 4.72465522 0.36388626 0.84056181
v 4.74257597 0.37731120 0.87251532
v 4.75012145 0.38141788 0.91057593
v 4.79495137 0.33182575 1.03747609
v 4.79086128 0.32612276 1.07585781
v 4.77556045 0.31171564 1.10873225
v 4.75137827 0.29079774 1.13109457
v 4.72199628 0.26655362 1.13954031
v 4.70645062 0.25397834 1.13998169
v 4.67634195 0.23009895 1.13322507
v 4.65009038 0.21021971 1.11229471
v 4.63169246 0.19736705 1.08037708
v 4.62394912 0.19349768 1.04233134
v 4.61774394 0.19661213 0.91251688
v 4.62183403 0.20231512 0.87413516
v 4.63713486 0.21672224 0.84126072
v 4.66131704 0.23764014 0.81889840
v 4.69069903 0.26188426 0.81045266
v 4.70624469 0.27445954 0.81001127
v 4.73635336 0.29833893 0.81676790
v 4.76260494 0.31821818 0.83769826
v 4.78100285 0.33107083 0.86961589
v 4.78874620 0.33494021 0.90766163
v 4.83137234 0.28535530 1.03457429
v 4.82719529 0.27976288 1.07296292
v 4.81158382 0.26575072 1.10586201
v 4.78691464 0.24545202 1.12826299
v 4.75694340 0.22195709 1.13675551
v 4.74108652 0.20977752 1.13722160
v 4.71037608 0.18666324 1.13051275
v 4.68360183 0.16744856 1.10962388
v 4.66483990 0.15505873 1.07773515
v 4.65694662 0.15138000 1.03970131
v 4.65063449 0.15463044 0.90989534
v 4.65481155 0.16022285 0.87150671
v 4.67042302 0.17423501 0.83860762
v 4.69509220 0.19453371 0.81620664
v 4.72506343 0.21802864 0.80771412
v 4.74092032 0.23020821 0.80724803
v 4.77163075 0.25332249 0.81395688
v 4.79840501 0.27253717 0.83484575
v 4.81716694 0.28492700 0.86673448
v 4.82506022 0.28860574 0.90476831
v 4.86582531 0.23936107 1.03171530
v 4.86158511 0.23385264 1.07010914
v 4.84575355 0.22013320 1.10302643
v 4.82074084 0.20029140 1.12545581
v 4.79035495 0.17734798 1.13398260
v 4.77427926 0.16545942 1.13446678
v 4.74314615 0.14290731 1.12779286
v 4.71600556 0.12417986 1.10693428
v 4.69698941 0.11212816 1.07506656
v 4.68899272 0.10858696 1.03704128
v 4.68261219 0.11192837 0.90724095
v 4.68685239 0.11743680 0.86884711
v 4.70268395 0.13115624 0.83592982
v 4.72769666 0.15099804 0.81350044
v 4.75808255 0.17394146 0.80497365
v 4.77415824 0.18583002 0.80448947
v 4.80529135 0.20838213 0.81116339
v 4.83243194 0.22710958 0.83202197
v 4.85144809 0.23916129 0.86388969
v 4.85944478 0.24270248 0.90191497
v 4.89868772 0.19412151 1.02891736
v 4.89440765 0.18866775 1.06731459
v 4.87844458 0.17512865 1.10024303
v 4.85322873 0.15556540 1.12268963
v 4.82259900 0.13295634 1.13123710
v 4.80639494 0.12124381 1.13173217
v 4.77501442 0.09903096 1.12507923
v 4.74766051 0.08059602 1.10423874
v 4.72849760 0.06874556 1.07238346
v 4.72044306 0.06528368 1.03436308
v 4.71403201 0.06866696 0.90456535
v 4.71831208 0.07412072 0.86616813
v 4.73427515 0.08765982 0.83323968
v 4.75949099 0.10722307 0.81079308
v 4.79012073 0.12983213 0.80224561
v 4.80632479 0.14154466 0.80175055
v 4.83770531 0.16375751 0.80840348
v 4.86505922 0.18219244 0.82924398
v 4.88422213 0.19404291 0.86109925
v 4.89227667 0.19750478 0.89911963
v 4.93032708 0.14990131 1.02619781
v 4.92603030 0.14447082 1.06459646
v 4.91002400 0.13099188 1.09752860
v 4.88474499 0.11151655 1.11998061
v 4.85404178 0.08900977 1.12853437
v 4.83779955 0.07735037 1.12903270
v 4.80634641 0.05523859 1.12238598
v 4.77893182 0.03688813 1.10155068
v 4.75972938 0.02509268 1.06969879
v 4.75166249 0.02164799 1.03167947
v 4.74525885 0.02502094 0.90188110
v 4.74955564 0.03045144 0.86348244
v 4.76556194 0.04393038 0.83055030
v 4.79084094 0.06340571 0.80809829
v 4.82154416 0.08591249 0.79954454
v 4.83778639 0.09757188 0.79904620
v 4.86923952 0.11968367 0.80569292
v 4.89665412 0.13803413 0.82652822
v 4.91585656 0.14982958 0.85838012
v 4.92392344 0.15327427 0.89639944
v 4.96109712 0.10695185 1.02357299
v 4.95680727 0.10151171 1.06197106
v 4.94084810 0.08796726 1.09489920
v 4.91564924 0.06838054 1.11734440
v 4.88504699 0.04573344 1.12588958
v 4.86885894 0.03399873 1.12638331
v 4.83751222 0.01173906 1.11972756
v 4.81019327 -0.00674435 1.09888413
v 4.79106116 -0.01863755 1.06702627
v 4.78302859 -0.02212992 1.02900403
v 4.77667144 -0.01882158 0.89920172
v 4.78096128 -0.01338144 0.86080365
v 4.79692045 0.00016300 0.82787551
v 4.82211931 0.01974972 0.80543031
v 4.85272156 0.04239683 0.79688512
v 4.86890961 0.05413153 0.79639139
v 4.90025634 0.07639121 0.80304715
v 4.92757529 0.09487461 0.82389057
v 4.94670739 0.10676781 0.85574844
v 4.95473997 0.11026019 0.89377067
v 4.99279381 0.06350149 1.02093645
v 4.98846672 0.05811336 1.05933767
v 4.97239619 0.04472441 1.09227524
v 4.94702880 0.02537299 1.11473471
v 4.91622653 0.00300518 1.12329683
v 4.89993366 -0.00858318 1.12379943
v 4.86838586 -0.03056209 1.11716070
v 4.84089539 -0.04880601 1.09633180
v 4.82164744 -0.06053746 1.06448374
v 4.81357232 -0.06397044 1.02646511
v 4.80720619 -0.06064955 0.89666355
v 4.81153328 -0.05526142 0.85826233
v 4.82760381 -0.04187247 0.82532476
v 4.85297120 -0.02252105 0.80286529
v 4.88377347 -0.00015323 0.79430317
v 4.90006634 0.01143512 0.79380057
v 4.93161414 0.03341403 0.80043930
v 4.95910461 0.05165795 0.82126820
v 4.97835256 0.06338940 0.85311626
v 4.98642768 0.06682238 0.89113489
v 5.02769662 0.01290416 1.01789565
v 5.02323407 0.00771576 1.05630887
v 5.00669007 -0.00497507 1.08928839
v 4.98058329 -0.02323625 1.11181336
v 4.94888825 -0.04428769 1.12045458
v 4.93212425 -0.05518136 1.12099892
v 4.89966623 -0.07581817 1.11444083
v 4.87138668 -0.09289858 1.09368184
v 4.85159089 -0.10382225 1.06188232
v 4.84329260 -0.10692615 1.02388346
v 4.83677746 -0.10338555 0.89409510
v 4.84124000 -0.09819715 0.85568188
v 4.85778400 -0.08550632 0.82270237
v 4.88389078 -0.06724514 0.80017739
v 4.91558582 -0.04619370 0.79153618
v 4.93234982 -0.03530003 0.79099183
v 4.96480784 -0.01466322 0.79754992
v 4.99308740 0.00241719 0.81830892
v 5.01288318 0.01334086 0.85010844
v 5.02118148 0.01644476 0.88810730
v 5.06096655 -0.04183917 1.01463707
v 5.05634647 -0.04676947 1.05306566
v 5.03924367 -0.05854471 1.08609969
v 5.01226188 -0.07537221 1.10871003
v 4.97950885 -0.09469016 1.11745446
v 4.96218618 -0.10466847 1.11805331
v 4.92864825 -0.12353587 1.11160057
v 4.89943127 -0.13908033 1.09093304
v 4.87898326 -0.14893535 1.05919715
v 4.87041724 -0.15160059 1.02122440
v 4.86371493 -0.14775333 0.89145431
v 4.86833501 -0.14282303 0.85302572
v 4.88543781 -0.13104780 0.81999169
v 4.91241960 -0.11422029 0.79738135
v 4.94517264 -0.09490234 0.78863692
v 4.96249530 -0.08492403 0.78803807
v 4.99603323 -0.06605664 0.79449080
v 5.02525021 -0.05051217 0.81515834
v 5.04569822 -0.04065715 0.84689423
v 5.05426424 -0.03799191 0.88486697
v 5.09146870 -0.09810531 1.01131338
v 5.08672708 -0.10281229 1.04975517
v 5.06919313 -0.11379538 1.08283600
v 5.04153624 -0.12938250 1.10551963
v 5.00796691 -0.14720066 1.11435268
v 4.99021321 -0.15638703 1.11499832
v 4.95584207 -0.17372357 1.10863604
v 4.92590182 -0.18793916 1.08804702
v 4.90495059 -0.19686961 1.05636575
v 4.89617801 -0.19915533 1.01841544
v 4.88933130 -0.19504275 0.88866102
v 4.89407292 -0.19033577 0.85021923
v 4.91160687 -0.17935268 0.81713840
v 4.93926376 -0.16376555 0.79445477
v 4.97283309 -0.14594739 0.78562172
v 4.99058679 -0.13676103 0.78497608
v 5.02495793 -0.11942449 0.79133836
v 5.05489818 -0.10520890 0.81192738
v 5.07584941 -0.09627845 0.84360865
v 5.08462199 -0.09399272 0.88155896
v 5.11946706 -0.15529390 1.00795598
v 5.11463118 -0.15980906 1.04640903
v 5.09676284 -0.17011174 1.07952981
v 5.06858234 -0.18463344 1.10227601
v 5.03437992 -0.20116337 1.11118470
v 5.01629192 -0.20966950 1.11187029
v 4.98127456 -0.22569111 1.10558521
v 4.95077336 -0.23876528 1.08506322
v 4.92943184 -0.24690157 1.05342859
v 4.92049906 -0.24886131 1.01549741
v 4.91354035 -0.24452083 0.88575638
v 4.91837623 -0.24000566 0.84730333
v 4.93624457 -0.22970298 0.81418254
v 4.96442506 -0.21518128 0.79143635
v 4.99862749 -0.19865136 0.78252765
v 5.01671549 -0.19014523 0.78184207
v 5.05173284 -0.17412361 0.78812714
v 5.08223405 -0.16104944 0.80864914
v 5.10357556 -0.15291315 0.84028377
v 5.11250835 -0.15095342 0.87821494
v 5.14517826 -0.21280118 1.00459676
v 5.14026903 -0.21715291 1.04305935
v 5.12214052 -0.22687581 1.07621402
v 5.09355263 -0.24048966 1.09901325
v 5.05885761 -0.25592188 1.10798608
v 5.04050950 -0.26384838 1.10870553
v 5.00498936 -0.27874955 1.10248592
v 4.97405170 -0.29085110 1.08202075
v 4.95240651 -0.29831069 1.05042566
v 4.94334908 -0.29999265 1.01251071
v 4.93630322 -0.29545798 0.88278102
v 4.94121246 -0.29110626 0.84431842
v 4.95934097 -0.28138336 0.81116376
v 4.98792885 -0.26776951 0.78836453
v 5.02262387 -0.25233729 0.77939170
v 5.04097198 -0.24441079 0.77867225
v 5.07649213 -0.22950962 0.78489186
v 5.10742978 -0.21740806 0.80535703
v 5.12907497 -0.20994848 0.83695212
v 5.13813240 -0.20826651 0.87486707
v 5.16878346 -0.27001298 1.00126845
v 5.16381721 -0.27422702 1.03973906
v 5.14548645 -0.28346151 1.07292214
v 5.11658188 -0.29631059 1.09576587
v 5.08150394 -0.31081809 1.10479250
v 5.06295364 -0.31825631 1.10554036
v 5.02704265 -0.33221361 1.09937567
v 4.99576571 -0.34349583 1.07895818
v 4.97388447 -0.35038536 1.04739626
v 4.96473014 -0.35183333 1.00949492
v 4.95761654 -0.34713507 0.87977475
v 4.96258279 -0.34292104 0.84130414
v 4.98091355 -0.33368655 0.80812106
v 5.00981812 -0.32083747 0.78527733
v 5.04489606 -0.30632996 0.77625070
v 5.06344636 -0.29889175 0.77550284
v 5.09935735 -0.28493445 0.78166753
v 5.13063429 -0.27365222 0.80208502
v 5.15251553 -0.26676269 0.83364694
v 5.16166986 -0.26531473 0.87154828
v 5.19043719 -0.32630092 0.99800474
v 5.18542700 -0.33040113 1.03648195
v 5.16694034 -0.33923182 1.06968845
v 5.13779164 -0.35144861 1.09256885
v 5.10241852 -0.36519160 1.10163982
v 5.08371236 -0.37222612 1.10241109
v 5.04750007 -0.38540307 1.09629166
v 5.01596160 -0.39600790 1.07591344
v 4.99389838 -0.40242613 1.04437885
v 4.98466936 -0.40368064 1.00648874
v 4.97750355 -0.39884713 0.87677641
v 4.98251374 -0.39474693 0.83829920
v 5.00100040 -0.38591624 0.80509270
v 5.03014910 -0.37369945 0.78221230
v 5.06552222 -0.35995645 0.77314133
v 5.08422838 -0.35292194 0.77237006
v 5.12044067 -0.33974499 0.77848950
v 5.15197915 -0.32914015 0.79886771
v 5.17404236 -0.32272193 0.83040230
v 5.18327138 -0.32146742 0.86829242
v 5.21027335 -0.38101956 0.99484043
v 5.20523003 -0.38502872 1.03332290
v 5.18662586 -0.39353649 1.06654808
v 5.15729317 -0.40524761 1.08945772
v 5.12169759 -0.41837920 1.09856406
v 5.10287394 -0.42509087 1.09935400
v 5.06643457 -0.43764374 1.09327066
v 5.03469898 -0.44770684 1.07292378
v 5.01249862 -0.45374815 1.04141099
v 5.00321330 -0.45484794 1.00352982
v 4.99600813 -0.44990628 0.87382375
v 5.00105145 -0.44589711 0.83534128
v 5.01965562 -0.43738935 0.80211610
v 5.04898831 -0.42567822 0.77920645
v 5.08458390 -0.41254664 0.77010012
v 5.10340754 -0.40583497 0.76931018
v 5.13984691 -0.39328209 0.77539352
v 5.17158250 -0.38321899 0.79574040
v 5.19378286 -0.37717768 0.82725319
v 5.20306818 -0.37607789 0.86513435
v 5.22840852 -0.43350252 0.99181155
v 5.22334151 -0.43744343 1.03029797
v 5.20465336 -0.44570907 1.06353712
v 5.17518914 -0.45704108 1.08646865
v 5.13943454 -0.46971426 1.09560144
v 5.12052692 -0.47618388 1.09640536
v 5.08392524 -0.48826885 1.09034902
v 5.05204874 -0.49792579 1.07002559
v 5.02975035 -0.50368451 1.03852911
v 5.02042479 -0.50466830 1.00065464
v 5.01319148 -0.49964554 0.87095325
v 5.01825849 -0.49570463 0.83246683
v 5.03694664 -0.48743898 0.79922768
v 5.06641086 -0.47610697 0.77629615
v 5.10216546 -0.46343379 0.76716336
v 5.12107308 -0.45696418 0.76635944
v 5.15767476 -0.44487920 0.77241578
v 5.18955126 -0.43522227 0.79273921
v 5.21184965 -0.42946355 0.82423569
v 5.22117521 -0.42847975 0.86211016
v 5.24494265 -0.48305578 0.98895583
v 5.23986087 -0.48695258 1.02744479
v 5.22112028 -0.49506175 1.06069296
v 5.19157396 -0.50614874 1.08363861
v 5.15572008 -0.51852567 1.09278847
v 5.13676004 -0.52483885 1.09360141
v 5.10005702 -0.53662143 1.08756250
v 5.06809256 -0.54601587 1.06725420
v 5.04573297 -0.55159196 1.03576825
v 5.03638228 -0.55250078 0.99789810
v 5.02913142 -0.54742561 0.86819973
v 5.03421320 -0.54352881 0.82971077
v 5.05295380 -0.53541964 0.79646260
v 5.08250011 -0.52433265 0.77351695
v 5.11835400 -0.51195572 0.76436708
v 5.13731403 -0.50564254 0.76355415
v 5.17401705 -0.49385996 0.76959305
v 5.20598151 -0.48446552 0.78990136
v 5.22834111 -0.47888943 0.82138731
v 5.23769179 -0.47798061 0.85925746
v 5.25995600 -0.52894481 0.98631333
v 5.25486876 -0.53282502 1.02480325
v 5.23610882 -0.54087533 1.05805481
v 5.20653220 -0.55187017 1.08100577
v 5.17064168 -0.56413566 1.09016205
v 5.15166230 -0.57039001 1.09097837
v 5.11492188 -0.58205884 1.08494602
v 5.08292496 -0.59135455 1.06464340
v 5.06054279 -0.59686195 1.03316140
v 5.05118283 -0.59774258 0.99529288
v 5.04392548 -0.59264769 0.86559564
v 5.04901272 -0.58876748 0.82710573
v 5.06777266 -0.58071717 0.79385417
v 5.09734928 -0.56972233 0.77090321
v 5.13323980 -0.55745684 0.76174693
v 5.15221918 -0.55120250 0.76093060
v 5.18895960 -0.53953366 0.76696296
v 5.22095652 -0.53023795 0.78726558
v 5.24333870 -0.52473055 0.81874757
v 5.25269865 -0.52384993 0.85661610
v 5.27349896 -0.57036898 0.98392801
v 5.26841751 -0.57426678 1.02241691
v 5.24967809 -0.58237950 1.05566488
v 5.22013361 -0.59347206 1.07861021
v 5.18428195 -0.60585571 1.08775969
v 5.16532309 -0.61217245 1.08857242
v 5.12862234 -0.62396190 1.08253312
v 5.09665986 -0.63336230 1.06222447
v 5.07430163 -0.63894254 1.03073828
v 5.06495151 -0.63985306 0.99286803
v 5.05770104 -0.63477908 0.86316959
v 5.06278249 -0.63088128 0.82468069
v 5.08152191 -0.62276856 0.79143272
v 5.11106639 -0.61167600 0.76848739
v 5.14691805 -0.59929234 0.75933791
v 5.16587691 -0.59297561 0.75852518
v 5.20257766 -0.58118616 0.76456448
v 5.23454014 -0.57178576 0.78487313
v 5.25689837 -0.56620552 0.81635932
v 5.26624849 -0.56529499 0.85422957
v 5.28556580 -0.60640767 0.98185083
v 5.28050608 -0.61036988 1.02033602
v 5.26184377 -0.61871110 1.05357081
v 5.23242002 -0.63016144 1.07649551
v 5.19671434 -0.64297770 1.08562005
v 5.17783256 -0.64952286 1.08641961
v 5.14128081 -0.66175388 1.08035485
v 5.10944767 -0.67153759 1.06002410
v 5.08717944 -0.67738451 1.02852253
v 5.07786626 -0.67840451 0.99064598
v 5.07064161 -0.67340706 0.86094312
v 5.07570132 -0.66944484 0.82245794
v 5.09436364 -0.66110363 0.78922315
v 5.12378739 -0.64965329 0.76629844
v 5.15949307 -0.63683703 0.75717391
v 5.17837485 -0.63029186 0.75637435
v 5.21492660 -0.61806085 0.76243911
v 5.24675974 -0.60827714 0.78276985
v 5.26902797 -0.60243021 0.81427142
v 5.27834115 -0.60141022 0.85214798
v 5.29602259 -0.63589672 0.98014713
v 5.29101165 -0.63999492 1.01862445
v 5.27252234 -0.64881851 1.05183136
v 5.24336948 -0.66102418 1.07471241
v 5.20799135 -0.67475373 1.08378415
v 5.18928253 -0.68178115 1.08455584
v 5.15306512 -0.69494437 1.07843719
v 5.12152219 -0.70553729 1.05805967
v 5.09945589 -0.71194722 1.02652556
v 5.09022559 -0.71319833 0.98863564
v 5.08305889 -0.70836244 0.85892345
v 5.08806983 -0.70426424 0.82044613
v 5.10655915 -0.69544065 0.78723922
v 5.13571200 -0.68323499 0.76435817
v 5.17109013 -0.66950544 0.75528643
v 5.18979895 -0.66247802 0.75451474
v 5.22601637 -0.64931480 0.76063338
v 5.25755929 -0.63872188 0.78101091
v 5.27962560 -0.63231194 0.81254502
v 5.28885589 -0.63106084 0.85043493
v 5.30569557 -0.66029534 0.97873045
v 5.30072375 -0.66449533 1.01720188
v 5.28237321 -0.67367999 1.05038785
v 5.25343765 -0.68645103 1.07323612
v 5.21832225 -0.70086419 1.08226823
v 5.19975216 -0.70825258 1.08301898
v 5.16380293 -0.72211358 1.07685988
v 5.13249280 -0.73331221 1.05644724
v 5.11058846 -0.74014357 1.02488870
v 5.10142465 -0.74156766 0.98698875
v 5.09430443 -0.73685272 0.85726955
v 5.09927625 -0.73265273 0.81879812
v 5.11762679 -0.72346807 0.78561215
v 5.14656235 -0.71069702 0.76276388
v 5.18167775 -0.69628387 0.75373177
v 5.20024784 -0.68889547 0.75298102
v 5.23619707 -0.67503448 0.75914012
v 5.26750720 -0.66383585 0.77955276
v 5.28941154 -0.65700448 0.81111130
v 5.29857535 -0.65558039 0.84901125
v -5.72681909 1.35142597 0.60462471
v 5.20000000 -0.69857403 0.91800000
f 6544 6545 6565
f 6544 6565 6564
f 6545 6546 6566
f 6545 6566 6565
f 6546 6547 6567
f 6546 6567 6566
f 6547 6548 6568
f 6547 6568 6567
f 6548 6549 6569
f 6548 6569 6568
f 6549 6550 6570
f 6549 6570 6569
f 6550 6551 6571
f 6550 6571 6570
f 6551 6552 6572
f 6551 6572 6571
f 6552 6553 6573
f 6552 6573 6572
f 6553 6554 6574
f 6553 6574 6573
f 6554 6555 6575
f 6554 6575 6574
f 6555 6556 6576
f 6555 6576 6575
f 6556 6557 6577
f 6556 6577 6576
f 6557 6558 6578
f 6557 6578 6577
f 6558 6559 6579
f 6558 6579 6578
f 6559 6560 6580
f 6559 6580 6579
f 6560 6561 6581
f 6560 6581 6580
f 6561 6562 6582
f 6561 6582 6581
f 6562 6563 6583
f 6562 6583 6582
f 6563 6544 6564
f 6563 6564 6583
f 6564 6565 6585
f 6564 6585 6584
f 6565 6566 6586
f 6565 6586 6585
f 6566 6567 6587
f 6566 6587 6586
f 6567 6568 6588
f 6567 6588 6587
f 6568 6569 6589
f 6568 6589 6588
f 6569 6570 6590
f 6569 6590 6589
f 6570 6571 6591
f 6570 6591 6590
f 6571 6572 6592
f 6571 6592 6591
f 6572 6573 6593
f 6572 6593 6592
f 6573 6574 6594
f 6573 6594 6593
f 6574 6575 6595
f 6574 6595 6594
f 6575 6576 6596
f 6575 6596 6595
f 6576 6577 6597
f 6576 6597 6596
f 6577 6578 6598
f 6577 6598 6597
f 6578 6579 6599
f 6578 6599 6598
f 6579 6580 6600
f 6579 6600 6599
f 6580 6581 6601
f 6580 6601 6600
f 6581 6582 6602
f 6581 6602 6601
f 6582 6583 6603
f 6582 6603 6602
f 6583 6564 6584
f 6583 6584 6603
f 6584 6585 6605
f 6584 6605 6604
f 6585 6586 6606
f 6585 6606 6605
f 6586 6587 6607
f 6586 6607 6606
f 6587 6588 6608
f 6587 6608 6607
f 6588 6589 6609
f 6588 6609 6608
f 6589 6590 6610
f 6589 6610 6609
f 6590 6591 6611
f 6590 6611 6610
f 6591 6592 6612
f 6591 6612 6611
f 6592 6593 6613
f 6592 6613 6612
f 6593 6594 6614
f 6593 6614 6613
f 6594 6595 6615
f 6594 6615 6614
f 6595 6596 6616
f 6595 6616 6615
f 6596 6597 6617
f 6596 6617 6616
f 6597 6598 6618
f 6597 6618 6617
f 6598 6599 6619
f 6598 6619 6618
f 6599 6600 6620
f 6599 6620 6619
f 6600 6601 6621
f 6600 6621 6620
f 6601 6602 6622
f 6601 6622 6621
f 6602 6603 6623
f 6602 6623 6622
f 6603 6584 6604
f 6603 6604 6623
f 6604 6605 6625
f 6604 6625 6624
f 6605 6606 6626
f 6605 6626 6625
f 6606 6607 6627
f 6606 6627 6626
f 6607 6608 6628
f 6607 6628 6627
f 6608 6609 6629
f 6608 6629 6628
f 6609 6610 6630
f 6609 6630 6629
f 6610 6611 6631
f 6610 6631 6630
f 6611 6612 6632
f 6611 6632 6631
f 6612 6613 6633
f 6612 6633 6632
f 6613 6614 6634
f 6613 6634 6633
f 6614 6615 6635
f 6614 6635 6634
f 6615 6616 6636
f 6615 6636 6635
f 6616 6617 6637
f 6616 6637 6636
f 6617 6618 6638
f 6617 6638 6637
f 6618 6619 6639
f 6618 6639 6638
f 6619 6620 6640
f 6619 6640 6639
f 6620 6621 6641
f 6620 6641 6640
f 6621 6622 6642
f 6621 6642 6641
f 6622 6623 6643
f 6622 6643 6642
f 6623 6604 6624
f 6623 6624 6643
f 6624 6625 6645
f 6624 6645 6644
f 6625 6626 6646
f 6625 6646 6645
f 6626 6627 6647
f 6626 6647 6646
f 6627 6628 6648
f 6627 6648 6647
f 6628 6629 6649
f 6628 6649 6648
f 6629 6630 6650
f 6629 6650 6649
f 6630 6631 6651
f 6630 6651 6650
f 6631 6632 6652
f 6631 6652 6651
f 6632 6633 6653
f 6632 6653 6652
f 6633 6634 6654
f 6633 6654 6653
f 6634 6635 6655
f 6634 6655 6654
f 6635 6636 6656
f 6635 6656 6655
f 6636 6637 6657
f 6636 6657 6656
f 6637 6638 6658
f 6637 6658 6657
f 6638 6639 6659
f 6638 6659 6658
f 6639 6640 6660
f 6639 6660 6659
f 6640 6641 6661
f 6640 6661 6660
f 6641 6642 6662
f 6641 6662 6661
f 6642 6643 6663
f 6642 6663 6662
f 6643 6624 6644
f 6643 6644 6663
f 6644 6645 6665
f 6644 6665 6664
f 6645 6646 6666
f 6645 6666 6665
f 6646 6647 6667
f 6646 6667 6666
f 6647 6648 6668
f 6647 6668 6667
f 6648 6649 6669
f 6648 6669 6668
f 6649 6650 6670
f 6649 6670 6669
f 6650 6651 6671
f 6650 6671 6670
f 6651 6652 6672
f 6651 6672 6671
f 6652 6653 6673
f 6652 6673 6672
f 6653 6654 6674
f 6653 6674 6673
f 6654 6655 6675
f 6654 6675 6674
f 6655 6656 6676
f 6655 6676 6675
f 6656 6657 6677
f 6656 6677 6676
f 6657 6658 6678
f 6657 6678 6677
f 6658 6659 6679
f 6658 6679 6678
f 6659 6660 6680
f 6659 6680 6679
f 6660 6661 6681
f 6660 6681 6680
f 6661 6662 6682
f 6661 6682 6681
f 6662 6663 6683
f 6662 6683 6682
f 6663 6644 6664
f 6663 6664 6683
f 6664 6665 6685
f 6664 6685 6684
f 6665 6666 6686
f 6665 6686 6685
f 6666 6667 6687
f 6666 6687 6686
f 6667 6668 6688
f 6667 6688 6687
f 6668 6669 6689
f 6668 6689 6688
f 6669 6670 6690
f 6669 6690 6689
f 6670 6671 6691
f 6670 6691 6690
f 6671 6672 6692
f 6671 6692 6691
f 6672 6673 6693
f 6672 6693 6692
f 6673 6674 6694
f 6673 6694 6693
f 6674 6675 6695
f 6674 6695 6694
f 6675 6676 6696
f 6675 6696 6695
f 6676 6677 6697
f 6676 6697 6696
f 6677 6678 6698
f 6677 6698 6697
f 6678 6679 6699
f 6678 6699 6698
f 6679 6680 6700
f 6679 6700 6699
f 6680 6681 6701
f 6680 6701 6700
f 6681 6682 6702
f 6681 6702 6701
f 6682 6683 6703
f 6682 6703 6702
f 6683 6664 6684
f 6683 6684 6703
f 6684 6685 6705
f 6684 6705 6704
f 6685 6686 6706
f 6685 6706 6705
f 6686 6687 6707
f 6686 6707 6706
f 6687 6688 6708
f 6687 6708 6707
f 6688 6689 6709
f 6688 6709 6708
f 6689 6690 6710
f 6689 6710 6709
f 6690 6691 6711
f 6690 6711 6710
f 6691 6692 6712
f 6691 6712 6711
f 6692 6693 6713
f 6692 6713 6712
f 6693 6694 6714
f 6693 6714 6713
f 6694 6695 6715
f 6694 6715 6714
f 6695 6696 6716
f 6695 6716 6715
f 6696 6697 6717
f 6696 6717 6716
f 6697 6698 6718
f 6697 6718 6717
f 6698 6699 6719
f 6698 6719 6718
f 6699 6700 6720
f 6699 6720 6719
f 6700 6701 6721
f 6700 6721 6720
f 6701 6702 6722
f 6701 6722 6721
f 6702 6703 6723
f 6702 6723 6722
f 6703 6684 6704
f 6703 6704 6723
f 6704 6705 6725
f 6704 6725 6724
f 6705 6706 6726
f 6705 6726 6725
f 6706 6707 6727
f 6706 6727 6726
f 6707 6708 6728
f 6707 6728 6727
f 6708 6709 6729
f 6708 6729 6728
f 6709 6710 6730
f 6709 6730 6729
f 6710 6711 6731
f 6710 6731 6730
f 6711 6712 6732
f 6711 6732 6731
f 6712 6713 6733
f 6712 6733 6732
f 6713 6714 6734
f 6713 6734 6733
f 6714 6715 6735
f 6714 6735 6734
f 6715 6716 6736
f 6715 6736 6735
f 6716 6717 6737
f 6716 6737 6736
f 6717 6718 6738
f 6717 6738 6737
f 6718 6719 6739
f 6718 6739 6738
f 6719 6720 6740
f 6719 6740 6739
f 6720 6721 6741
f 6720 6741 6740
f 6721 6722 6742
f 6721 6742 6741
f 6722 6723 6743
f 6722 6743 6742
f 6723 6704 6724
f 6723 6724 6743
f 6724 6725 6745
f 6724 6745 6744
f 6725 6726 6746
f 6725 6746 6745
f 6726 6727 6747
f 6726 6747 6746
f 6727 6728 6748
f 6727 6748 6747
f 6728 6729 6749
f 6728 6749 6748
f 6729 6730 6750
f 6729 6750 6749
f 6730 6731 6751
f 6730 6751 6750
f 6731 6732 6752
f 6731 6752 6751
f 6732 6733 6753
f 6732 6753 6752
f 6733 6734 6754
f 6733 6754 6753
f 6734 6735 6755
f 6734 6755 6754
f 6735 6736 6756
f 6735 6756 6755
f 6736 6737 6757
f 6736 6757 6756
f 6737 6738 6758
f 6737 6758 6757
f 6738 6739 6759
f 6738 6759 6758
f 6739 6740 6760
f 6739 6760 6759
f 6740 6741 6761
f 6740 6761 6760
f 6741 6742 6762
f 6741 6762 6761
f 6742 6743 6763
f 6742 6763 6762
f 6743 6724 6744
f 6743 6744 6763
f 6744 6745 6765
f 6744 6765 6764
f 6745 6746 6766
f 6745 6766 6765
f 6746 6747 6767
f 6746 6767 6766
f 6747 6748 6768
f 6747 6768 6767
f 6748 6749 6769
f 6748 6769 6768
f 6749 6750 6770
f 6749 6770 6769
f 6750 6751 6771
f 6750 6771 6770
f 6751 6752 6772
f 6751 6772 6771
f 6752 6753 6773
f 6752 6773 6772
f 6753 6754 6774
f 6753 6774 6773
f 6754 6755 6775
f 6754 6775 6774
f 6755 6756 6776
f 6755 6776 6775
f 6756 6757 6777
f 6756 6777 6776
f 6757 6758 6778
f 6757 6778 6777
f 6758 6759 6779
f 6758 6779 6778
f 6759 6760 6780
f 6759 6780 6779
f 6760 6761 6781
f 6760 6781 6780
f 6761 6762 6782
f 6761 6782 6781
f 6762 6763 6783
f 6762 6783 6782
f 6763 6744 6764
f 6763 6764 6783
f 6764 6765 6785
f 6764 6785 6784
f 6765 6766 6786
f 6765 6786 6785
f 6766 6767 6787
f 6766 6787 6786
f 6767 6768 6788
f 6767 6788 6787
f 6768 6769 6789
f 6768 6789 6788
f 6769 6770 6790
f 6769 6790 6789
f 6770 6771 6791
f 6770 6791 6790
f 6771 6772 6792
f 6771 6792 6791
f 6772 6773 6793
f 6772 6793 6792
f 6773 6774 6794
f 6773 6794 6793
f 6774 6775 6795
f 6774 6795 6794
f 6775 6776 6796
f 6775 6796 6795
f 6776 6777 6797
f 6776 6797 6796
f 6777 6778 6798
f 6777 6798 6797
f 6778 6779 6799
f 6778 6799 6798
f 6779 6780 6800
f 6779 6800 6799
f 6780 6781 6801
f 6780 6801 6800
f 6781 6782 6802
f 6781 6802 6801
f 6782 6783 6803
f 6782 6803 6802
f 6783 6764 6784
f 6783 6784 6803
f 6784 6785 6805
f 6784 6805 6804
f 6785 6786 6806
f 6785 6806 6805
f 6786 6787 6807
f 6786 6807 6806
f 6787 6788 6808
f 6787 6808 6807
f 6788 6789 6809
f 6788 6809 6808
f 6789 6790 6810
f 6789 6810 6809
f 6790 6791 6811
f 6790 6811 6810
f 6791 6792 6812
f 6791 6812 6811
f 6792 6793 6813
f 6792 6813 6812
f 6793 6794 6814
f 6793 6814 6813
f 6794 6795 6815
f 6794 6815 6814
f 6795 6796 6816
f 6795 6816 6815
f 6796 6797 6817
f 6796 6817 6816
f 6797 6798 6818
f 6797 6818 6817
f 6798 6799 6819
f 6798 6819 6818
f 6799 6800 6820
f 6799 6820 6819
f 6800 6801 6821
f 6800 6821 6820
f 6801 6802 6822
f 6801 6822 6821
f 6802 6803 6823
f 6802 6823 6822
f 6803 6784 6804
f 6803 6804 6823
f 6804 6805 6825
f 6804 6825 6824
f 6805 6806 6826
f 6805 6826 6825
f 6806 6807 6827
f 6806 6827 6826
f 6807 6808 6828
f 6807 6828 6827
f 6808 6809 6829
f 6808 6829 6828
f 6809 6810 6830
f 6809 6830 6829
f 6810 6811 6831
f 6810 6831 6830
f 6811 6812 6832
f 6811 6832 6831
f 6812 6813 6833
f 6812 6833 6832
f 6813 6814 6834
f 6813 6834 6833
f 6814 6815 6835
f 6814 6835 6834
f 6815 6816 6836
f 6815 6836 6835
f 6816 6817 6837
f 6816 6837 6836
f 6817 6818 6838
f 6817 6838 6837
f 6818 6819 6839
f 6818 6839 6838
f 6819 6820 6840
f 6819 6840 6839
f 6820 6821 6841
f 6820 6841 6840
f 6821 6822 6842
f 6821 6842 6841
f 6822 6823 6843
f 6822 6843 6842
f 6823 6804 6824
f 6823 6824 6843
f 6824 6825 6845
f 6824 6845 6844
f 6825 6826 6846
f 6825 6846 6845
f 6826 6827 6847
f 6826 6847 6846
f 6827 6828 6848
f 6827 6848 6847
f 6828 6829 6849
f 6828 6849 6848
f 6829 6830 6850
f 6829 6850 6849
f 6830 6831 6851
f 6830 6851 6850
f 6831 6832 6852
f 6831 6852 6851
f 6832 6833 6853
f 6832 6853 6852
f 6833 6834 6854
f 6833 6854 6853
f 6834 6835 6855
f 6834 6855 6854
f 6835 6836 6856
f 6835 6856 6855
f 6836 6837 6857
f 6836 6857 6856
f 6837 6838 6858
f 6837 6858 6857
f 6838 6839 6859
f 6838 6859 6858
f 6839 6840 6860
f 6839 6860 6859
f 6840 6841 6861
f 6840 6861 6860
f 6841 6842 6862
f 6841 6862 6861
f 6842 6843 6863
f 6842 6863 6862
f 6843 6824 6844
f 6843 6844 6863
f 6844 6845 6865
f 6844 6865 6864
f 6845 6846 6866
f 6845 6866 6865
f 6846 6847 6867
f 6846 6867 6866
f 6847 6848 6868
f 6847 6868 6867
f 6848 6849 6869
f 6848 6869 6868
f 6849 6850 6870
f 6849 6870 6869
f 6850 6851 6871
f 6850 6871 6870
f 6851 6852 6872
f 6851 6872 6871
f 6852 6853 6873
f 6852 6873 6872
f 6853 6854 6874
f 6853 6874 6873
f 6854 6855 6875
f 6854 6875 6874
f 6855 6856 6876
f 6855 6876 6875
f 6856 6857 6877
f 6856 6877 6876
f 6857 6858 6878
f 6857 6878 6877
f 6858 6859 6879
f 6858 6879 6878
f 6859 6860 6880
f 6859 6880 6879
f 6860 6861 6881
f 6860 6881 6880
f 6861 6862 6882
f 6861 6882 6881
f 6862 6863 6883
f 6862 6883 6882
f 6863 6844 6864
f 6863 6864 6883
f 6864 6865 6885
f 6864 6885 6884
f 6865 6866 6886
f 6865 6886 6885
f 6866 6867 6887
f 6866 6887 6886
f 6867 6868 6888
f 6867 6888 6887
f 6868 6869 6889
f 6868 6889 6888
f 6869 6870 6890
f 6869 6890 6889
f 6870 6871 6891
f 6870 6891 6890
f 6871 6872 6892
f 6871 6892 6891
f 6872 6873 6893
f 6872 6893 6892
f 6873 6874 6894
f 6873 6894 6893
f 6874 6875 6895
f 6874 6895 6894
f 6875 6876 6896
f 6875 6896 6895
f 6876 6877 6897
f 6876 6897 6896
f 6877 6878 6898
f 6877 6898 6897
f 6878 6879 6899
f 6878 6899 6898
f 6879 6880 6900
f 6879 6900 6899
f 6880 6881 6901
f 6880 6901 6900
f 6881 6882 6902
f 6881 6902 6901
f 6882 6883 6903
f 6882 6903 6902
f 6883 6864 6884
f 6883 6884 6903
f 6884 6885 6905
f 6884 6905 6904
f 6885 6886 6906
f 6885 6906 6905
f 6886 6887 6907
f 6886 6907 6906
f 6887 6888 6908
f 6887 6908 6907
f 6888 6889 6909
f 6888 6909 6908
f 6889 6890 6910
f 6889 6910 6909
f 6890 6891 6911
f 6890 6911 6910
f 6891 6892 6912
f 6891 6912 6911
f 6892 6893 6913
f 6892 6913 6912
f 6893 6894 6914
f 6893 6914 6913
f 6894 6895 6915
f 6894 6915 6914
f 6895 6896 6916
f 6895 6916 6915
f 6896 6897 6917
f 6896 6917 6916
f 6897 6898 6918
f 6897 6918 6917
f 6898 6899 6919
f 6898 6919 6918
f 6899 6900 6920
f 6899 6920 6919
f 6900 6901 6921
f 6900 6921 6920
f 6901 6902 6922
f 6901 6922 6921
f 6902 6903 6923
f 6902 6923 6922
f 6903 6884 6904
f 6903 6904 6923
f 6904 6905 6925
f 6904 6925 6924
f 6905 6906 6926
f 6905 6926 6925
f 6906 6907 6927
f 6906 6927 6926
f 6907 6908 6928
f 6907 6928 6927
f 6908 6909 6929
f 6908 6929 6928
f 6909 6910 6930
f 6909 6930 6929
f 6910 6911 6931
f 6910 6931 6930
f 6911 6912 6932
f 6911 6932 6931
f 6912 6913 6933
f 6912 6933 6932
f 6913 6914 6934
f 6913 6934 6933
f 6914 6915 6935
f 6914 6935 6934
f 6915 6916 6936
f 6915 6936 6935
f 6916 6917 6937
f 6916 6937 6936
f 6917 6918 6938
f 6917 6938 6937
f 6918 6919 6939
f 6918 6939 6938
f 6919 6920 6940
f 6919 6940 6939
f 6920 6921 6941
f 6920 6941 6940
f 6921 6922 6942
f 6921 6942 6941
f 6922 6923 6943
f 6922 6943 6942
f 6923 6904 6924
f 6923 6924 6943
f 6924 6925 6945
f 6924 6945 6944
f 6925 6926 6946
f 6925 6946 6945
f 6926 6927 6947
f 6926 6947 6946
f 6927 6928 6948
f 6927 6948 6947
f 6928 6929 6949
f 6928 6949 6948
f 6929 6930 6950
f 6929 6950 6949
f 6930 6931 6951
f 6930 6951 6950
f 6931 6932 6952
f 6931 6952 6951
f 6932 6933 6953
f 6932 6953 6952
f 6933 6934 6954
f 6933 6954 6953
f 6934 6935 6955
f 6934 6955 6954
f 6935 6936 6956
f 6935 6956 6955
f 6936 6937 6957
f 6936 6957 6956
f 6937 6938 6958
f 6937 6958 6957
f 6938 6939 6959
f 6938 6959 6958
f 6939 6940 6960
f 6939 6960 6959
f 6940 6941 6961
f 6940 6961 6960
f 6941 6942 6962
f 6941 6962 6961
f 6942 6943 6963
f 6942 6963 6962
f 6943 6924 6944
f 6943 6944 6963
f 6944 6945 6965
f 6944 6965 6964
f 6945 6946 6966
f 6945 6966 6965
f 6946 6947 6967
f 6946 6967 6966
f 6947 6948 6968
f 6947 6968 6967
f 6948 6949 6969
f 6948 6969 6968
f 6949 6950 6970
f 6949 6970 6969
f 6950 6951 6971
f 6950 6971 6970
f 6951 6952 6972
f 6951 6972 6971
f 6952 6953 6973
f 6952 6973 6972
f 6953 6954 6974
f 6953 6974 6973
f 6954 6955 6975
f 6954 6975 6974
f 6955 6956 6976
f 6955 6976 6975
f 6956 6957 6977
f 6956 6977 6976
f 6957 6958 6978
f 6957 6978 6977
f 6958 6959 6979
f 6958 6979 6978
f 6959 6960 6980
f 6959 6980 6979
f 6960 6961 6981
f 6960 6981 6980
f 6961 6962 6982
f 6961 6982 6981
f 6962 6963 6983
f 6962 6983 6982
f 6963 6944 6964
f 6963 6964 6983
f 6964 6965 6985
f 6964 6985 6984
f 6965 6966 6986
f 6965 6986 6985
f 6966 6967 6987
f 6966 6987 6986
f 6967 6968 6988
f 6967 6988 6987
f 6968 6969 6989
f 6968 6989 6988
f 6969 6970 6990
f 6969 6990 6989
f 6970 6971 6991
f 6970 6991 6990
f 6971 6972 6992
f 6971 6992 6991
f 6972 6973 6993
f 6972 6993 6992
f 6973 6974 6994
f 6973 6994 6993
f 6974 6975 6995
f 6974 6995 6994
f 6975 6976 6996
f 6975 6996 6995
f 6976 6977 6997
f 6976 6997 6996
f 6977 6978 6998
f 6977 6998 6997
f 6978 6979 6999
f 6978 6999 6998
f 6979 6980 7000
f 6979 7000 6999
f 6980 6981 7001
f 6980 7001 7000
f 6981 6982 7002
f 6981 7002 7001
f 6982 6983 7003
f 6982 7003 7002
f 6983 6964 6984
f 6983 6984 7003
f 6984 6985 7005
f 6984 7005 7004
f 6985 6986 7006
f 6985 7006 7005
f 6986 6987 7007
f 6986 7007 7006
f 6987 6988 7008
f 6987 7008 7007
f 6988 6989 7009
f 6988 7009 7008
f 6989 6990 7010
f 6989 7010 7009
f 6990 6991 7011
f 6990 7011 7010
f 6991 6992 7012
f 6991 7012 7011
f 6992 6993 7013
f 6992 7013 7012
f 6993 6994 7014
f 6993 7014 7013
f 6994 6995 7015
f 6994 7015 7014
f 6995 6996 7016
f 6995 7016 7015
f 6996 6997 7017
f 6996 7017 7016
f 6997 6998 7018
f 6997 7018 7017
f 6998 6999 7019
f 6998 7019 7018
f 6999 7000 7020
f 6999 7020 7019
f 7000 7001 7021
f 7000 7021 7020
f 7001 7002 7022
f 7001 7022 7021
f 7002 7003 7023
f 7002 7023 7022
f 7003 6984 7004
f 7003 7004 7023
f 7004 7005 7025
f 7004 7025 7024
f 7005 7006 7026
f 7005 7026 7025
f 7006 7007 7027
f 7006 7027 7026
f 7007 7008 7028
f 7007 7028 7027
f 7008 7009 7029
f 7008 7029 7028
f 7009 7010 7030
f 7009 7030 7029
f 7010 7011 7031
f 7010 7031 7030
f 7011 7012 7032
f 7011 7032 7031
f 7012 7013 7033
f 7012 7033 7032
f 7013 7014 7034
f 7013 7034 7033
f 7014 7015 7035
f 7014 7035 7034
f 7015 7016 7036
f 7015 7036 7035
f 7016 7017 7037
f 7016 7037 7036
f 7017 7018 7038
f 7017 7038 7037
f 7018 7019 7039
f 7018 7039 7038
f 7019 7020 7040
f 7019 7040 7039
f 7020 7021 7041
f 7020 7041 7040
f 7021 7022 7042
f 7021 7042 7041
f 7022 7023 7043
f 7022 7043 7042
f 7023 7004 7024
f 7023 7024 7043
f 7024 7025 7045
f 7024 7045 7044
f 7025 7026 7046
f 7025 7046 7045
f 7026 7027 7047
f 7026 7047 7046
f 7027 7028 7048
f 7027 7048 7047
f 7028 7029 7049
f 7028 7049 7048
f 7029 7030 7050
f 7029 7050 7049
f 7030 7031 7051
f 7030 7051 7050
f 7031 7032 7052
f 7031 7052 7051
f 7032 7033 7053
f 7032 7053 7052
f 7033 7034 7054
f 7033 7054 7053
f 7034 7035 7055
f 7034 7055 7054
f 7035 7036 7056
f 7035 7056 7055
f 7036 7037 7057
f 7036 7057 7056
f 7037 7038 7058
f 7037 7058 7057
f 7038 7039 7059
f 7038 7059 7058
f 7039 7040 7060
f 7039 7060 7059
f 7040 7041 7061
f 7040 7061 7060
f 7041 7042 7062
f 7041 7062 7061
f 7042 7043 7063
f 7042 7063 7062
f 7043 7024 7044
f 7043 7044 7063
f 7044 7045 7065
f 7044 7065 7064
f 7045 7046 7066
f 7045 7066 7065
f 7046 7047 7067
f 7046 7067 7066
f 7047 7048 7068
f 7047 7068 7067
f 7048 7049 7069
f 7048 7069 7068
f 7049 7050 7070
f 7049 7070 7069
f 7050 7051 7071
f 7050 7071 7070
f 7051 7052 7072
f 7051 7072 7071
f 7052 7053 7073
f 7052 7073 7072
f 7053 7054 7074
f 7053 7074 7073
f 7054 7055 7075
f 7054 7075 7074
f 7055 7056 7076
f 7055 7076 7075
f 7056 7057 7077
f 7056 7077 7076
f 7057 7058 7078
f 7057 7078 7077
f 7058 7059 7079
f 7058 7079 7078
f 7059 7060 7080
f 7059 7080 7079
f 7060 7061 7081
f 7060 7081 7080
f 7061 7062 7082
f 7061 7082 7081
f 7062 7063 7083
f 7062 7083 7082
f 7063 7044 7064
f 7063 7064 7083
f 7064 7065 7085
f 7064 7085 7084
f 7065 7066 7086
f 7065 7086 7085
f 7066 7067 7087
f 7066 7087 7086
f 7067 7068 7088
f 7067 7088 7087
f 7068 7069 7089
f 7068 7089 7088
f 7069 7070 7090
f 7069 7090 7089
f 7070 7071 7091
f 7070 7091 7090
f 7071 7072 7092
f 7071 7092 7091
f 7072 7073 7093
f 7072 7093 7092
f 7073 7074 7094
f 7073 7094 7093
f 7074 7075 7095
f 7074 7095 7094
f 7075 7076 7096
f 7075 7096 7095
f 7076 7077 7097
f 7076 7097 7096
f 7077 7078 7098
f 7077 7098 7097
f 7078 7079 7099
f 7078 7099 7098
f 7079 7080 7100
f 7079 7100 7099
f 7080 7081 7101
f 7080 7101 7100
f 7081 7082 7102
f 7081 7102 7101
f 7082 7083 7103
f 7082 7103 7102
f 7083 7064 7084
f 7083 7084 7103
f 7084 7085 7105
f 7084 7105 7104
f 7085 7086 7106
f 7085 7106 7105
f 7086 7087 7107
f 7086 7107 7106
f 7087 7088 7108
f 7087 7108 7107
f 7088 7089 7109
f 7088 7109 7108
f 7089 7090 7110
f 7089 7110 7109
f 7090 7091 7111
f 7090 7111 7110
f 7091 7092 7112
f 7091 7112 7111
f 7092 7093 7113
f 7092 7113 7112
f 7093 7094 7114
f 7093 7114 7113
f 7094 7095 7115
f 7094 7115 7114
f 7095 7096 7116
f 7095 7116 7115
f 7096 7097 7117
f 7096 7117 7116
f 7097 7098 7118
f 7097 7118 7117
f 7098 7099 7119
f 7098 7119 7118
f 7099 7100 7120
f 7099 7120 7119
f 7100 7101 7121
f 7100 7121 7120
f 7101 7102 7122
f 7101 7122 7121
f 7102 7103 7123
f 7102 7123 7122
f 7103 7084 7104
f 7103 7104 7123
f 7104 7105 7125
f 7104 7125 7124
f 7105 7106 7126
f 7105 7126 7125
f 7106 7107 7127
f 7106 7127 7126
f 7107 7108 7128
f 7107 7128 7127
f 7108 7109 7129
f 7108 7129 7128
f 7109 7110 7130
f 7109 7130 7129
f 7110 7111 7131
f 7110 7131 7130
f 7111 7112 7132
f 7111 7132 7131
f 7112 7113 7133
f 7112 7133 7132
f 7113 7114 7134
f 7113 7134 7133
f 7114 7115 7135
f 7114 7135 7134
f 7115 7116 7136
f 7115 7136 7135
f 7116 7117 7137
f 7116 7137 7136
f 7117 7118 7138
f 7117 7138 7137
f 7118 7119 7139
f 7118 7139 7138
f 7119 7120 7140
f 7119 7140 7139
f 7120 7121 7141
f 7120 7141 7140
f 7121 7122 7142
f 7121 7142 7141
f 7122 7123 7143
f 7122 7143 7142
f 7123 7104 7124
f 7123 7124 7143
f 7124 7125 7145
f 7124 7145 7144
f 7125 7126 7146
f 7125 7146 7145
f 7126 7127 7147
f 7126 7147 7146
f 7127 7128 7148
f 7127 7148 7147
f 7128 7129 7149
f 7128 7149 7148
f 7129 7130 7150
f 7129 7150 7149
f 7130 7131 7151
f 7130 7151 7150
f 7131 7132 7152
f 7131 7152 7151
f 7132 7133 7153
f 7132 7153 7152
f 7133 7134 7154
f 7133 7154 7153
f 7134 7135 7155
f 7134 7155 7154
f 7135 7136 7156
f 7135 7156 7155
f 7136 7137 7157
f 7136 7157 7156
f 7137 7138 7158
f 7137 7158 7157
f 7138 7139 7159
f 7138 7159 7158
f 7139 7140 7160
f 7139 7160 7159
f 7140 7141 7161
f 7140 7161 7160
f 7141 7142 7162
f 7141 7162 7161
f 7142 7143 7163
f 7142 7163 7162
f 7143 7124 7144
f 7143 7144 7163
f 7144 7145 7165
f 7144 7165 7164
f 7145 7146 7166
f 7145 7166 7165
f 7146 7147 7167
f 7146 7167 7166
f 7147 7148 7168
f 7147 7168 7167
f 7148 7149 7169
f 7148 7169 7168
f 7149 7150 7170
f 7149 7170 7169
f 7150 7151 7171
f 7150 7171 7170
f 7151 7152 7172
f 7151 7172 7171
f 7152 7153 7173
f 7152 7173 7172
f 7153 7154 7174
f 7153 7174 7173
f 7154 7155 7175
f 7154 7175 7174
f 7155 7156 7176
f 7155 7176 7175
f 7156 7157 7177
f 7156 7177 7176
f 7157 7158 7178
f 7157 7178 7177
f 7158 7159 7179
f 7158 7179 7178
f 7159 7160 7180
f 7159 7180 7179
f 7160 7161 7181
f 7160 7181 7180
f 7161 7162 7182
f 7161 7182 7181
f 7162 7163 7183
f 7162 7183 7182
f 7163 7144 7164
f 7163 7164 7183
f 7164 7165 7185
f 7164 7185 7184
f 7165 7166 7186
f 7165 7186 7185
f 7166 7167 7187
f 7166 7187 7186
f 7167 7168 7188
f 7167 7188 7187
f 7168 7169 7189
f 7168 7189 7188
f 7169 7170 7190
f 7169 7190 7189
f 7170 7171 7191
f 7170 7191 7190
f 7171 7172 7192
f 7171 7192 7191
f 7172 7173 7193
f 7172 7193 7192
f 7173 7174 7194
f 7173 7194 7193
f 7174 7175 7195
f 7174 7195 7194
f 7175 7176 7196
f 7175 7196 7195
f 7176 7177 7197
f 7176 7197 7196
f 7177 7178 7198
f 7177 7198 7197
f 7178 7179 7199
f 7178 7199 7198
f 7179 7180 7200
f 7179 7200 7199
f 7180 7181 7201
f 7180 7201 7200
f 7181 7182 7202
f 7181 7202 7201
f 7182 7183 7203
f 7182 7203 7202
f 7183 7164 7184
f 7183 7184 7203
f 7184 7185 7205
f 7184 7205 7204
f 7185 7186 7206
f 7185 7206 7205
f 7186 7187 7207
f 7186 7207 7206
f 7187 7188 7208
f 7187 7208 7207
f 7188 7189 7209
f 7188 7209 7208
f 7189 7190 7210
f 7189 7210 7209
f 7190 7191 7211
f 7190 7211 7210
f 7191 7192 7212
f 7191 7212 7211
f 7192 7193 7213
f 7192 7213 7212
f 7193 7194 7214
f 7193 7214 7213
f 7194 7195 7215
f 7194 7215 7214
f 7195 7196 7216
f 7195 7216 7215
f 7196 7197 7217
f 7196 7217 7216
f 7197 7198 7218
f 7197 7218 7217
f 7198 7199 7219
f 7198 7219 7218
f 7199 7200 7220
f 7199 7220 7219
f 7200 7201 7221
f 7200 7221 7220
f 7201 7202 7222
f 7201 7222 7221
f 7202 7203 7223
f 7202 7223 7222
f 7203 7184 7204
f 7203 7204 7223
f 7204 7205 7225
f 7204 7225 7224
f 7205 7206 7226
f 7205 7226 7225
f 7206 7207 7227
f 7206 7227 7226
f 7207 7208 7228
f 7207 7228 7227
f 7208 7209 7229
f 7208 7229 7228
f 7209 7210 7230
f 7209 7230 7229
f 7210 7211 7231
f 7210 7231 7230
f 7211 7212 7232
f 7211 7232 7231
f 7212 7213 7233
f 7212 7233 7232
f 7213 7214 7234
f 7213 7234 7233
f 7214 7215 7235
f 7214 7235 7234
f 7215 7216 7236
f 7215 7236 7235
f 7216 7217 7237
f 7216 7237 7236
f 7217 7218 7238
f 7217 7238 7237
f 7218 7219 7239
f 7218 7239 7238
f 7219 7220 7240
f 7219 7240 7239
f 7220 7221 7241
f 7220 7241 7240
f 7221 7222 7242
f 7221 7242 7241
f 7222 7223 7243
f 7222 7243 7242
f 7223 7204 7224
f 7223 7224 7243
f 7224 7225 7245
f 7224 7245 7244
f 7225 7226 7246
f 7225 7246 7245
f 7226 7227 7247
f 7226 7247 7246
f 7227 7228 7248
f 7227 7248 7247
f 7228 7229 7249
f 7228 7249 7248
f 7229 7230 7250
f 7229 7250 7249
f 7230 7231 7251
f 7230 7251 7250
f 7231 7232 7252
f 7231 7252 7251
f 7232 7233 7253
f 7232 7253 7252
f 7233 7234 7254
f 7233 7254 7253
f 7234 7235 7255
f 7234 7255 7254
f 7235 7236 7256
f 7235 7256 7255
f 7236 7237 7257
f 7236 7257 7256
f 7237 7238 7258
f 7237 7258 7257
f 7238 7239 7259
f 7238 7259 7258
f 7239 7240 7260
f 7239 7260 7259
f 7240 7241 7261
f 7240 7261 7260
f 7241 7242 7262
f 7241 7262 7261
f 7242 7243 7263
f 7242 7263 7262
f 7243 7224 7244
f 7243 7244 7263
f 7244 7245 7265
f 7244 7265 7264
f 7245 7246 7266
f 7245 7266 7265
f 7246 7247 7267
f 7246 7267 7266
f 7247 7248 7268
f 7247 7268 7267
f 7248 7249 7269
f 7248 7269 7268
f 7249 7250 7270
f 7249 7270 7269
f 7250 7251 7271
f 7250 7271 7270
f 7251 7252 7272
f 7251 7272 7271
f 7252 7253 7273
f 7252 7273 7272
f 7253 7254 7274
f 7253 7274 7273
f 7254 7255 7275
f 7254 7275 7274
f 7255 7256 7276
f 7255 7276 7275
f 7256 7257 7277
f 7256 7277 7276
f 7257 7258 7278
f 7257 7278 7277
f 7258 7259 7279
f 7258 7279 7278
f 7259 7260 7280
f 7259 7280 7279
f 7260 7261 7281
f 7260 7281 7280
f 7261 7262 7282
f 7261 7282 7281
f 7262 7263 7283
f 7262 7283 7282
f 7263 7244 7264
f 7263 7264 7283
f 7264 7265 7285
f 7264 7285 7284
f 7265 7266 7286
f 7265 7286 7285
f 7266 7267 7287
f 7266 7287 7286
f 7267 7268 7288
f 7267 7288 7287
f 7268 7269 7289
f 7268 7289 7288
f 7269 7270 7290
f 7269 7290 7289
f 7270 7271 7291
f 7270 7291 7290
f 7271 7272 7292
f 7271 7292 7291
f 7272 7273 7293
f 7272 7293 7292
f 7273 7274 7294
f 7273 7294 7293
f 7274 7275 7295
f 7274 7295 7294
f 7275 7276 7296
f 7275 7296 7295
f 7276 7277 7297
f 7276 7297 7296
f 7277 7278 7298
f 7277 7298 7297
f 7278 7279 7299
f 7278 7299 7298
f 7279 7280 7300
f 7279 7300 7299
f 7280 7281 7301
f 7280 7301 7300
f 7281 7282 7302
f 7281 7302 7301
f 7282 7283 7303
f 7282 7303 7302
f 7283 7264 7284
f 7283 7284 7303
f 7284 7285 7305
f 7284 7305 7304
f 7285 7286 7306
f 7285 7306 7305
f 7286 7287 7307
f 7286 7307 7306
f 7287 7288 7308
f 7287 7308 7307
f 7288 7289 7309
f 7288 7309 7308
f 7289 7290 7310
f 7289 7310 7309
f 7290 7291 7311
f 7290 7311 7310
f 7291 7292 7312
f 7291 7312 7311
f 7292 7293 7313
f 7292 7313 7312
f 7293 7294 7314
f 7293 7314 7313
f 7294 7295 7315
f 7294 7315 7314
f 7295 7296 7316
f 7295 7316 7315
f 7296 7297 7317
f 7296 7317 7316
f 7297 7298 7318
f 7297 7318 7317
f 7298 7299 7319
f 7298 7319 7318
f 7299 7300 7320
f 7299 7320 7319
f 7300 7301 7321
f 7300 7321 7320
f 7301 7302 7322
f 7301 7322 7321
f 7302 7303 7323
f 7302 7323 7322
f 7303 7284 7304
f 7303 7304 7323
f 7304 7305 7325
f 7304 7325 7324
f 7305 7306 7326
f 7305 7326 7325
f 7306 7307 7327
f 7306 7327 7326
f 7307 7308 7328
f 7307 7328 7327
f 7308 7309 7329
f 7308 7329 7328
f 7309 7310 7330
f 7309 7330 7329
f 7310 7311 7331
f 7310 7331 7330
f 7311 7312 7332
f 7311 7332 7331
f 7312 7313 7333
f 7312 7333 7332
f 7313 7314 7334
f 7313 7334 7333
f 7314 7315 7335
f 7314 7335 7334
f 7315 7316 7336
f 7315 7336 7335
f 7316 7317 7337
f 7316 7337 7336
f 7317 7318 7338
f 7317 7338 7337
f 7318 7319 7339
f 7318 7339 7338
f 7319 7320 7340
f 7319 7340 7339
f 7320 7321 7341
f 7320 7341 7340
f 7321 7322 7342
f 7321 7342 7341
f 7322 7323 7343
f 7322 7343 7342
f 7323 7304 7324
f 7323 7324 7343
f 7324 7325 7345
f 7324 7345 7344
f 7325 7326 7346
f 7325 7346 7345
f 7326 7327 7347
f 7326 7347 7346
f 7327 7328 7348
f 7327 7348 7347
f 7328 7329 7349
f 7328 7349 7348
f 7329 7330 7350
f 7329 7350 7349
f 7330 7331 7351
f 7330 7351 7350
f 7331 7332 7352
f 7331 7352 7351
f 7332 7333 7353
f 7332 7353 7352
f 7333 7334 7354
f 7333 7354 7353
f 7334 7335 7355
f 7334 7355 7354
f 7335 7336 7356
f 7335 7356 7355
f 7336 7337 7357
f 7336 7357 7356
f 7337 7338 7358
f 7337 7358 7357
f 7338 7339 7359
f 7338 7359 7358
f 7339 7340 7360
f 7339 7360 7359
f 7340 7341 7361
f 7340 7361 7360
f 7341 7342 7362
f 7341 7362 7361
f 7342 7343 7363
f 7342 7363 7362
f 7343 7324 7344
f 7343 7344 7363
f 7344 7345 7365
f 7344 7365 7364
f 7345 7346 7366
f 7345 7366 7365
f 7346 7347 7367
f 7346 7367 7366
f 7347 7348 7368
f 7347 7368 7367
f 7348 7349 7369
f 7348 7369 7368
f 7349 7350 7370
f 7349 7370 7369
f 7350 7351 7371
f 7350 7371 7370
f 7351 7352 7372
f 7351 7372 7371
f 7352 7353 7373
f 7352 7373 7372
f 7353 7354 7374
f 7353 7374 7373
f 7354 7355 7375
f 7354 7375 7374
f 7355 7356 7376
f 7355 7376 7375
f 7356 7357 7377
f 7356 7377 7376
f 7357 7358 7378
f 7357 7378 7377
f 7358 7359 7379
f 7358 7379 7378
f 7359 7360 7380
f 7359 7380 7379
f 7360 7361 7381
f 7360 7381 7380
f 7361 7362 7382
f 7361 7382 7381
f 7362 7363 7383
f 7362 7383 7382
f 7363 7344 7364
f 7363 7364 7383
f 7364 7365 7385
f 7364 7385 7384
f 7365 7366 7386
f 7365 7386 7385
f 7366 7367 7387
f 7366 7387 7386
f 7367 7368 7388
f 7367 7388 7387
f 7368 7369 7389
f 7368 7389 7388
f 7369 7370 7390
f 7369 7390 7389
f 7370 7371 7391
f 7370 7391 7390
f 7371 7372 7392
f 7371 7392 7391
f 7372 7373 7393
f 7372 7393 7392
f 7373 7374 7394
f 7373 7394 7393
f 7374 7375 7395
f 7374 7395 7394
f 7375 7376 7396
f 7375 7396 7395
f 7376 7377 7397
f 7376 7397 7396
f 7377 7378 7398
f 7377 7398 7397
f 7378 7379 7399
f 7378 7399 7398
f 7379 7380 7400
f 7379 7400 7399
f 7380 7381 7401
f 7380 7401 7400
f 7381 7382 7402
f 7381 7402 7401
f 7382 7383 7403
f 7382 7403 7402
f 7383 7364 7384
f 7383 7384 7403
f 7384 7385 7405
f 7384 7405 7404
f 7385 7386 7406
f 7385 7406 7405
f 7386 7387 7407
f 7386 7407 7406
f 7387 7388 7408
f 7387 7408 7407
f 7388 7389 7409
f 7388 7409 7408
f 7389 7390 7410
f 7389 7410 7409
f 7390 7391 7411
f 7390 7411 7410
f 7391 7392 7412
f 7391 7412 7411
f 7392 7393 7413
f 7392 7413 7412
f 7393 7394 7414
f 7393 7414 7413
f 7394 7395 7415
f 7394 7415 7414
f 7395 7396 7416
f 7395 7416 7415
f 7396 7397 7417
f 7396 7417 7416
f 7397 7398 7418
f 7397 7418 7417
f 7398 7399 7419
f 7398 7419 7418
f 7399 7400 7420
f 7399 7420 7419
f 7400 7401 7421
f 7400 7421 7420
f 7401 7402 7422
f 7401 7422 7421
f 7402 7403 7423
f 7402 7423 7422
f 7403 7384 7404
f 7403 7404 7423
f 7404 7405 7425
f 7404 7425 7424
f 7405 7406 7426
f 7405 7426 7425
f 7406 7407 7427
f 7406 7427 7426
f 7407 7408 7428
f 7407 7428 7427
f 7408 7409 7429
f 7408 7429 7428
f 7409 7410 7430
f 7409 7430 7429
f 7410 7411 7431
f 7410 7431 7430
f 7411 7412 7432
f 7411 7432 7431
f 7412 7413 7433
f 7412 7433 7432
f 7413 7414 7434
f 7413 7434 7433
f 7414 7415 7435
f 7414 7435 7434
f 7415 7416 7436
f 7415 7436 7435
f 7416 7417 7437
f 7416 7437 7436
f 7417 7418 7438
f 7417 7438 7437
f 7418 7419 7439
f 7418 7439 7438
f 7419 7420 7440
f 7419 7440 7439
f 7420 7421 7441
f 7420 7441 7440
f 7421 7422 7442
f 7421 7442 7441
f 7422 7423 7443
f 7422 7443 7442
f 7423 7404 7424
f 7423 7424 7443
f 7424 7425 7445
f 7424 7445 7444
f 7425 7426 7446
f 7425 7446 7445
f 7426 7427 7447
f 7426 7447 7446
f 7427 7428 7448
f 7427 7448 7447
f 7428 7429 7449
f 7428 7449 7448
f 7429 7430 7450
f 7429 7450 7449
f 7430 7431 7451
f 7430 7451 7450
f 7431 7432 7452
f 7431 7452 7451
f 7432 7433 7453
f 7432 7453 7452
f 7433 7434 7454
f 7433 7454 7453
f 7434 7435 7455
f 7434 7455 7454
f 7435 7436 7456
f 7435 7456 7455
f 7436 7437 7457
f 7436 7457 7456
f 7437 7438 7458
f 7437 7458 7457
f 7438 7439 7459
f 7438 7459 7458
f 7439 7440 7460
f 7439 7460 7459
f 7440 7441 7461
f 7440 7461 7460
f 7441 7442 7462
f 7441 7462 7461
f 7442 7443 7463
f 7442 7463 7462
f 7443 7424 7444
f 7443 7444 7463
f 7444 7445 7465
f 7444 7465 7464
f 7445 7446 7466
f 7445 7466 7465
f 7446 7447 7467
f 7446 7467 7466
f 7447 7448 7468
f 7447 7468 7467
f 7448 7449 7469
f 7448 7469 7468
f 7449 7450 7470
f 7449 7470 7469
f 7450 7451 7471
f 7450 7471 7470
f 7451 7452 7472
f 7451 7472 7471
f 7452 7453 7473
f 7452 7473 7472
f 7453 7454 7474
f 7453 7474 7473
f 7454 7455 7475
f 7454 7475 7474
f 7455 7456 7476
f 7455 7476 7475
f 7456 7457 7477
f 7456 7477 7476
f 7457 7458 7478
f 7457 7478 7477
f 7458 7459 7479
f 7458 7479 7478
f 7459 7460 7480
f 7459 7480 7479
f 7460 7461 7481
f 7460 7481 7480
f 7461 7462 7482
f 7461 7482 7481
f 7462 7463 7483
f 7462 7483 7482
f 7463 7444 7464
f 7463 7464 7483
f 7464 7465 7485
f 7464 7485 7484
f 7465 7466 7486
f 7465 7486 7485
f 7466 7467 7487
f 7466 7487 7486
f 7467 7468 7488
f 7467 7488 7487
f 7468 7469 7489
f 7468 7489 7488
f 7469 7470 7490
f 7469 7490 7489
f 7470 7471 7491
f 7470 7491 7490
f 7471 7472 7492
f 7471 7492 7491
f 7472 7473 7493
f 7472 7493 7492
f 7473 7474 7494
f 7473 7494 7493
f 7474 7475 7495
f 7474 7495 7494
f 7475 7476 7496
f 7475 7496 7495
f 7476 7477 7497
f 7476 7497 7496
f 7477 7478 7498
f 7477 7498 7497
f 7478 7479 7499
f 7478 7499 7498
f 7479 7480 7500
f 7479 7500 7499
f 7480 7481 7501
f 7480 7501 7500
f 7481 7482 7502
f 7481 7502 7501
f 7482 7483 7503
f 7482 7503 7502
f 7483 7464 7484
f 7483 7484 7503
f 7484 7485 7505
f 7484 7505 7504
f 7485 7486 7506
f 7485 7506 7505
f 7486 7487 7507
f 7486 7507 7506
f 7487 7488 7508
f 7487 7508 7507
f 7488 7489 7509
f 7488 7509 7508
f 7489 7490 7510
f 7489 7510 7509
f 7490 7491 7511
f 7490 7511 7510
f 7491 7492 7512
f 7491 7512 7511
f 7492 7493 7513
f 7492 7513 7512
f 7493 7494 7514
f 7493 7514 7513
f 7494 7495 7515
f 7494 7515 7514
f 7495 7496 7516
f 7495 7516 7515
f 7496 7497 7517
f 7496 7517 7516
f 7497 7498 7518
f 7497 7518 7517
f 7498 7499 7519
f 7498 7519 7518
f 7499 7500 7520
f 7499 7520 7519
f 7500 7501 7521
f 7500 7521 7520
f 7501 7502 7522
f 7501 7522 7521
f 7502 7503 7523
f 7502 7523 7522
f 7503 7484 7504
f 7503 7504 7523
f 7504 7505 7525
f 7504 7525 7524
f 7505 7506 7526
f 7505 7526 7525
f 7506 7507 7527
f 7506 7527 7526
f 7507 7508 7528
f 7507 7528 7527
f 7508 7509 7529
f 7508 7529 7528
f 7509 7510 7530
f 7509 7530 7529
f 7510 7511 7531
f 7510 7531 7530
f 7511 7512 7532
f 7511 7532 7531
f 7512 7513 7533
f 7512 7533 7532
f 7513 7514 7534
f 7513 7534 7533
f 7514 7515 7535
f 7514 7535 7534
f 7515 7516 7536
f 7515 7536 7535
f 7516 7517 7537
f 7516 7537 7536
f 7517 7518 7538
f 7517 7538 7537
f 7518 7519 7539
f 7518 7539 7538
f 7519 7520 7540
f 7519 7540 7539
f 7520 7521 7541
f 7520 7541 7540
f 7521 7522 7542
f 7521 7542 7541
f 7522 7523 7543
f 7522 7543 7542
f 7523 7504 7524
f 7523 7524 7543
f 7524 7525 7545
f 7524 7545 7544
f 7525 7526 7546
f 7525 7546 7545
f 7526 7527 7547
f 7526 7547 7546
f 7527 7528 7548
f 7527 7548 7547
f 7528 7529 7549
f 7528 7549 7548
f 7529 7530 7550
f 7529 7550 7549
f 7530 7531 7551
f 7530 7551 7550
f 7531 7532 7552
f 7531 7552 7551
f 7532 7533 7553
f 7532 7553 7552
f 7533 7534 7554
f 7533 7554 7553
f 7534 7535 7555
f 7534 7555 7554
f 7535 7536 7556
f 7535 7556 7555
f 7536 7537 7557
f 7536 7557 7556
f 7537 7538 7558
f 7537 7558 7557
f 7538 7539 7559
f 7538 7559 7558
f 7539 7540 7560
f 7539 7560 7559
f 7540 7541 7561
f 7540 7561 7560
f 7541 7542 7562
f 7541 7562 7561
f 7542 7543 7563
f 7542 7563 7562
f 7543 7524 7544
f 7543 7544 7563
f 7544 7545 7565
f 7544 7565 7564
f 7545 7546 7566
f 7545 7566 7565
f 7546 7547 7567
f 7546 7567 7566
f 7547 7548 7568
f 7547 7568 7567
f 7548 7549 7569
f 7548 7569 7568
f 7549 7550 7570
f 7549 7570 7569
f 7550 7551 7571
f 7550 7571 7570
f 7551 7552 7572
f 7551 7572 7571
f 7552 7553 7573
f 7552 7573 7572
f 7553 7554 7574
f 7553 7574 7573
f 7554 7555 7575
f 7554 7575 7574
f 7555 7556 7576
f 7555 7576 7575
f 7556 7557 7577
f 7556 7577 7576
f 7557 7558 7578
f 7557 7578 7577
f 7558 7559 7579
f 7558 7579 7578
f 7559 7560 7580
f 7559 7580 7579
f 7560 7561 7581
f 7560 7581 7580
f 7561 7562 7582
f 7561 7582 7581
f 7562 7563 7583
f 7562 7583 7582
f 7563 7544 7564
f 7563 7564 7583
f 7564 7565 7585
f 7564 7585 7584
f 7565 7566 7586
f 7565 7586 7585
f 7566 7567 7587
f 7566 7587 7586
f 7567 7568 7588
f 7567 7588 7587
f 7568 7569 7589
f 7568 7589 7588
f 7569 7570 7590
f 7569 7590 7589
f 7570 7571 7591
f 7570 7591 7590
f 7571 7572 7592
f 7571 7592 7591
f 7572 7573 7593
f 7572 7593 7592
f 7573 7574 7594
f 7573 7594 7593
f 7574 7575 7595
f 7574 7595 7594
f 7575 7576 7596
f 7575 7596 7595
f 7576 7577 7597
f 7576 7597 7596
f 7577 7578 7598
f 7577 7598 7597
f 7578 7579 7599
f 7578 7599 7598
f 7579 7580 7600
f 7579 7600 7599
f 7580 7581 7601
f 7580 7601 7600
f 7581 7582 7602
f 7581 7602 7601
f 7582 7583 7603
f 7582 7603 7602
f 7583 7564 7584
f 7583 7584 7603
f 7584 7585 7605
f 7584 7605 7604
f 7585 7586 7606
f 7585 7606 7605
f 7586 7587 7607
f 7586 7607 7606
f 7587 7588 7608
f 7587 7608 7607
f 7588 7589 7609
f 7588 7609 7608
f 7589 7590 7610
f 7589 7610 7609
f 7590 7591 7611
f 7590 7611 7610
f 7591 7592 7612
f 7591 7612 7611
f 7592 7593 7613
f 7592 7613 7612
f 7593 7594 7614
f 7593 7614 7613
f 7594 7595 7615
f 7594 7615 7614
f 7595 7596 7616
f 7595 7616 7615
f 7596 7597 7617
f 7596 7617 7616
f 7597 7598 7618
f 7597 7618 7617
f 7598 7599 7619
f 7598 7619 7618
f 7599 7600 7620
f 7599 7620 7619
f 7600 7601 7621
f 7600 7621 7620
f 7601 7602 7622
f 7601 7622 7621
f 7602 7603 7623
f 7602 7623 7622
f 7603 7584 7604
f 7603 7604 7623
f 7604 7605 7625
f 7604 7625 7624
f 7605 7606 7626
f 7605 7626 7625
f 7606 7607 7627
f 7606 7627 7626
f 7607 7608 7628
f 7607 7628 7627
f 7608 7609 7629
f 7608 7629 7628
f 7609 7610 7630
f 7609 7630 7629
f 7610 7611 7631
f 7610 7631 7630
f 7611 7612 7632
f 7611 7632 7631
f 7612 7613 7633
f 7612 7633 7632
f 7613 7614 7634
f 7613 7634 7633
f 7614 7615 7635
f 7614 7635 7634
f 7615 7616 7636
f 7615 7636 7635
f 7616 7617 7637
f 7616 7637 7636
f 7617 7618 7638
f 7617 7638 7637
f 7618 7619 7639
f 7618 7639 7638
f 7619 7620 7640
f 7619 7640 7639
f 7620 7621 7641
f 7620 7641 7640
f 7621 7622 7642
f 7621 7642 7641
f 7622 7623 7643
f 7622 7643 7642
f 7623 7604 7624
f 7623 7624 7643
f 7624 7625 7645
f 7624 7645 7644
f 7625 7626 7646
f 7625 7646 7645
f 7626 7627 7647
f 7626 7647 7646
f 7627 7628 7648
f 7627 7648 7647
f 7628 7629 7649
f 7628 7649 7648
f 7629 7630 7650
f 7629 7650 7649
f 7630 7631 7651
f 7630 7651 7650
f 7631 7632 7652
f 7631 7652 7651
f 7632 7633 7653
f 7632 7653 7652
f 7633 7634 7654
f 7633 7654 7653
f 7634 7635 7655
f 7634 7655 7654
f 7635 7636 7656
f 7635 7656 7655
f 7636 7637 7657
f 7636 7657 7656
f 7637 7638 7658
f 7637 7658 7657
f 7638 7639 7659
f 7638 7659 7658
f 7639 7640 7660
f 7639 7660 7659
f 7640 7641 7661
f 7640 7661 7660
f 7641 7642 7662
f 7641 7662 7661
f 7642 7643 7663
f 7642 7663 7662
f 7643 7624 7644
f 7643 7644 7663
f 7644 7645 7665
f 7644 7665 7664
f 7645 7646 7666
f 7645 7666 7665
f 7646 7647 7667
f 7646 7667 7666
f 7647 7648 7668
f 7647 7668 7667
f 7648 7649 7669
f 7648 7669 7668
f 7649 7650 7670
f 7649 7670 7669
f 7650 7651 7671
f 7650 7671 7670
f 7651 7652 7672
f 7651 7672 7671
f 7652 7653 7673
f 7652 7673 7672
f 7653 7654 7674
f 7653 7674 7673
f 7654 7655 7675
f 7654 7675 7674
f 7655 7656 7676
f 7655 7676 7675
f 7656 7657 7677
f 7656 7677 7676
f 7657 7658 7678
f 7657 7678 7677
f 7658 7659 7679
f 7658 7679 7678
f 7659 7660 7680
f 7659 7680 7679
f 7660 7661 7681
f 7660 7681 7680
f 7661 7662 7682
f 7661 7682 7681
f 7662 7663 7683
f 7662 7683 7682
f 7663 7644 7664
f 7663 7664 7683
f 7664 7665 7685
f 7664 7685 7684
f 7665 7666 7686
f 7665 7686 7685
f 7666 7667 7687
f 7666 7687 7686
f 7667 7668 7688
f 7667 7688 7687
f 7668 7669 7689
f 7668 7689 7688
f 7669 7670 7690
f 7669 7690 7689
f 7670 7671 7691
f 7670 7691 7690
f 7671 7672 7692
f 7671 7692 7691
f 7672 7673 7693
f 7672 7693 7692
f 7673 7674 7694
f 7673 7694 7693
f 7674 7675 7695
f 7674 7695 7694
f 7675 7676 7696
f 7675 7696 7695
f 7676 7677 7697
f 7676 7697 7696
f 7677 7678 7698
f 7677 7698 7697
f 7678 7679 7699
f 7678 7699 7698
f 7679 7680 7700
f 7679 7700 7699
f 7680 7681 7701
f 7680 7701 7700
f 7681 7682 7702
f 7681 7702 7701
f 7682 7683 7703
f 7682 7703 7702
f 7683 7664 7684
f 7683 7684 7703
f 7684 7685 7705
f 7684 7705 7704
f 7685 7686 7706
f 7685 7706 7705
f 7686 7687 7707
f 7686 7707 7706
f 7687 7688 7708
f 7687 7708 7707
f 7688 7689 7709
f 7688 7709 7708
f 7689 7690 7710
f 7689 7710 7709
f 7690 7691 7711
f 7690 7711 7710
f 7691 7692 7712
f 7691 7712 7711
f 7692 7693 7713
f 7692 7713 7712
f 7693 7694 7714
f 7693 7714 7713
f 7694 7695 7715
f 7694 7715 7714
f 7695 7696 7716
f 7695 7716 7715
f 7696 7697 7717
f 7696 7717 7716
f 7697 7698 7718
f 7697 7718 7717
f 7698 7699 7719
f 7698 7719 7718
f 7699 7700 7720
f 7699 7720 7719
f 7700 7701 7721
f 7700 7721 7720
f 7701 7702 7722
f 7701 7722 7721
f 7702 7703 7723
f 7702 7723 7722
f 7703 7684 7704
f 7703 7704 7723
f 7704 7705 7725
f 7704 7725 7724
f 7705 7706 7726
f 7705 7726 7725
f 7706 7707 7727
f 7706 7727 7726
f 7707 7708 7728
f 7707 7728 7727
f 7708 7709 7729
f 7708 7729 7728
f 7709 7710 7730
f 7709 7730 7729
f 7710 7711 7731
f 7710 7731 7730
f 7711 7712 7732
f 7711 7732 7731
f 7712 7713 7733
f 7712 7733 7732
f 7713 7714 7734
f 7713 7734 7733
f 7714 7715 7735
f 7714 7735 7734
f 7715 7716 7736
f 7715 7736 7735
f 7716 7717 7737
f 7716 7737 7736
f 7717 7718 7738
f 7717 7738 7737
f 7718 7719 7739
f 7718 7739 7738
f 7719 7720 7740
f 7719 7740 7739
f 7720 7721 7741
f 7720 7741 7740
f 7721 7722 7742
f 7721 7742 7741
f 7722 7723 7743
f 7722 7743 7742
f 7723 7704 7724
f 7723 7724 7743
f 7724 7725 7745
f 7724 7745 7744
f 7725 7726 7746
f 7725 7746 7745
f 7726 7727 7747
f 7726 7747 7746
f 7727 7728 7748
f 7727 7748 7747
f 7728 7729 7749
f 7728 7749 7748
f 7729 7730 7750
f 7729 7750 7749
f 7730 7731 7751
f 7730 7751 7750
f 7731 7732 7752
f 7731 7752 7751
f 7732 7733 7753
f 7732 7753 7752
f 7733 7734 7754
f 7733 7754 7753
f 7734 7735 7755
f 7734 7755 7754
f 7735 7736 7756
f 7735 7756 7755
f 7736 7737 7757
f 7736 7757 7756
f 7737 7738 7758
f 7737 7758 7757
f 7738 7739 7759
f 7738 7759 7758
f 7739 7740 7760
f 7739 7760 7759
f 7740 7741 7761
f 7740 7761 7760
f 7741 7742 7762
f 7741 7762 7761
f 7742 7743 7763
f 7742 7763 7762
f 7743 7724 7744
f 7743 7744 7763
f 7744 7745 7765
f 7744 7765 7764
f 7745 7746 7766
f 7745 7766 7765
f 7746 7747 7767
f 7746 7767 7766
f 7747 7748 7768
f 7747 7768 7767
f 7748 7749 7769
f 7748 7769 7768
f 7749 7750 7770
f 7749 7770 7769
f 7750 7751 7771
f 7750 7771 7770
f 7751 7752 7772
f 7751 7772 7771
f 7752 7753 7773
f 7752 7773 7772
f 7753 7754 7774
f 7753 7774 7773
f 7754 7755 7775
f 7754 7775 7774
f 7755 7756 7776
f 7755 7776 7775
f 7756 7757 7777
f 7756 7777 7776
f 7757 7758 7778
f 7757 7778 7777
f 7758 7759 7779
f 7758 7779 7778
f 7759 7760 7780
f 7759 7780 7779
f 7760 7761 7781
f 7760 7781 7780
f 7761 7762 7782
f 7761 7782 7781
f 7762 7763 7783
f 7762 7783 7782
f 7763 7744 7764
f 7763 7764 7783
f 7764 7765 7785
f 7764 7785 7784
f 7765 7766 7786
f 7765 7786 7785
f 7766 7767 7787
f 7766 7787 7786
f 7767 7768 7788
f 7767 7788 7787
f 7768 7769 7789
f 7768 7789 7788
f 7769 7770 7790
f 7769 7790 7789
f 7770 7771 7791
f 7770 7791 7790
f 7771 7772 7792
f 7771 7792 7791
f 7772 7773 7793
f 7772 7793 7792
f 7773 7774 7794
f 7773 7794 7793
f 7774 7775 7795
f 7774 7795 7794
f 7775 7776 7796
f 7775 7796 7795
f 7776 7777 7797
f 7776 7797 7796
f 7777 7778 7798
f 7777 7798 7797
f 7778 7779 7799
f 7778 7799 7798
f 7779 7780 7800
f 7779 7800 7799
f 7780 7781 7801
f 7780 7801 7800
f 7781 7782 7802
f 7781 7802 7801
f 7782 7783 7803
f 7782 7803 7802
f 7783 7764 7784
f 7783 7784 7803
f 7784 7785 7805
f 7784 7805 7804
f 7785 7786 7806
f 7785 7806 7805
f 7786 7787 7807
f 7786 7807 7806
f 7787 7788 7808
f 7787 7808 7807
f 7788 7789 7809
f 7788 7809 7808
f 7789 7790 7810
f 7789 7810 7809
f 7790 7791 7811
f 7790 7811 7810
f 7791 7792 7812
f 7791 7812 7811
f 7792 7793 7813
f 7792 7813 7812
f 7793 7794 7814
f 7793 7814 7813
f 7794 7795 7815
f 7794 7815 7814
f 7795 7796 7816
f 7795 7816 7815
f 7796 7797 7817
f 7796 7817 7816
f 7797 7798 7818
f 7797 7818 7817
f 7798 7799 7819
f 7798 7819 7818
f 7799 7800 7820
f 7799 7820 7819
f 7800 7801 7821
f 7800 7821 7820
f 7801 7802 7822
f 7801 7822 7821
f 7802 7803 7823
f 7802 7823 7822
f 7803 7784 7804
f 7803 7804 7823
f 7804 7805 7825
f 7804 7825 7824
f 7805 7806 7826
f 7805 7826 7825
f 7806 7807 7827
f 7806 7827 7826
f 7807 7808 7828
f 7807 7828 7827
f 7808 7809 7829
f 7808 7829 7828
f 7809 7810 7830
f 7809 7830 7829
f 7810 7811 7831
f 7810 7831 7830
f 7811 7812 7832
f 7811 7832 7831
f 7812 7813 7833
f 7812 7833 7832
f 7813 7814 7834
f 7813 7834 7833
f 7814 7815 7835
f 7814 7835 7834
f 7815 7816 7836
f 7815 7836 7835
f 7816 7817 7837
f 7816 7837 7836
f 7817 7818 7838
f 7817 7838 7837
f 7818 7819 7839
f 7818 7839 7838
f 7819 7820 7840
f 7819 7840 7839
f 7820 7821 7841
f 7820 7841 7840
f 7821 7822 7842
f 7821 7842 7841
f 7822 7823 7843
f 7822 7843 7842
f 7823 7804 7824
f 7823 7824 7843
f 7824 7825 7845
f 7824 7845 7844
f 7825 7826 7846
f 7825 7846 7845
f 7826 7827 7847
f 7826 7847 7846
f 7827 7828 7848
f 7827 7848 7847
f 7828 7829 7849
f 7828 7849 7848
f 7829 7830 7850
f 7829 7850 7849
f 7830 7831 7851
f 7830 7851 7850
f 7831 7832 7852
f 7831 7852 7851
f 7832 7833 7853
f 7832 7853 7852
f 7833 7834 7854
f 7833 7854 7853
f 7834 7835 7855
f 7834 7855 7854
f 7835 7836 7856
f 7835 7856 7855
f 7836 7837 7857
f 7836 7857 7856
f 7837 7838 7858
f 7837 7858 7857
f 7838 7839 7859
f 7838 7859 7858
f 7839 7840 7860
f 7839 7860 7859
f 7840 7841 7861
f 7840 7861 7860
f 7841 7842 7862
f 7841 7862 7861
f 7842 7843 7863
f 7842 7863 7862
f 7843 7824 7844
f 7843 7844 7863
f 7844 7845 7865
f 7844 7865 7864
f 7845 7846 7866
f 7845 7866 7865
f 7846 7847 7867
f 7846 7867 7866
f 7847 7848 7868
f 7847 7868 7867
f 7848 7849 7869
f 7848 7869 7868
f 7849 7850 7870
f 7849 7870 7869
f 7850 7851 7871
f 7850 7871 7870
f 7851 7852 7872
f 7851 7872 7871
f 7852 7853 7873
f 7852 7873 7872
f 7853 7854 7874
f 7853 7874 7873
f 7854 7855 7875
f 7854 7875 7874
f 7855 7856 7876
f 7855 7876 7875
f 7856 7857 7877
f 7856 7877 7876
f 7857 7858 7878
f 7857 7878 7877
f 7858 7859 7879
f 7858 7879 7878
f 7859 7860 7880
f 7859 7880 7879
f 7860 7861 7881
f 7860 7881 7880
f 7861 7862 7882
f 7861 7882 7881
f 7862 7863 7883
f 7862 7883 7882
f 7863 7844 7864
f 7863 7864 7883
f 7864 7865 7885
f 7864 7885 7884
f 7865 7866 7886
f 7865 7886 7885
f 7866 7867 7887
f 7866 7887 7886
f 7867 7868 7888
f 7867 7888 7887
f 7868 7869 7889
f 7868 7889 7888
f 7869 7870 7890
f 7869 7890 7889
f 7870 7871 7891
f 7870 7891 7890
f 7871 7872 7892
f 7871 7892 7891
f 7872 7873 7893
f 7872 7893 7892
f 7873 7874 7894
f 7873 7894 7893
f 7874 7875 7895
f 7874 7895 7894
f 7875 7876 7896
f 7875 7896 7895
f 7876 7877 7897
f 7876 7897 7896
f 7877 7878 7898
f 7877 7898 7897
f 7878 7879 7899
f 7878 7899 7898
f 7879 7880 7900
f 7879 7900 7899
f 7880 7881 7901
f 7880 7901 7900
f 7881 7882 7902
f 7881 7902 7901
f 7882 7883 7903
f 7882 7903 7902
f 7883 7864 7884
f 7883 7884 7903
f 7884 7885 7905
f 7884 7905 7904
f 7885 7886 7906
f 7885 7906 7905
f 7886 7887 7907
f 7886 7907 7906
f 7887 7888 7908
f 7887 7908 7907
f 7888 7889 7909
f 7888 7909 7908
f 7889 7890 7910
f 7889 7910 7909
f 7890 7891 7911
f 7890 7911 7910
f 7891 7892 7912
f 7891 7912 7911
f 7892 7893 7913
f 7892 7913 7912
f 7893 7894 7914
f 7893 7914 7913
f 7894 7895 7915
f 7894 7915 7914
f 7895 7896 7916
f 7895 7916 7915
f 7896 7897 7917
f 7896 7917 7916
f 7897 7898 7918
f 7897 7918 7917
f 7898 7899 7919
f 7898 7919 7918
f 7899 7900 7920
f 7899 7920 7919
f 7900 7901 7921
f 7900 7921 7920
f 7901 7902 7922
f 7901 7922 7921
f 7902 7903 7923
f 7902 7923 7922
f 7903 7884 7904
f 7903 7904 7923
f 7904 7905 7925
f 7904 7925 7924
f 7905 7906 7926
f 7905 7926 7925
f 7906 7907 7927
f 7906 7927 7926
f 7907 7908 7928
f 7907 7928 7927
f 7908 7909 7929
f 7908 7929 7928
f 7909 7910 7930
f 7909 7930 7929
f 7910 7911 7931
f 7910 7931 7930
f 7911 7912 7932
f 7911 7932 7931
f 7912 7913 7933
f 7912 7933 7932
f 7913 7914 7934
f 7913 7934 7933
f 7914 7915 7935
f 7914 7935 7934
f 7915 7916 7936
f 7915 7936 7935
f 7916 7917 7937
f 7916 7937 7936
f 7917 7918 7938
f 7917 7938 7937
f 7918 7919 7939
f 7918 7939 7938
f 7919 7920 7940
f 7919 7940 7939
f 7920 7921 7941
f 7920 7941 7940
f 7921 7922 7942
f 7921 7942 7941
f 7922 7923 7943
f 7922 7943 7942
f 7923 7904 7924
f 7923 7924 7943
f 7924 7925 7945
f 7924 7945 7944
f 7925 7926 7946
f 7925 7946 7945
f 7926 7927 7947
f 7926 7947 7946
f 7927 7928 7948
f 7927 7948 7947
f 7928 7929 7949
f 7928 7949 7948
f 7929 7930 7950
f 7929 7950 7949
f 7930 7931 7951
f 7930 7951 7950
f 7931 7932 7952
f 7931 7952 7951
f 7932 7933 7953
f 7932 7953 7952
f 7933 7934 7954
f 7933 7954 7953
f 7934 7935 7955
f 7934 7955 7954
f 7935 7936 7956
f 7935 7956 7955
f 7936 7937 7957
f 7936 7957 7956
f 7937 7938 7958
f 7937 7958 7957
f 7938 7939 7959
f 7938 7959 7958
f 7939 7940 7960
f 7939 7960 7959
f 7940 7941 7961
f 7940 7961 7960
f 7941 7942 7962
f 7941 7962 7961
f 7942 7943 7963
f 7942 7963 7962
f 7943 7924 7944
f 7943 7944 7963
f 7944 7945 7965
f 7944 7965 7964
f 7945 7946 7966
f 7945 7966 7965
f 7946 7947 7967
f 7946 7967 7966
f 7947 7948 7968
f 7947 7968 7967
f 7948 7949 7969
f 7948 7969 7968
f 7949 7950 7970
f 7949 7970 7969
f 7950 7951 7971
f 7950 7971 7970
f 7951 7952 7972
f 7951 7972 7971
f 7952 7953 7973
f 7952 7973 7972
f 7953 7954 7974
f 7953 7974 7973
f 7954 7955 7975
f 7954 7975 7974
f 7955 7956 7976
f 7955 7976 7975
f 7956 7957 7977
f 7956 7977 7976
f 7957 7958 7978
f 7957 7978 7977
f 7958 7959 7979
f 7958 7979 7978
f 7959 7960 7980
f 7959 7980 7979
f 7960 7961 7981
f 7960 7981 7980
f 7961 7962 7982
f 7961 7982 7981
f 7962 7963 7983
f 7962 7983 7982
f 7963 7944 7964
f 7963 7964 7983
f 7964 7965 7985
f 7964 7985 7984
f 7965 7966 7986
f 7965 7986 7985
f 7966 7967 7987
f 7966 7987 7986
f 7967 7968 7988
f 7967 7988 7987
f 7968 7969 7989
f 7968 7989 7988
f 7969 7970 7990
f 7969 7990 7989
f 7970 7971 7991
f 7970 7991 7990
f 7971 7972 7992
f 7971 7992 7991
f 7972 7973 7993
f 7972 7993 7992
f 7973 7974 7994
f 7973 7994 7993
f 7974 7975 7995
f 7974 7995 7994
f 7975 7976 7996
f 7975 7996 7995
f 7976 7977 7997
f 7976 7997 7996
f 7977 7978 7998
f 7977 7998 7997
f 7978 7979 7999
f 7978 7999 7998
f 7979 7980 8000
f 7979 8000 7999
f 7980 7981 8001
f 7980 8001 8000
f 7981 7982 8002
f 7981 8002 8001
f 7982 7983 8003
f 7982 8003 8002
f 7983 7964 7984
f 7983 7984 8003
f 7984 7985 8005
f 7984 8005 8004
f 7985 7986 8006
f 7985 8006 8005
f 7986 7987 8007
f 7986 8007 8006
f 7987 7988 8008
f 7987 8008 8007
f 7988 7989 8009
f 7988 8009 8008
f 7989 7990 8010
f 7989 8010 8009
f 7990 7991 8011
f 7990 8011 8010
f 7991 7992 8012
f 7991 8012 8011
f 7992 7993 8013
f 7992 8013 8012
f 7993 7994 8014
f 7993 8014 8013
f 7994 7995 8015
f 7994 8015 8014
f 7995 7996 8016
f 7995 8016 8015
f 7996 7997 8017
f 7996 8017 8016
f 7997 7998 8018
f 7997 8018 8017
f 7998 7999 8019
f 7998 8019 8018
f 7999 8000 8020
f 7999 8020 8019
f 8000 8001 8021
f 8000 8021 8020
f 8001 8002 8022
f 8001 8022 8021
f 8002 8003 8023
f 8002 8023 8022
f 8003 7984 8004
f 8003 8004 8023
f 8004 8005 8025
f 8004 8025 8024
f 8005 8006 8026
f 8005 8026 8025
f 8006 8007 8027
f 8006 8027 8026
f 8007 8008 8028
f 8007 8028 8027
f 8008 8009 8029
f 8008 8029 8028
f 8009 8010 8030
f 8009 8030 8029
f 8010 8011 8031
f 8010 8031 8030
f 8011 8012 8032
f 8011 8032 8031
f 8012 8013 8033
f 8012 8033 8032
f 8013 8014 8034
f 8013 8034 8033
f 8014 8015 8035
f 8014 8035 8034
f 8015 8016 8036
f 8015 8036 8035
f 8016 8017 8037
f 8016 8037 8036
f 8017 8018 8038
f 8017 8038 8037
f 8018 8019 8039
f 8018 8039 8038
f 8019 8020 8040
f 8019 8040 8039
f 8020 8021 8041
f 8020 8041 8040
f 8021 8022 8042
f 8021 8042 8041
f 8022 8023 8043
f 8022 8043 8042
f 8023 8004 8024
f 8023 8024 8043
f 8024 8025 8045
f 8024 8045 8044
f 8025 8026 8046
f 8025 8046 8045
f 8026 8027 8047
f 8026 8047 8046
f 8027 8028 8048
f 8027 8048 8047
f 8028 8029 8049
f 8028 8049 8048
f 8029 8030 8050
f 8029 8050 8049
f 8030 8031 8051
f 8030 8051 8050
f 8031 8032 8052
f 8031 8052 8051
f 8032 8033 8053
f 8032 8053 8052
f 8033 8034 8054
f 8033 8054 8053
f 8034 8035 8055
f 8034 8055 8054
f 8035 8036 8056
f 8035 8056 8055
f 8036 8037 8057
f 8036 8057 8056
f 8037 8038 8058
f 8037 8058 8057
f 8038 8039 8059
f 8038 8059 8058
f 8039 8040 8060
f 8039 8060 8059
f 8040 8041 8061
f 8040 8061 8060
f 8041 8042 8062
f 8041 8062 8061
f 8042 8043 8063
f 8042 8063 8062
f 8043 8024 8044
f 8043 8044 8063
f 8044 8045 8065
f 8044 8065 8064
f 8045 8046 8066
f 8045 8066 8065
f 8046 8047 8067
f 8046 8067 8066
f 8047 8048 8068
f 8047 8068 8067
f 8048 8049 8069
f 8048 8069 8068
f 8049 8050 8070
f 8049 8070 8069
f 8050 8051 8071
f 8050 8071 8070
f 8051 8052 8072
f 8051 8072 8071
f 8052 8053 8073
f 8052 8073 8072
f 8053 8054 8074
f 8053 8074 8073
f 8054 8055 8075
f 8054 8075 8074
f 8055 8056 8076
f 8055 8076 8075
f 8056 8057 8077
f 8056 8077 8076
f 8057 8058 8078
f 8057 8078 8077
f 8058 8059 8079
f 8058 8079 8078
f 8059 8060 8080
f 8059 8080 8079
f 8060 8061 8081
f 8060 8081 8080
f 8061 8062 8082
f 8061 8082 8081
f 8062 8063 8083
f 8062 8083 8082
f 8063 8044 8064
f 8063 8064 8083
f 8064 8065 8085
f 8064 8085 8084
f 8065 8066 8086
f 8065 8086 8085
f 8066 8067 8087
f 8066 8087 8086
f 8067 8068 8088
f 8067 8088 8087
f 8068 8069 8089
f 8068 8089 8088
f 8069 8070 8090
f 8069 8090 8089
f 8070 8071 8091
f 8070 8091 8090
f 8071 8072 8092
f 8071 8092 8091
f 8072 8073 8093
f 8072 8093 8092
f 8073 8074 8094
f 8073 8094 8093
f 8074 8075 8095
f 8074 8095 8094
f 8075 8076 8096
f 8075 8096 8095
f 8076 8077 8097
f 8076 8097 8096
f 8077 8078 8098
f 8077 8098 8097
f 8078 8079 8099
f 8078 8099 8098
f 8079 8080 8100
f 8079 8100 8099
f 8080 8081 8101
f 8080 8101 8100
f 8081 8082 8102
f 8081 8102 8101
f 8082 8083 8103
f 8082 8103 8102
f 8083 8064 8084
f 8083 8084 8103
f 8084 8085 8105
f 8084 8105 8104
f 8085 8086 8106
f 8085 8106 8105
f 8086 8087 8107
f 8086 8107 8106
f 8087 8088 8108
f 8087 8108 8107
f 8088 8089 8109
f 8088 8109 8108
f 8089 8090 8110
f 8089 8110 8109
f 8090 8091 8111
f 8090 8111 8110
f 8091 8092 8112
f 8091 8112 8111
f 8092 8093 8113
f 8092 8113 8112
f 8093 8094 8114
f 8093 8114 8113
f 8094 8095 8115
f 8094 8115 8114
f 8095 8096 8116
f 8095 8116 8115
f 8096 8097 8117
f 8096 8117 8116
f 8097 8098 8118
f 8097 8118 8117
f 8098 8099 8119
f 8098 8119 8118
f 8099 8100 8120
f 8099 8120 8119
f 8100 8101 8121
f 8100 8121 8120
f 8101 8102 8122
f 8101 8122 8121
f 8102 8103 8123
f 8102 8123 8122
f 8103 8084 8104
f 8103 8104 8123
f 8104 8105 8125
f 8104 8125 8124
f 8105 8106 8126
f 8105 8126 8125
f 8106 8107 8127
f 8106 8127 8126
f 8107 8108 8128
f 8107 8128 8127
f 8108 8109 8129
f 8108 8129 8128
f 8109 8110 8130
f 8109 8130 8129
f 8110 8111 8131
f 8110 8131 8130
f 8111 8112 8132
f 8111 8132 8131
f 8112 8113 8133
f 8112 8133 8132
f 8113 8114 8134
f 8113 8134 8133
f 8114 8115 8135
f 8114 8135 8134
f 8115 8116 8136
f 8115 8136 8135
f 8116 8117 8137
f 8116 8137 8136
f 8117 8118 8138
f 8117 8138 8137
f 8118 8119 8139
f 8118 8139 8138
f 8119 8120 8140
f 8119 8140 8139
f 8120 8121 8141
f 8120 8141 8140
f 8121 8122 8142
f 8121 8142 8141
f 8122 8123 8143
f 8122 8143 8142
f 8123 8104 8124
f 8123 8124 8143
f 8124 8125 8145
f 8124 8145 8144
f 8125 8126 8146
f 8125 8146 8145
f 8126 8127 8147
f 8126 8147 8146
f 8127 8128 8148
f 8127 8148 8147
f 8128 8129 8149
f 8128 8149 8148
f 8129 8130 8150
f 8129 8150 8149
f 8130 8131 8151
f 8130 8151 8150
f 8131 8132 8152
f 8131 8152 8151
f 8132 8133 8153
f 8132 8153 8152
f 8133 8134 8154
f 8133 8154 8153
f 8134 8135 8155
f 8134 8155 8154
f 8135 8136 8156
f 8135 8156 8155
f 8136 8137 8157
f 8136 8157 8156
f 8137 8138 8158
f 8137 8158 8157
f 8138 8139 8159
f 8138 8159 8158
f 8139 8140 8160
f 8139 8160 8159
f 8140 8141 8161
f 8140 8161 8160
f 8141 8142 8162
f 8141 8162 8161
f 8142 8143 8163
f 8142 8163 8162
f 8143 8124 8144
f 8143 8144 8163
f 8144 8145 8165
f 8144 8165 8164
f 8145 8146 8166
f 8145 8166 8165
f 8146 8147 8167
f 8146 8167 8166
f 8147 8148 8168
f 8147 8168 8167
f 8148 8149 8169
f 8148 8169 8168
f 8149 8150 8170
f 8149 8170 8169
f 8150 8151 8171
f 8150 8171 8170
f 8151 8152 8172
f 8151 8172 8171
f 8152 8153 8173
f 8152 8173 8172
f 8153 8154 8174
f 8153 8174 8173
f 8154 8155 8175
f 8154 8175 8174
f 8155 8156 8176
f 8155 8176 8175
f 8156 8157 8177
f 8156 8177 8176
f 8157 8158 8178
f 8157 8178 8177
f 8158 8159 8179
f 8158 8179 8178
f 8159 8160 8180
f 8159 8180 8179
f 8160 8161 8181
f 8160 8181 8180
f 8161 8162 8182
f 8161 8182 8181
f 8162 8163 8183
f 8162 8183 8182
f 8163 8144 8164
f 8163 8164 8183
f 8164 8165 8185
f 8164 8185 8184
f 8165 8166 8186
f 8165 8186 8185
f 8166 8167 8187
f 8166 8187 8186
f 8167 8168 8188
f 8167 8188 8187
f 8168 8169 8189
f 8168 8189 8188
f 8169 8170 8190
f 8169 8190 8189
f 8170 8171 8191
f 8170 8191 8190
f 8171 8172 8192
f 8171 8192 8191
f 8172 8173 8193
f 8172 8193 8192
f 8173 8174 8194
f 8173 8194 8193
f 8174 8175 8195
f 8174 8195 8194
f 8175 8176 8196
f 8175 8196 8195
f 8176 8177 8197
f 8176 8197 8196
f 8177 8178 8198
f 8177 8198 8197
f 8178 8179 8199
f 8178 8199 8198
f 8179 8180 8200
f 8179 8200 8199
f 8180 8181 8201
f 8180 8201 8200
f 8181 8182 8202
f 8181 8202 8201
f 8182 8183 8203
f 8182 8203 8202
f 8183 8164 8184
f 8183 8184 8203
f 8184 8185 8205
f 8184 8205 8204
f 8185 8186 8206
f 8185 8206 8205
f 8186 8187 8207
f 8186 8207 8206
f 8187 8188 8208
f 8187 8208 8207
f 8188 8189 8209
f 8188 8209 8208
f 8189 8190 8210
f 8189 8210 8209
f 8190 8191 8211
f 8190 8211 8210
f 8191 8192 8212
f 8191 8212 8211
f 8192 8193 8213
f 8192 8213 8212
f 8193 8194 8214
f 8193 8214 8213
f 8194 8195 8215
f 8194 8215 8214
f 8195 8196 8216
f 8195 8216 8215
f 8196 8197 8217
f 8196 8217 8216
f 8197 8198 8218
f 8197 8218 8217
f 8198 8199 8219
f 8198 8219 8218
f 8199 8200 8220
f 8199 8220 8219
f 8200 8201 8221
f 8200 8221 8220
f 8201 8202 8222
f 8201 8222 8221
f 8202 8203 8223
f 8202 8223 8222
f 8203 8184 8204
f 8203 8204 8223
f 8204 8205 8225
f 8204 8225 8224
f 8205 8206 8226
f 8205 8226 8225
f 8206 8207 8227
f 8206 8227 8226
f 8207 8208 8228
f 8207 8228 8227
f 8208 8209 8229
f 8208 8229 8228
f 8209 8210 8230
f 8209 8230 8229
f 8210 8211 8231
f 8210 8231 8230
f 8211 8212 8232
f 8211 8232 8231
f 8212 8213 8233
f 8212 8233 8232
f 8213 8214 8234
f 8213 8234 8233
f 8214 8215 8235
f 8214 8235 8234
f 8215 8216 8236
f 8215 8236 8235
f 8216 8217 8237
f 8216 8237 8236
f 8217 8218 8238
f 8217 8238 8237
f 8218 8219 8239
f 8218 8239 8238
f 8219 8220 8240
f 8219 8240 8239
f 8220 8221 8241
f 8220 8241 8240
f 8221 8222 8242
f 8221 8242 8241
f 8222 8223 8243
f 8222 8243 8242
f 8223 8204 8224
f 8223 8224 8243
f 8224 8225 8245
f 8224 8245 8244
f 8225 8226 8246
f 8225 8246 8245
f 8226 8227 8247
f 8226 8247 8246
f 8227 8228 8248
f 8227 8248 8247
f 8228 8229 8249
f 8228 8249 8248
f 8229 8230 8250
f 8229 8250 8249
f 8230 8231 8251
f 8230 8251 8250
f 8231 8232 8252
f 8231 8252 8251
f 8232 8233 8253
f 8232 8253 8252
f 8233 8234 8254
f 8233 8254 8253
f 8234 8235 8255
f 8234 8255 8254
f 8235 8236 8256
f 8235 8256 8255
f 8236 8237 8257
f 8236 8257 8256
f 8237 8238 8258
f 8237 8258 8257
f 8238 8239 8259
f 8238 8259 8258
f 8239 8240 8260
f 8239 8260 8259
f 8240 8241 8261
f 8240 8261 8260
f 8241 8242 8262
f 8241 8262 8261
f 8242 8243 8263
f 8242 8263 8262
f 8243 8224 8244
f 8243 8244 8263
f 8244 8245 8265
f 8244 8265 8264
f 8245 8246 8266
f 8245 8266 8265
f 8246 8247 8267
f 8246 8267 8266
f 8247 8248 8268
f 8247 8268 8267
f 8248 8249 8269
f 8248 8269 8268
f 8249 8250 8270
f 8249 8270 8269
f 8250 8251 8271
f 8250 8271 8270
f 8251 8252 8272
f 8251 8272 8271
f 8252 8253 8273
f 8252 8273 8272
f 8253 8254 8274
f 8253 8274 8273
f 8254 8255 8275
f 8254 8275 8274
f 8255 8256 8276
f 8255 8276 8275
f 8256 8257 8277
f 8256 8277 8276
f 8257 8258 8278
f 8257 8278 8277
f 8258 8259 8279
f 8258 8279 8278
f 8259 8260 8280
f 8259 8280 8279
f 8260 8261 8281
f 8260 8281 8280
f 8261 8262 8282
f 8261 8282 8281
f 8262 8263 8283
f 8262 8283 8282
f 8263 8244 8264
f 8263 8264 8283
f 8264 8265 8285
f 8264 8285 8284
f 8265 8266 8286
f 8265 8286 8285
f 8266 8267 8287
f 8266 8287 8286
f 8267 8268 8288
f 8267 8288 8287
f 8268 8269 8289
f 8268 8289 8288
f 8269 8270 8290
f 8269 8290 8289
f 8270 8271 8291
f 8270 8291 8290
f 8271 8272 8292
f 8271 8292 8291
f 8272 8273 8293
f 8272 8293 8292
f 8273 8274 8294
f 8273 8294 8293
f 8274 8275 8295
f 8274 8295 8294
f 8275 8276 8296
f 8275 8296 8295
f 8276 8277 8297
f 8276 8297 8296
f 8277 8278 8298
f 8277 8298 8297
f 8278 8279 8299
f 8278 8299 8298
f 8279 8280 8300
f 8279 8300 8299
f 8280 8281 8301
f 8280 8301 8300
f 8281 8282 8302
f 8281 8302 8301
f 8282 8283 8303
f 8282 8303 8302
f 8283 8264 8284
f 8283 8284 8303
f 8284 8285 8305
f 8284 8305 8304
f 8285 8286 8306
f 8285 8306 8305
f 8286 8287 8307
f 8286 8307 8306
f 8287 8288 8308
f 8287 8308 8307
f 8288 8289 8309
f 8288 8309 8308
f 8289 8290 8310
f 8289 8310 8309
f 8290 8291 8311
f 8290 8311 8310
f 8291 8292 8312
f 8291 8312 8311
f 8292 8293 8313
f 8292 8313 8312
f 8293 8294 8314
f 8293 8314 8313
f 8294 8295 8315
f 8294 8315 8314
f 8295 8296 8316
f 8295 8316 8315
f 8296 8297 8317
f 8296 8317 8316
f 8297 8298 8318
f 8297 8318 8317
f 8298 8299 8319
f 8298 8319 8318
f 8299 8300 8320
f 8299 8320 8319
f 8300 8301 8321
f 8300 8321 8320
f 8301 8302 8322
f 8301 8322 8321
f 8302 8303 8323
f 8302 8323 8322
f 8303 8284 8304
f 8303 8304 8323
f 8304 8305 8325
f 8304 8325 8324
f 8305 8306 8326
f 8305 8326 8325
f 8306 8307 8327
f 8306 8327 8326
f 8307 8308 8328
f 8307 8328 8327
f 8308 8309 8329
f 8308 8329 8328
f 8309 8310 8330
f 8309 8330 8329
f 8310 8311 8331
f 8310 8331 8330
f 8311 8312 8332
f 8311 8332 8331
f 8312 8313 8333
f 8312 8333 8332
f 8313 8314 8334
f 8313 8334 8333
f 8314 8315 8335
f 8314 8335 8334
f 8315 8316 8336
f 8315 8336 8335
f 8316 8317 8337
f 8316 8337 8336
f 8317 8318 8338
f 8317 8338 8337
f 8318 8319 8339
f 8318 8339 8338
f 8319 8320 8340
f 8319 8340 8339
f 8320 8321 8341
f 8320 8341 8340
f 8321 8322 8342
f 8321 8342 8341
f 8322 8323 8343
f 8322 8343 8342
f 8323 8304 8324
f 8323 8324 8343
f 8324 8325 8345
f 8324 8345 8344
f 8325 8326 8346
f 8325 8346 8345
f 8326 8327 8347
f 8326 8347 8346
f 8327 8328 8348
f 8327 8348 8347
f 8328 8329 8349
f 8328 8349 8348
f 8329 8330 8350
f 8329 8350 8349
f 8330 8331 8351
f 8330 8351 8350
f 8331 8332 8352
f 8331 8352 8351
f 8332 8333 8353
f 8332 8353 8352
f 8333 8334 8354
f 8333 8354 8353
f 8334 8335 8355
f 8334 8355 8354
f 8335 8336 8356
f 8335 8356 8355
f 8336 8337 8357
f 8336 8357 8356
f 8337 8338 8358
f 8337 8358 8357
f 8338 8339 8359
f 8338 8359 8358
f 8339 8340 8360
f 8339 8360 8359
f 8340 8341 8361
f 8340 8361 8360
f 8341 8342 8362
f 8341 8362 8361
f 8342 8343 8363
f 8342 8363 8362
f 8343 8324 8344
f 8343 8344 8363
f 8344 8345 8365
f 8344 8365 8364
f 8345 8346 8366
f 8345 8366 8365
f 8346 8347 8367
f 8346 8367 8366
f 8347 8348 8368
f 8347 8368 8367
f 8348 8349 8369
f 8348 8369 8368
f 8349 8350 8370
f 8349 8370 8369
f 8350 8351 8371
f 8350 8371 8370
f 8351 8352 8372
f 8351 8372 8371
f 8352 8353 8373
f 8352 8373 8372
f 8353 8354 8374
f 8353 8374 8373
f 8354 8355 8375
f 8354 8375 8374
f 8355 8356 8376
f 8355 8376 8375
f 8356 8357 8377
f 8356 8377 8376
f 8357 8358 8378
f 8357 8378 8377
f 8358 8359 8379
f 8358 8379 8378
f 8359 8360 8380
f 8359 8380 8379
f 8360 8361 8381
f 8360 8381 8380
f 8361 8362 8382
f 8361 8382 8381
f 8362 8363 8383
f 8362 8383 8382
f 8363 8344 8364
f 8363 8364 8383
f 8364 8365 8385
f 8364 8385 8384
f 8365 8366 8386
f 8365 8386 8385
f 8366 8367 8387
f 8366 8387 8386
f 8367 8368 8388
f 8367 8388 8387
f 8368 8369 8389
f 8368 8389 8388
f 8369 8370 8390
f 8369 8390 8389
f 8370 8371 8391
f 8370 8391 8390
f 8371 8372 8392
f 8371 8392 8391
f 8372 8373 8393
f 8372 8393 8392
f 8373 8374 8394
f 8373 8394 8393
f 8374 8375 8395
f 8374 8395 8394
f 8375 8376 8396
f 8375 8396 8395
f 8376 8377 8397
f 8376 8397 8396
f 8377 8378 8398
f 8377 8398 8397
f 8378 8379 8399
f 8378 8399 8398
f 8379 8380 8400
f 8379 8400 8399
f 8380 8381 8401
f 8380 8401 8400
f 8381 8382 8402
f 8381 8402 8401
f 8382 8383 8403
f 8382 8403 8402
f 8383 8364 8384
f 8383 8384 8403
f 8384 8385 8405
f 8384 8405 8404
f 8385 8386 8406
f 8385 8406 8405
f 8386 8387 8407
f 8386 8407 8406
f 8387 8388 8408
f 8387 8408 8407
f 8388 8389 8409
f 8388 8409 8408
f 8389 8390 8410
f 8389 8410 8409
f 8390 8391 8411
f 8390 8411 8410
f 8391 8392 8412
f 8391 8412 8411
f 8392 8393 8413
f 8392 8413 8412
f 8393 8394 8414
f 8393 8414 8413
f 8394 8395 8415
f 8394 8415 8414
f 8395 8396 8416
f 8395 8416 8415
f 8396 8397 8417
f 8396 8417 8416
f 8397 8398 8418
f 8397 8418 8417
f 8398 8399 8419
f 8398 8419 8418
f 8399 8400 8420
f 8399 8420 8419
f 8400 8401 8421
f 8400 8421 8420
f 8401 8402 8422
f 8401 8422 8421
f 8402 8403 8423
f 8402 8423 8422
f 8403 8384 8404
f 8403 8404 8423
f 8404 8405 8425
f 8404 8425 8424
f 8405 8406 8426
f 8405 8426 8425
f 8406 8407 8427
f 8406 8427 8426
f 8407 8408 8428
f 8407 8428 8427
f 8408 8409 8429
f 8408 8429 8428
f 8409 8410 8430
f 8409 8430 8429
f 8410 8411 8431
f 8410 8431 8430
f 8411 8412 8432
f 8411 8432 8431
f 8412 8413 8433
f 8412 8433 8432
f 8413 8414 8434
f 8413 8434 8433
f 8414 8415 8435
f 8414 8435 8434
f 8415 8416 8436
f 8415 8436 8435
f 8416 8417 8437
f 8416 8437 8436
f 8417 8418 8438
f 8417 8438 8437
f 8418 8419 8439
f 8418 8439 8438
f 8419 8420 8440
f 8419 8440 8439
f 8420 8421 8441
f 8420 8441 8440
f 8421 8422 8442
f 8421 8442 8441
f 8422 8423 8443
f 8422 8443 8442
f 8423 8404 8424
f 8423 8424 8443
f 8424 8425 8445
f 8424 8445 8444
f 8425 8426 8446
f 8425 8446 8445
f 8426 8427 8447
f 8426 8447 8446
f 8427 8428 8448
f 8427 8448 8447
f 8428 8429 8449
f 8428 8449 8448
f 8429 8430 8450
f 8429 8450 8449
f 8430 8431 8451
f 8430 8451 8450
f 8431 8432 8452
f 8431 8452 8451
f 8432 8433 8453
f 8432 8453 8452
f 8433 8434 8454
f 8433 8454 8453
f 8434 8435 8455
f 8434 8455 8454
f 8435 8436 8456
f 8435 8456 8455
f 8436 8437 8457
f 8436 8457 8456
f 8437 8438 8458
f 8437 8458 8457
f 8438 8439 8459
f 8438 8459 8458
f 8439 8440 8460
f 8439 8460 8459
f 8440 8441 8461
f 8440 8461 8460
f 8441 8442 8462
f 8441 8462 8461
f 8442 8443 8463
f 8442 8463 8462
f 8443 8424 8444
f 8443 8444 8463
f 8444 8445 8465
f 8444 8465 8464
f 8445 8446 8466
f 8445 8466 8465
f 8446 8447 8467
f 8446 8467 8466
f 8447 8448 8468
f 8447 8468 8467
f 8448 8449 8469
f 8448 8469 8468
f 8449 8450 8470
f 8449 8470 8469
f 8450 8451 8471
f 8450 8471 8470
f 8451 8452 8472
f 8451 8472 8471
f 8452 8453 8473
f 8452 8473 8472
f 8453 8454 8474
f 8453 8474 8473
f 8454 8455 8475
f 8454 8475 8474
f 8455 8456 8476
f 8455 8476 8475
f 8456 8457 8477
f 8456 8477 8476
f 8457 8458 8478
f 8457 8478 8477
f 8458 8459 8479
f 8458 8479 8478
f 8459 8460 8480
f 8459 8480 8479
f 8460 8461 8481
f 8460 8481 8480
f 8461 8462 8482
f 8461 8482 8481
f 8462 8463 8483
f 8462 8483 8482
f 8463 8444 8464
f 8463 8464 8483
f 8464 8465 8485
f 8464 8485 8484
f 8465 8466 8486
f 8465 8486 8485
f 8466 8467 8487
f 8466 8487 8486
f 8467 8468 8488
f 8467 8488 8487
f 8468 8469 8489
f 8468 8489 8488
f 8469 8470 8490
f 8469 8490 8489
f 8470 8471 8491
f 8470 8491 8490
f 8471 8472 8492
f 8471 8492 8491
f 8472 8473 8493
f 8472 8493 8492
f 8473 8474 8494
f 8473 8494 8493
f 8474 8475 8495
f 8474 8495 8494
f 8475 8476 8496
f 8475 8496 8495
f 8476 8477 8497
f 8476 8497 8496
f 8477 8478 8498
f 8477 8498 8497
f 8478 8479 8499
f 8478 8499 8498
f 8479 8480 8500
f 8479 8500 8499
f 8480 8481 8501
f 8480 8501 8500
f 8481 8482 8502
f 8481 8502 8501
f 8482 8483 8503
f 8482 8503 8502
f 8483 8464 8484
f 8483 8484 8503
f 8484 8485 8505
f 8484 8505 8504
f 8485 8486 8506
f 8485 8506 8505
f 8486 8487 8507
f 8486 8507 8506
f 8487 8488 8508
f 8487 8508 8507
f 8488 8489 8509
f 8488 8509 8508
f 8489 8490 8510
f 8489 8510 8509
f 8490 8491 8511
f 8490 8511 8510
f 8491 8492 8512
f 8491 8512 8511
f 8492 8493 8513
f 8492 8513 8512
f 8493 8494 8514
f 8493 8514 8513
f 8494 8495 8515
f 8494 8515 8514
f 8495 8496 8516
f 8495 8516 8515
f 8496 8497 8517
f 8496 8517 8516
f 8497 8498 8518
f 8497 8518 8517
f 8498 8499 8519
f 8498 8519 8518
f 8499 8500 8520
f 8499 8520 8519
f 8500 8501 8521
f 8500 8521 8520
f 8501 8502 8522
f 8501 8522 8521
f 8502 8503 8523
f 8502 8523 8522
f 8503 8484 8504
f 8503 8504 8523
f 8504 8505 8525
f 8504 8525 8524
f 8505 8506 8526
f 8505 8526 8525
f 8506 8507 8527
f 8506 8527 8526
f 8507 8508 8528
f 8507 8528 8527
f 8508 8509 8529
f 8508 8529 8528
f 8509 8510 8530
f 8509 8530 8529
f 8510 8511 8531
f 8510 8531 8530
f 8511 8512 8532
f 8511 8532 8531
f 8512 8513 8533
f 8512 8533 8532
f 8513 8514 8534
f 8513 8534 8533
f 8514 8515 8535
f 8514 8535 8534
f 8515 8516 8536
f 8515 8536 8535
f 8516 8517 8537
f 8516 8537 8536
f 8517 8518 8538
f 8517 8538 8537
f 8518 8519 8539
f 8518 8539 8538
f 8519 8520 8540
f 8519 8540 8539
f 8520 8521 8541
f 8520 8541 8540
f 8521 8522 8542
f 8521 8542 8541
f 8522 8523 8543
f 8522 8543 8542
f 8523 8504 8524
f 8523 8524 8543
f 8524 8525 8545
f 8524 8545 8544
f 8525 8526 8546
f 8525 8546 8545
f 8526 8527 8547
f 8526 8547 8546
f 8527 8528 8548
f 8527 8548 8547
f 8528 8529 8549
f 8528 8549 8548
f 8529 8530 8550
f 8529 8550 8549
f 8530 8531 8551
f 8530 8551 8550
f 8531 8532 8552
f 8531 8552 8551
f 8532 8533 8553
f 8532 8553 8552
f 8533 8534 8554
f 8533 8554 8553
f 8534 8535 8555
f 8534 8555 8554
f 8535 8536 8556
f 8535 8556 8555
f 8536 8537 8557
f 8536 8557 8556
f 8537 8538 8558
f 8537 8558 8557
f 8538 8539 8559
f 8538 8559 8558
f 8539 8540 8560
f 8539 8560 8559
f 8540 8541 8561
f 8540 8561 8560
f 8541 8542 8562
f 8541 8562 8561
f 8542 8543 8563
f 8542 8563 8562
f 8543 8524 8544
f 8543 8544 8563
f 8544 8545 8565
f 8544 8565 8564
f 8545 8546 8566
f 8545 8566 8565
f 8546 8547 8567
f 8546 8567 8566
f 8547 8548 8568
f 8547 8568 8567
f 8548 8549 8569
f 8548 8569 8568
f 8549 8550 8570
f 8549 8570 8569
f 8550 8551 8571
f 8550 8571 8570
f 8551 8552 8572
f 8551 8572 8571
f 8552 8553 8573
f 8552 8573 8572
f 8553 8554 8574
f 8553 8574 8573
f 8554 8555 8575
f 8554 8575 8574
f 8555 8556 8576
f 8555 8576 8575
f 8556 8557 8577
f 8556 8577 8576
f 8557 8558 8578
f 8557 8578 8577
f 8558 8559 8579
f 8558 8579 8578
f 8559 8560 8580
f 8559 8580 8579
f 8560 8561 8581
f 8560 8581 8580
f 8561 8562 8582
f 8561 8582 8581
f 8562 8563 8583
f 8562 8583 8582
f 8563 8544 8564
f 8563 8564 8583
f 8564 8565 8585
f 8564 8585 8584
f 8565 8566 8586
f 8565 8586 8585
f 8566 8567 8587
f 8566 8587 8586
f 8567 8568 8588
f 8567 8588 8587
f 8568 8569 8589
f 8568 8589 8588
f 8569 8570 8590
f 8569 8590 8589
f 8570 8571 8591
f 8570 8591 8590
f 8571 8572 8592
f 8571 8592 8591
f 8572 8573 8593
f 8572 8593 8592
f 8573 8574 8594
f 8573 8594 8593
f 8574 8575 8595
f 8574 8595 8594
f 8575 8576 8596
f 8575 8596 8595
f 8576 8577 8597
f 8576 8597 8596
f 8577 8578 8598
f 8577 8598 8597
f 8578 8579 8599
f 8578 8599 8598
f 8579 8580 8600
f 8579 8600 8599
f 8580 8581 8601
f 8580 8601 8600
f 8581 8582 8602
f 8581 8602 8601
f 8582 8583 8603
f 8582 8603 8602
f 8583 8564 8584
f 8583 8584 8603
f 8584 8585 8605
f 8584 8605 8604
f 8585 8586 8606
f 8585 8606 8605
f 8586 8587 8607
f 8586 8607 8606
f 8587 8588 8608
f 8587 8608 8607
f 8588 8589 8609
f 8588 8609 8608
f 8589 8590 8610
f 8589 8610 8609
f 8590 8591 8611
f 8590 8611 8610
f 8591 8592 8612
f 8591 8612 8611
f 8592 8593 8613
f 8592 8613 8612
f 8593 8594 8614
f 8593 8614 8613
f 8594 8595 8615
f 8594 8615 8614
f 8595 8596 8616
f 8595 8616 8615
f 8596 8597 8617
f 8596 8617 8616
f 8597 8598 8618
f 8597 8618 8617
f 8598 8599 8619
f 8598 8619 8618
f 8599 8600 8620
f 8599 8620 8619
f 8600 8601 8621
f 8600 8621 8620
f 8601 8602 8622
f 8601 8622 8621
f 8602 8603 8623
f 8602 8623 8622
f 8603 8584 8604
f 8603 8604 8623
f 8604 8605 8625
f 8604 8625 8624
f 8605 8606 8626
f 8605 8626 8625
f 8606 8607 8627
f 8606 8627 8626
f 8607 8608 8628
f 8607 8628 8627
f 8608 8609 8629
f 8608 8629 8628
f 8609 8610 8630
f 8609 8630 8629
f 8610 8611 8631
f 8610 8631 8630
f 8611 8612 8632
f 8611 8632 8631
f 8612 8613 8633
f 8612 8633 8632
f 8613 8614 8634
f 8613 8634 8633
f 8614 8615 8635
f 8614 8635 8634
f 8615 8616 8636
f 8615 8636 8635
f 8616 8617 8637
f 8616 8637 8636
f 8617 8618 8638
f 8617 8638 8637
f 8618 8619 8639
f 8618 8639 8638
f 8619 8620 8640
f 8619 8640 8639
f 8620 8621 8641
f 8620 8641 8640
f 8621 8622 8642
f 8621 8642 8641
f 8622 8623 8643
f 8622 8643 8642
f 8623 8604 8624
f 8623 8624 8643
f 8624 8625 8645
f 8624 8645 8644
f 8625 8626 8646
f 8625 8646 8645
f 8626 8627 8647
f 8626 8647 8646
f 8627 8628 8648
f 8627 8648 8647
f 8628 8629 8649
f 8628 8649 8648
f 8629 8630 8650
f 8629 8650 8649
f 8630 8631 8651
f 8630 8651 8650
f 8631 8632 8652
f 8631 8652 8651
f 8632 8633 8653
f 8632 8653 8652
f 8633 8634 8654
f 8633 8654 8653
f 8634 8635 8655
f 8634 8655 8654
f 8635 8636 8656
f 8635 8656 8655
f 8636 8637 8657
f 8636 8657 8656
f 8637 8638 8658
f 8637 8658 8657
f 8638 8639 8659
f 8638 8659 8658
f 8639 8640 8660
f 8639 8660 8659
f 8640 8641 8661
f 8640 8661 8660
f 8641 8642 8662
f 8641 8662 8661
f 8642 8643 8663
f 8642 8663 8662
f 8643 8624 8644
f 8643 8644 8663
f 8644 8645 8665
f 8644 8665 8664
f 8645 8646 8666
f 8645 8666 8665
f 8646 8647 8667
f 8646 8667 8666
f 8647 8648 8668
f 8647 8668 8667
f 8648 8649 8669
f 8648 8669 8668
f 8649 8650 8670
f 8649 8670 8669
f 8650 8651 8671
f 8650 8671 8670
f 8651 8652 8672
f 8651 8672 8671
f 8652 8653 8673
f 8652 8673 8672
f 8653 8654 8674
f 8653 8674 8673
f 8654 8655 8675
f 8654 8675 8674
f 8655 8656 8676
f 8655 8676 8675
f 8656 8657 8677
f 8656 8677 8676
f 8657 8658 8678
f 8657 8678 8677
f 8658 8659 8679
f 8658 8679 8678
f 8659 8660 8680
f 8659 8680 8679
f 8660 8661 8681
f 8660 8681 8680
f 8661 8662 8682
f 8661 8682 8681
f 8662 8663 8683
f 8662 8683 8682
f 8663 8644 8664
f 8663 8664 8683
f 8664 8665 8685
f 8664 8685 8684
f 8665 8666 8686
f 8665 8686 8685
f 8666 8667 8687
f 8666 8687 8686
f 8667 8668 8688
f 8667 8688 8687
f 8668 8669 8689
f 8668 8689 8688
f 8669 8670 8690
f 8669 8690 8689
f 8670 8671 8691
f 8670 8691 8690
f 8671 8672 8692
f 8671 8692 8691
f 8672 8673 8693
f 8672 8693 8692
f 8673 8674 8694
f 8673 8694 8693
f 8674 8675 8695
f 8674 8695 8694
f 8675 8676 8696
f 8675 8696 8695
f 8676 8677 8697
f 8676 8697 8696
f 8677 8678 8698
f 8677 8698 8697
f 8678 8679 8699
f 8678 8699 8698
f 8679 8680 8700
f 8679 8700 8699
f 8680 8681 8701
f 8680 8701 8700
f 8681 8682 8702
f 8681 8702 8701
f 8682 8683 8703
f 8682 8703 8702
f 8683 8664 8684
f 8683 8684 8703
f 8684 8685 8705
f 8684 8705 8704
f 8685 8686 8706
f 8685 8706 8705
f 8686 8687 8707
f 8686 8707 8706
f 8687 8688 8708
f 8687 8708 8707
f 8688 8689 8709
f 8688 8709 8708
f 8689 8690 8710
f 8689 8710 8709
f 8690 8691 8711
f 8690 8711 8710
f 8691 8692 8712
f 8691 8712 8711
f 8692 8693 8713
f 8692 8713 8712
f 8693 8694 8714
f 8693 8714 8713
f 8694 8695 8715
f 8694 8715 8714
f 8695 8696 8716
f 8695 8716 8715
f 8696 8697 8717
f 8696 8717 8716
f 8697 8698 8718
f 8697 8718 8717
f 8698 8699 8719
f 8698 8719 8718
f 8699 8700 8720
f 8699 8720 8719
f 8700 8701 8721
f 8700 8721 8720
f 8701 8702 8722
f 8701 8722 8721
f 8702 8703 8723
f 8702 8723 8722
f 8703 8684 8704
f 8703 8704 8723
f 8704 8705 8725
f 8704 8725 8724
f 8705 8706 8726
f 8705 8726 8725
f 8706 8707 8727
f 8706 8727 8726
f 8707 8708 8728
f 8707 8728 8727
f 8708 8709 8729
f 8708 8729 8728
f 8709 8710 8730
f 8709 8730 8729
f 8710 8711 8731
f 8710 8731 8730
f 8711 8712 8732
f 8711 8732 8731
f 8712 8713 8733
f 8712 8733 8732
f 8713 8714 8734
f 8713 8734 8733
f 8714 8715 8735
f 8714 8735 8734
f 8715 8716 8736
f 8715 8736 8735
f 8716 8717 8737
f 8716 8737 8736
f 8717 8718 8738
f 8717 8738 8737
f 8718 8719 8739
f 8718 8739 8738
f 8719 8720 8740
f 8719 8740 8739
f 8720 8721 8741
f 8720 8741 8740
f 8721 8722 8742
f 8721 8742 8741
f 8722 8723 8743
f 8722 8743 8742
f 8723 8704 8724
f 8723 8724 8743
f 8724 8725 8745
f 8724 8745 8744
f 8725 8726 8746
f 8725 8746 8745
f 8726 8727 8747
f 8726 8747 8746
f 8727 8728 8748
f 8727 8748 8747
f 8728 8729 8749
f 8728 8749 8748
f 8729 8730 8750
f 8729 8750 8749
f 8730 8731 8751
f 8730 8751 8750
f 8731 8732 8752
f 8731 8752 8751
f 8732 8733 8753
f 8732 8753 8752
f 8733 8734 8754
f 8733 8754 8753
f 8734 8735 8755
f 8734 8755 8754
f 8735 8736 8756
f 8735 8756 8755
f 8736 8737 8757
f 8736 8757 8756
f 8737 8738 8758
f 8737 8758 8757
f 8738 8739 8759
f 8738 8759 8758
f 8739 8740 8760
f 8739 8760 8759
f 8740 8741 8761
f 8740 8761 8760
f 8741 8742 8762
f 8741 8762 8761
f 8742 8743 8763
f 8742 8763 8762
f 8743 8724 8744
f 8743 8744 8763
f 8744 8745 8765
f 8744 8765 8764
f 8745 8746 8766
f 8745 8766 8765
f 8746 8747 8767
f 8746 8767 8766
f 8747 8748 8768
f 8747 8768 8767
f 8748 8749 8769
f 8748 8769 8768
f 8749 8750 8770
f 8749 8770 8769
f 8750 8751 8771
f 8750 8771 8770
f 8751 8752 8772
f 8751 8772 8771
f 8752 8753 8773
f 8752 8773 8772
f 8753 8754 8774
f 8753 8774 8773
f 8754 8755 8775
f 8754 8775 8774
f 8755 8756 8776
f 8755 8776 8775
f 8756 8757 8777
f 8756 8777 8776
f 8757 8758 8778
f 8757 8778 8777
f 8758 8759 8779
f 8758 8779 8778
f 8759 8760 8780
f 8759 8780 8779
f 8760 8761 8781
f 8760 8781 8780
f 8761 8762 8782
f 8761 8782 8781
f 8762 8763 8783
f 8762 8783 8782
f 8763 8744 8764
f 8763 8764 8783
f 8784 6545 6544
f 8784 6546 6545
f 8784 6547 6546
f 8784 6548 6547
f 8784 6549 6548
f 8784 6550 6549
f 8784 6551 6550
f 8784 6552 6551
f 8784 6553 6552
f 8784 6554 6553
f 8784 6555 6554
f 8784 6556 6555
f 8784 6557 6556
f 8784 6558 6557
f 8784 6559 6558
f 8784 6560 6559
f 8784 6561 6560
f 8784 6562 6561
f 8784 6563 6562
f 8784 6544 6563
f 8785 8764 8765
f 8785 8765 8766
f 8785 8766 8767
f 8785 8767 8768
f 8785 8768 8769
f 8785 8769 8770
f 8785 8770 8771
f 8785 8771 8772
f 8785 8772 8773
f 8785 8773 8774
f 8785 8774 8775
f 8785 8775 8776
f 8785 8776 8777
f 8785 8777 8778
f 8785 8778 8779
f 8785 8779 8780
f 8785 8780 8781
f 8785 8781 8782
f 8785 8782 8783
f 8785 8783 8764

o gold_L
usemtl GoldAccent
v -5.97720169 1.27048647 0.13897539
v -5.97720169 1.27048647 0.75897539
v -6.12089190 1.57863112 0.13897539
v -6.12089190 1.57863112 0.75897539
v -5.11620929 1.67197382 0.13897539
v -5.11620929 1.67197382 0.75897539
v -5.25989950 1.98011847 0.13897539
v -5.25989950 1.98011847 0.75897539
f 8787 8789 8786
f 8790 8787 8786
f 8786 8789 8788
f 8788 8790 8786
f 8787 8793 8789
f 8791 8787 8790
f 8791 8793 8787
f 8789 8793 8788
f 8792 8790 8788
f 8788 8793 8792
f 8792 8791 8790
f 8793 8791 8792

o nosearm_L
usemtl ArmMetal
v -1.61442756 1.08859624 0.23642960
v -1.64115348 1.07729166 0.26692445
v -1.67306157 1.05000000 0.26993159
v -1.69146050 1.02270834 0.24368948
v -1.68557244 1.01140376 0.20357040
v -1.65884652 1.02270834 0.17307555
v -1.62693843 1.05000000 0.17006841
v -1.60853950 1.07729166 0.19631052
v -1.57967825 1.04973608 0.25247957
v -1.60626758 1.03827973 0.28303712
v -1.63800783 1.01080160 0.28612131
v -1.65630600 0.98339798 0.25992546
v -1.65044327 0.97212156 0.21979474
v -1.62385395 0.98357790 0.18923718
v -1.59211370 1.01105604 0.18615300
v -1.57381552 1.03845966 0.21234885
v -1.53462933 1.00050685 0.27283988
v -1.56106030 0.98887699 0.30346918
v -1.59260599 0.96118566 0.30664153
v -1.61078735 0.93365405 0.28049860
v -1.60495400 0.92240982 0.24035457
v -1.57852303 0.93403968 0.20972526
v -1.54697735 0.96173101 0.20655292
v -1.52879598 0.98926261 0.23269585
v -1.48092172 0.94232590 0.29691505
v -1.50730347 0.93064263 0.32756646
v -1.53878869 0.90288567 0.33076595
v -1.55693375 0.87531468 0.30463933
v -1.55110953 0.86408035 0.26449120
v -1.52472778 0.87576362 0.23383979
v -1.49324256 0.90352058 0.23064030
v -1.47509750 0.93109157 0.25676692
v -1.42043683 0.87687366 0.32400084
v -1.44683644 0.86520973 0.35464423
v -1.47834358 0.83747654 0.35783390
v -1.49650181 0.80991981 0.33170136
v -1.49067428 0.79868190 0.29155472
v -1.46427468 0.81034582 0.26091132
v -1.43276753 0.83807901 0.25772166
v -1.41460930 0.86563574 0.28385419
v -1.35502024 0.80578895 0.35341010
v -1.38148847 0.79419969 0.38402261
v -1.41307992 0.76655822 0.38717433
v -1.43128877 0.73905656 0.36101901
v -1.42544851 0.72780480 0.32087810
v -1.39898028 0.73939406 0.29026558
v -1.36738883 0.76703553 0.28711387
v -1.34917998 0.79453719 0.31326918
v -1.28650167 0.73069240 0.38446323
v -1.31308439 0.71922876 0.41502379
v -1.34481653 0.69174167 0.41811168
v -1.36310983 0.66433267 0.39191805
v -1.35724833 0.65305760 0.35178677
v -1.33066561 0.66452124 0.32122621
v -1.29893347 0.69200833 0.31813832
v -1.28064017 0.71941733 0.34433195
v -1.21670129 0.65319318 0.41648531
v -1.24344636 0.64191003 0.44697131
v -1.27537797 0.61464470 0.44996758
v -1.29379103 0.58736884 0.42371894
v -1.28789940 0.57606029 0.38360149
v -1.26115434 0.58734344 0.35311550
v -1.22922272 0.61460877 0.35011923
v -1.21080967 0.64188463 0.37636787
v -1.14743105 0.57488984 0.44880581
v -1.17439420 0.56385358 0.47918991
v -1.20659377 0.53689160 0.48206098
v -1.22516770 0.50979785 0.45573717
v -1.21923562 0.49844350 0.41563863
v -1.19227247 0.50947976 0.38525453
v -1.16007289 0.53644174 0.38238347
v -1.14149897 0.56353548 0.40870727
v -1.08049320 0.49736682 0.48075991
v -1.10774504 0.48666552 0.51100596
v -1.14029932 0.46011509 0.51370740
v -1.15908618 0.43326842 0.48728177
v -1.15310055 0.42185193 0.44720884
v -1.12584871 0.43255323 0.41696279
v -1.09329443 0.45910366 0.41426135
v -1.07450757 0.48595033 0.44068698
v -1.01767570 0.42218559 0.51169213
v -1.04531197 0.41194552 0.54174844
v -1.07833860 0.38596181 0.54421675
v -1.09740904 0.35945536 0.51765115
v -1.09135208 0.34795330 0.47761342
v -1.06371581 0.35819337 0.44755712
v -1.03068918 0.38417708 0.44508881
v -1.01161874 0.41068352 0.47165440
v -0.96074250 0.35086410 0.54096456
v -0.98890135 0.34128103 0.57075126
v -1.02257007 0.31610458 0.57288831
v -1.04202599 0.29008276 0.54612385
v -1.03587209 0.27845881 0.50613614
v -1.00771323 0.28804188 0.47634943
v -0.97404451 0.31321834 0.47421238
v -0.95458859 0.33924015 0.50097684
v -0.91139536 0.28480149 0.56798716
v -0.94030208 0.27622615 0.59736179
v -0.97488971 0.25228789 0.59899253
v -0.99489729 0.22700941 0.57192411
v -0.98860464 0.21519851 0.53201284
v -0.95969792 0.22377385 0.50263821
v -0.92511029 0.24771211 0.50100747
v -0.90510271 0.27299059 0.52807589
v -0.86403531 0.21490103 0.59644864
v -0.89371811 0.20746990 0.62535736
v -0.92925929 0.18493752 0.62641563
v -0.94983933 0.16050306 0.59900354
v -0.94340270 0.14847988 0.55917870
v -0.91371991 0.15591101 0.53026999
v -0.87817872 0.17844339 0.52921171
v -0.85759869 0.20287786 0.55662381
v -0.81975362 0.14297542 0.62561462
v -0.85007886 0.13658339 0.65410191
v -0.88640942 0.11532775 0.65464237
v -0.90746335 0.09165976 0.62691941
v -0.90090754 0.07944382 0.58717276
v -0.87058230 0.08583585 0.55868547
v -0.83425174 0.10709149 0.55814501
v -0.81319781 0.13075947 0.58586797
v -0.77856895 0.07033025 0.65497685
v -0.80938959 0.06480858 0.68311230
v -0.84632884 0.04462235 0.68322045
v -0.86774819 0.02159638 0.65523796
v -0.86110048 0.00921896 0.61555658
v -0.83027983 0.01474063 0.58742114
v -0.79334058 0.03492686 0.58731298
v -0.77192123 0.05795283 0.61529548
v -0.74043574 -0.00184087 0.68407239
v -0.77163749 -0.00664399 0.71191812
v -0.80904502 -0.02594735 0.71167030
v -0.83074549 -0.04844330 0.68347410
v -0.82402707 -0.06095402 0.64384647
v -0.79282532 -0.05615090 0.61600074
v -0.75541779 -0.03684754 0.61624856
v -0.73371732 -0.01435159 0.64444476
v -0.70532373 -0.07233539 0.71243439
v -0.73681408 -0.07656130 0.74004786
v -0.77457620 -0.09515545 0.73951467
v -0.79648955 -0.11722563 0.71114714
v -0.78971759 -0.12984343 0.67156261
v -0.75822724 -0.12561751 0.64394914
v -0.72046513 -0.10702336 0.64448233
v -0.69855178 -0.08495319 0.67284985
v -0.67321488 -0.13993972 0.73959139
v -0.70491428 -0.14372721 0.76702872
v -0.74293326 -0.16178266 0.76627910
v -0.76500082 -0.18352944 0.73778166
v -0.75819008 -0.19622857 0.69822979
v -0.72649068 -0.19244109 0.67079246
v -0.68847170 -0.17438563 0.67154208
v -0.66640414 -0.15263886 0.70003953
v -0.64410267 -0.20342528 0.76506579
v -0.67593627 -0.20692136 0.79238617
v -0.71412014 -0.22461877 0.79149287
v -0.73628668 -0.24615060 0.76290916
v -0.72945105 -0.25890380 0.72337899
v -0.69761745 -0.25540771 0.69605860
v -0.65943358 -0.23771030 0.69695191
v -0.63726704 -0.21617848 0.72553562
v -0.61799485 -0.26153979 0.78837037
v -0.64988222 -0.26491677 0.81564299
v -0.68813216 -0.28246784 0.81469099
v -0.71033836 -0.30391182 0.78607204
v -0.70349275 -0.31668711 0.74655074
v -0.67160538 -0.31331013 0.71927812
v -0.63335545 -0.29575905 0.72023012
v -0.61114924 -0.27431508 0.74884907
v -0.59492330 -0.31298732 0.80900031
v -0.62676108 -0.31647418 0.83631700
v -0.66495009 -0.33416025 0.83541914
v -0.68711973 -0.35568527 0.80683270
v -0.68028332 -0.36844018 0.76730322
v -0.64844553 -0.36495332 0.73998654
v -0.61025652 -0.34726725 0.74088439
v -0.58808688 -0.32574223 0.76947083
v -0.57497434 -0.35637746 0.82641256
v -0.60659709 -0.36032779 0.85391529
v -0.64452191 -0.37858333 0.85324602
v -0.66653293 -0.40045023 0.82479681
v -0.65973641 -0.41311916 0.78523282
v -0.62811365 -0.40916882 0.75773009
v -0.59018884 -0.39091329 0.75839936
v -0.56817781 -0.36904639 0.78684857
v -0.55788664 -0.39107527 0.84036725
v -0.58931688 -0.39542396 0.86803009
v -0.62700515 -0.41416897 0.86755755
v -0.64887417 -0.43632971 0.83922645
v -0.64211336 -0.44892473 0.79963275
v -0.61068312 -0.44457604 0.77196991
v -0.57299485 -0.42583103 0.77244245
v -0.55112583 -0.40367029 0.80077355
v -1.65000000 1.05000000 0.22000000
v -0.60000000 -0.42000000 0.82000000
f 8794 8795 8803
f 8794 8803 8802
f 8795 8796 8804
f 8795 8804 8803
f 8796 8797 8805
f 8796 8805 8804
f 8797 8798 8806
f 8797 8806 8805
f 8798 8799 8807
f 8798 8807 8806
f 8799 8800 8808
f 8799 8808 8807
f 8800 8801 8809
f 8800 8809 8808
f 8801 8794 8802
f 8801 8802 8809
f 8802 8803 8811
f 8802 8811 8810
f 8803 8804 8812
f 8803 8812 8811
f 8804 8805 8813
f 8804 8813 8812
f 8805 8806 8814
f 8805 8814 8813
f 8806 8807 8815
f 8806 8815 8814
f 8807 8808 8816
f 8807 8816 8815
f 8808 8809 8817
f 8808 8817 8816
f 8809 8802 8810
f 8809 8810 8817
f 8810 8811 8819
f 8810 8819 8818
f 8811 8812 8820
f 8811 8820 8819
f 8812 8813 8821
f 8812 8821 8820
f 8813 8814 8822
f 8813 8822 8821
f 8814 8815 8823
f 8814 8823 8822
f 8815 8816 8824
f 8815 8824 8823
f 8816 8817 8825
f 8816 8825 8824
f 8817 8810 8818
f 8817 8818 8825
f 8818 8819 8827
f 8818 8827 8826
f 8819 8820 8828
f 8819 8828 8827
f 8820 8821 8829
f 8820 8829 8828
f 8821 8822 8830
f 8821 8830 8829
f 8822 8823 8831
f 8822 8831 8830
f 8823 8824 8832
f 8823 8832 8831
f 8824 8825 8833
f 8824 8833 8832
f 8825 8818 8826
f 8825 8826 8833
f 8826 8827 8835
f 8826 8835 8834
f 8827 8828 8836
f 8827 8836 8835
f 8828 8829 8837
f 8828 8837 8836
f 8829 8830 8838
f 8829 8838 8837
f 8830 8831 8839
f 8830 8839 8838
f 8831 8832 8840
f 8831 8840 8839
f 8832 8833 8841
f 8832 8841 8840
f 8833 8826 8834
f 8833 8834 8841
f 8834 8835 8843
f 8834 8843 8842
f 8835 8836 8844
f 8835 8844 8843
f 8836 8837 8845
f 8836 8845 8844
f 8837 8838 8846
f 8837 8846 8845
f 8838 8839 8847
f 8838 8847 8846
f 8839 8840 8848
f 8839 8848 8847
f 8840 8841 8849
f 8840 8849 8848
f 8841 8834 8842
f 8841 8842 8849
f 8842 8843 8851
f 8842 8851 8850
f 8843 8844 8852
f 8843 8852 8851
f 8844 8845 8853
f 8844 8853 8852
f 8845 8846 8854
f 8845 8854 8853
f 8846 8847 8855
f 8846 8855 8854
f 8847 8848 8856
f 8847 8856 8855
f 8848 8849 8857
f 8848 8857 8856
f 8849 8842 8850
f 8849 8850 8857
f 8850 8851 8859
f 8850 8859 8858
f 8851 8852 8860
f 8851 8860 8859
f 8852 8853 8861
f 8852 8861 8860
f 8853 8854 8862
f 8853 8862 8861
f 8854 8855 8863
f 8854 8863 8862
f 8855 8856 8864
f 8855 8864 8863
f 8856 8857 8865
f 8856 8865 8864
f 8857 8850 8858
f 8857 8858 8865
f 8858 8859 8867
f 8858 8867 8866
f 8859 8860 8868
f 8859 8868 8867
f 8860 8861 8869
f 8860 8869 8868
f 8861 8862 8870
f 8861 8870 8869
f 8862 8863 8871
f 8862 8871 8870
f 8863 8864 8872
f 8863 8872 8871
f 8864 8865 8873
f 8864 8873 8872
f 8865 8858 8866
f 8865 8866 8873
f 8866 8867 8875
f 8866 8875 8874
f 8867 8868 8876
f 8867 8876 8875
f 8868 8869 8877
f 8868 8877 8876
f 8869 8870 8878
f 8869 8878 8877
f 8870 8871 8879
f 8870 8879 8878
f 8871 8872 8880
f 8871 8880 8879
f 8872 8873 8881
f 8872 8881 8880
f 8873 8866 8874
f 8873 8874 8881
f 8874 8875 8883
f 8874 8883 8882
f 8875 8876 8884
f 8875 8884 8883
f 8876 8877 8885
f 8876 8885 8884
f 8877 8878 8886
f 8877 8886 8885
f 8878 8879 8887
f 8878 8887 8886
f 8879 8880 8888
f 8879 8888 8887
f 8880 8881 8889
f 8880 8889 8888
f 8881 8874 8882
f 8881 8882 8889
f 8882 8883 8891
f 8882 8891 8890
f 8883 8884 8892
f 8883 8892 8891
f 8884 8885 8893
f 8884 8893 8892
f 8885 8886 8894
f 8885 8894 8893
f 8886 8887 8895
f 8886 8895 8894
f 8887 8888 8896
f 8887 8896 8895
f 8888 8889 8897
f 8888 8897 8896
f 8889 8882 8890
f 8889 8890 8897
f 8890 8891 8899
f 8890 8899 8898
f 8891 8892 8900
f 8891 8900 8899
f 8892 8893 8901
f 8892 8901 8900
f 8893 8894 8902
f 8893 8902 8901
f 8894 8895 8903
f 8894 8903 8902
f 8895 8896 8904
f 8895 8904 8903
f 8896 8897 8905
f 8896 8905 8904
f 8897 8890 8898
f 8897 8898 8905
f 8898 8899 8907
f 8898 8907 8906
f 8899 8900 8908
f 8899 8908 8907
f 8900 8901 8909
f 8900 8909 8908
f 8901 8902 8910
f 8901 8910 8909
f 8902 8903 8911
f 8902 8911 8910
f 8903 8904 8912
f 8903 8912 8911
f 8904 8905 8913
f 8904 8913 8912
f 8905 8898 8906
f 8905 8906 8913
f 8906 8907 8915
f 8906 8915 8914
f 8907 8908 8916
f 8907 8916 8915
f 8908 8909 8917
f 8908 8917 8916
f 8909 8910 8918
f 8909 8918 8917
f 8910 8911 8919
f 8910 8919 8918
f 8911 8912 8920
f 8911 8920 8919
f 8912 8913 8921
f 8912 8921 8920
f 8913 8906 8914
f 8913 8914 8921
f 8914 8915 8923
f 8914 8923 8922
f 8915 8916 8924
f 8915 8924 8923
f 8916 8917 8925
f 8916 8925 8924
f 8917 8918 8926
f 8917 8926 8925
f 8918 8919 8927
f 8918 8927 8926
f 8919 8920 8928
f 8919 8928 8927
f 8920 8921 8929
f 8920 8929 8928
f 8921 8914 8922
f 8921 8922 8929
f 8922 8923 8931
f 8922 8931 8930
f 8923 8924 8932
f 8923 8932 8931
f 8924 8925 8933
f 8924 8933 8932
f 8925 8926 8934
f 8925 8934 8933
f 8926 8927 8935
f 8926 8935 8934
f 8927 8928 8936
f 8927 8936 8935
f 8928 8929 8937
f 8928 8937 8936
f 8929 8922 8930
f 8929 8930 8937
f 8930 8931 8939
f 8930 8939 8938
f 8931 8932 8940
f 8931 8940 8939
f 8932 8933 8941
f 8932 8941 8940
f 8933 8934 8942
f 8933 8942 8941
f 8934 8935 8943
f 8934 8943 8942
f 8935 8936 8944
f 8935 8944 8943
f 8936 8937 8945
f 8936 8945 8944
f 8937 8930 8938
f 8937 8938 8945
f 8938 8939 8947
f 8938 8947 8946
f 8939 8940 8948
f 8939 8948 8947
f 8940 8941 8949
f 8940 8949 8948
f 8941 8942 8950
f 8941 8950 8949
f 8942 8943 8951
f 8942 8951 8950
f 8943 8944 8952
f 8943 8952 8951
f 8944 8945 8953
f 8944 8953 8952
f 8945 8938 8946
f 8945 8946 8953
f 8946 8947 8955
f 8946 8955 8954
f 8947 8948 8956
f 8947 8956 8955
f 8948 8949 8957
f 8948 8957 8956
f 8949 8950 8958
f 8949 8958 8957
f 8950 8951 8959
f 8950 8959 8958
f 8951 8952 8960
f 8951 8960 8959
f 8952 8953 8961
f 8952 8961 8960
f 8953 8946 8954
f 8953 8954 8961
f 8954 8955 8963
f 8954 8963 8962
f 8955 8956 8964
f 8955 8964 8963
f 8956 8957 8965
f 8956 8965 8964
f 8957 8958 8966
f 8957 8966 8965
f 8958 8959 8967
f 8958 8967 8966
f 8959 8960 8968
f 8959 8968 8967
f 8960 8961 8969
f 8960 8969 8968
f 8961 8954 8962
f 8961 8962 8969
f 8962 8963 8971
f 8962 8971 8970
f 8963 8964 8972
f 8963 8972 8971
f 8964 8965 8973
f 8964 8973 8972
f 8965 8966 8974
f 8965 8974 8973
f 8966 8967 8975
f 8966 8975 8974
f 8967 8968 8976
f 8967 8976 8975
f 8968 8969 8977
f 8968 8977 8976
f 8969 8962 8970
f 8969 8970 8977
f 8970 8971 8979
f 8970 8979 8978
f 8971 8972 8980
f 8971 8980 8979
f 8972 8973 8981
f 8972 8981 8980
f 8973 8974 8982
f 8973 8982 8981
f 8974 8975 8983
f 8974 8983 8982
f 8975 8976 8984
f 8975 8984 8983
f 8976 8977 8985
f 8976 8985 8984
f 8977 8970 8978
f 8977 8978 8985
f 8986 8795 8794
f 8986 8796 8795
f 8986 8797 8796
f 8986 8798 8797
f 8986 8799 8798
f 8986 8800 8799
f 8986 8801 8800
f 8986 8794 8801
f 8987 8978 8979
f 8987 8979 8980
f 8987 8980 8981
f 8987 8981 8982
f 8987 8982 8983
f 8987 8983 8984
f 8987 8984 8985
f 8987 8985 8978

o nosepad_L
usemtl NosePadSilicone
v -0.74361197 -0.30626061 1.07219468
v -0.54146590 -0.24829615 1.07219468
v -0.55853410 -0.95170385 0.82780532
v -0.35638803 -0.89373939 0.82780532
v -0.48190143 -0.83748794 0.98319117
v -0.59628584 -0.43858208 1.13423210
v -0.50371416 -0.76141792 0.76576790
v -0.61809857 -0.36251206 0.91680883
v -0.39320090 -0.52959884 0.88281251
v -0.37971989 -0.57661270 1.01718749
v -0.72028011 -0.62338730 0.88281251
v -0.70679910 -0.67040116 1.01718749
v -0.65878604 -0.22061798 1.09364846
v -0.44121396 -0.97938202 0.80635154
v -0.51498888 -0.94631825 0.89768505
v -0.39617040 -0.91224759 0.89768505
v -0.69100840 -0.33246524 1.13011314
v -0.57218992 -0.29839459 1.13011314
v -0.53717880 -0.64471284 1.07779820
v -0.52781008 -0.90160541 0.76988686
v -0.40899160 -0.86753476 0.76988686
v -0.70382960 -0.28775241 1.00231495
v -0.58501112 -0.25368175 1.00231495
v -0.56282120 -0.55528716 0.82220180
v -0.45281958 -0.35189290 0.98233242
v -0.34403354 -0.73127492 0.83868396
v -0.43062966 -0.65349831 0.80221927
v -0.49786314 -0.41902733 0.89099890
v -0.44489564 -0.37952696 1.06131604
v -0.33610960 -0.75890898 0.91766758
v -0.40988453 -0.72584520 1.00900110
v -0.47711800 -0.49137422 1.09778073
v -0.35774766 -0.54487253 0.95000000
v -0.76389040 -0.44109102 0.98233242
v -0.65510436 -0.82047304 0.83868396
v -0.62288200 -0.70862578 0.80221927
v -0.69011547 -0.47415480 0.89099890
v -0.75596646 -0.46872508 1.06131604
v -0.64718042 -0.84810710 0.91766758
v -0.60213686 -0.78097267 1.00900110
v -0.66937034 -0.54650169 1.09778073
v -0.74225234 -0.65512747 0.95000000
v -0.70718160 -0.25012238 1.08818096
v -0.60210934 -0.21999339 1.08818096
v -0.49789066 -0.98000661 0.81181904
v -0.39281840 -0.94987762 0.81181904
v -0.53623767 -0.96282059 0.85929272
v -0.49640525 -0.90345301 0.94005977
v -0.47440136 -0.98152321 0.84697594
v -0.36940549 -0.91498224 0.85929272
v -0.43464533 -0.88574364 0.94005977
v -0.41193479 -0.96361121 0.84697594
v -0.45072056 -0.94622855 0.89499281
v -0.72393026 -0.30825877 1.10713472
v -0.64735252 -0.37703734 1.13938077
v -0.68132471 -0.25989572 1.12021155
v -0.55709807 -0.26042042 1.10713472
v -0.58559259 -0.35932796 1.13938077
v -0.61885814 -0.24198372 1.12021155
v -0.63579843 -0.30078531 1.13938217
v -0.50793921 -0.74668340 1.03367967
v -0.56739438 -0.53933859 1.11218830
v -0.54290193 -0.93957958 0.79286528
v -0.51440741 -0.84067204 0.76061923
v -0.48114186 -0.95801628 0.77978845
v -0.37606974 -0.89174123 0.79286528
v -0.45264748 -0.82296266 0.76061923
v -0.41867529 -0.94010428 0.77978845
v -0.46420157 -0.89921469 0.76061783
v -0.73059451 -0.28501776 1.04070728
v -0.66535467 -0.31425636 0.95994023
v -0.68806521 -0.23638879 1.05302406
v -0.56376233 -0.23717941 1.04070728
v -0.60359475 -0.29654699 0.95994023
v -0.62559864 -0.21847679 1.05302406
v -0.64927944 -0.25377145 1.00500719
v -0.53260562 -0.66066141 0.78781170
v -0.59206079 -0.45331660 0.86632033
v -0.49505130 -0.28822797 1.03032068
v -0.41798555 -0.43444456 0.93188290
v -0.51731566 -0.28749210 0.99450175
v -0.34230559 -0.82091557 0.82862490
v -0.36144033 -0.63164120 0.85721675
v -0.36758452 -0.80966666 0.79678661
v -0.46389460 -0.71170998 0.77742510
v -0.40645159 -0.59121417 0.83826300
v -0.41311080 -0.76877707 0.77761599
v -0.49398380 -0.60461880 0.80511959
v -0.37896032 -0.69714104 0.81378477
v -0.55829664 -0.38249094 0.90207995
v -0.44139846 -0.46933995 0.88440921
v -0.54099646 -0.32278676 0.94648488
v -0.52933053 -0.48135011 0.85179380
v -0.47149926 -0.37441942 0.93597944
v -0.45983333 -0.53298276 0.84128836
v -0.49093257 -0.30259171 1.07137510
v -0.40685961 -0.47324534 1.04278325
v -0.50640930 -0.32552711 1.10321339
v -0.44365260 -0.35365284 1.02552046
v -0.33818686 -0.83527930 0.86967932
v -0.35031438 -0.67044198 0.96811710
v -0.35667816 -0.84770167 0.90549825
v -0.32926818 -0.75255870 0.87447954
v -0.44177371 -0.78885469 0.99792005
v -0.38866139 -0.65325596 1.01559079
v -0.39546393 -0.83031901 0.95351512
v -0.46959643 -0.68966767 1.04820620
v -0.36388810 -0.74970413 0.96402056
v -0.53617575 -0.45963565 1.12257490
v -0.42360827 -0.53138174 1.06173700
v -0.52334959 -0.38432870 1.12238401
v -0.50494316 -0.56639898 1.09488041
v -0.45642703 -0.42698251 1.08621523
v -0.43802060 -0.60905278 1.05871164
v -0.36856871 -0.53475225 0.91507703
v -0.36156150 -0.55918929 0.98492297
v -0.39783619 -0.44058015 0.96699816
v -0.34064399 -0.64003308 0.89147769
v -0.39367033 -0.45510823 1.00852231
v -0.33647813 -0.65456117 0.93300184
v -0.76181314 -0.36472070 1.03032068
v -0.74968562 -0.52955802 0.93188290
v -0.74332184 -0.35229833 0.99450175
v -0.60906743 -0.89740829 0.82862490
v -0.69314039 -0.72675466 0.85721675
v -0.59359070 -0.87447289 0.79678661
v -0.56382425 -0.74036435 0.77742510
v -0.67639173 -0.66861826 0.83826300
v -0.57665041 -0.81567130 0.77761599
v -0.59505684 -0.63360102 0.80511959
v -0.64357297 -0.77301749 0.81378477
v -0.65822629 -0.41114531 0.90207995
v -0.71133861 -0.54674404 0.88440921
v -0.70453607 -0.36968099 0.94648488
v -0.63040357 -0.51033233 0.85179380
v -0.73611190 -0.45029587 0.93597944
v -0.66197940 -0.59094722 0.84128836
v -0.75769441 -0.37908443 1.07137510
v -0.73855967 -0.56835880 1.04278325
v -0.73241548 -0.39033334 1.10321339
v -0.77073182 -0.44744130 1.02552046
v -0.60494870 -0.91177203 0.86967932
v -0.68201445 -0.76555544 0.96811710
v -0.58268434 -0.91250790 0.90549825
v -0.65634740 -0.84634716 0.87447954
v -0.54170336 -0.81750906 0.99792005
v -0.65860154 -0.73066005 1.01559079
v -0.55900354 -0.87721324 0.95351512
v -0.57066947 -0.71864989 1.04820620
v -0.62850074 -0.82558058 0.96402056
v -0.63610540 -0.48829002 1.12257490
v -0.69354841 -0.60878583 1.06173700
v -0.68688920 -0.43122293 1.12238401
v -0.60601620 -0.59538120 1.09488041
v -0.72103968 -0.50285896 1.08621523
v -0.64016667 -0.66701724 1.05871164
v -0.73843850 -0.64081071 0.91507703
v -0.73143129 -0.66524775 0.98492297
v -0.76352187 -0.54543883 0.96699816
v -0.70632967 -0.74489177 0.89147769
v -0.75935601 -0.55996692 1.00852231
v -0.70216381 -0.75941985 0.93300184
f 8988 9125 9041
f 9125 9025 9127
f 9041 9127 9004
f 9125 9127 9041
f 9025 9126 9142
f 9126 8999 9139
f 9142 9139 9028
f 9126 9139 9142
f 9004 9140 9042
f 9140 9028 9138
f 9042 9138 8993
f 9140 9138 9042
f 9025 9142 9127
f 9142 9028 9140
f 9127 9140 9004
f 9142 9140 9127
f 8988 9041 9030
f 9041 9004 9043
f 9030 9043 9000
f 9041 9043 9030
f 9004 9042 9047
f 9042 8993 9045
f 9047 9045 9005
f 9042 9045 9047
f 9000 9046 9031
f 9046 9005 9044
f 9031 9044 8989
f 9046 9044 9031
f 9004 9047 9043
f 9047 9005 9046
f 9043 9046 9000
f 9047 9046 9043
f 8988 9030 9057
f 9030 9000 9059
f 9057 9059 9009
f 9030 9059 9057
f 9000 9031 9062
f 9031 8989 9060
f 9062 9060 9010
f 9031 9060 9062
f 9009 9063 9058
f 9063 9010 9061
f 9058 9061 8995
f 9063 9061 9058
f 9000 9062 9059
f 9062 9010 9063
f 9059 9063 9009
f 9062 9063 9059
f 8988 9057 9108
f 9057 9009 9110
f 9108 9110 9021
f 9057 9110 9108
f 9009 9058 9121
f 9058 8995 9119
f 9121 9119 9024
f 9058 9119 9121
f 9021 9123 9109
f 9123 9024 9120
f 9109 9120 8998
f 9123 9120 9109
f 9009 9121 9110
f 9121 9024 9123
f 9110 9123 9021
f 9121 9123 9110
f 8988 9108 9125
f 9108 9021 9128
f 9125 9128 9025
f 9108 9128 9125
f 9021 9109 9146
f 9109 8998 9144
f 9146 9144 9029
f 9109 9144 9146
f 9025 9148 9126
f 9148 9029 9145
f 9126 9145 8999
f 9148 9145 9126
f 9021 9146 9128
f 9146 9029 9148
f 9128 9148 9025
f 9146 9148 9128
f 8989 9044 9083
f 9044 9005 9085
f 9083 9085 9016
f 9044 9085 9083
f 9005 9045 9098
f 9045 8993 9096
f 9098 9096 9019
f 9045 9096 9098
f 9016 9100 9084
f 9100 9019 9097
f 9084 9097 8997
f 9100 9097 9084
f 9005 9098 9085
f 9098 9019 9100
f 9085 9100 9016
f 9098 9100 9085
f 8993 9138 9049
f 9138 9028 9141
f 9049 9141 9006
f 9138 9141 9049
f 9028 9139 9143
f 9139 8999 9134
f 9143 9134 9027
f 9139 9134 9143
f 9006 9136 9048
f 9136 9027 9133
f 9048 9133 8992
f 9136 9133 9048
f 9028 9143 9141
f 9143 9027 9136
f 9141 9136 9006
f 9143 9136 9141
f 8999 9145 9130
f 9145 9029 9149
f 9130 9149 9026
f 9145 9149 9130
f 9029 9144 9147
f 9144 8998 9112
f 9147 9112 9022
f 9144 9112 9147
f 9026 9132 9129
f 9132 9022 9111
f 9129 9111 8990
f 9132 9111 9129
f 9029 9147 9149
f 9147 9022 9132
f 9149 9132 9026
f 9147 9132 9149
f 8998 9120 9115
f 9120 9024 9124
f 9115 9124 9023
f 9120 9124 9115
f 9024 9119 9122
f 9119 8995 9065
f 9122 9065 9011
f 9119 9065 9122
f 9023 9117 9114
f 9117 9011 9064
f 9114 9064 8994
f 9117 9064 9114
f 9024 9122 9124
f 9122 9011 9117
f 9124 9117 9023
f 9122 9117 9124
f 8995 9061 9077
f 9061 9010 9079
f 9077 9079 9015
f 9061 9079 9077
f 9010 9060 9068
f 9060 8989 9066
f 9068 9066 9012
f 9060 9066 9068
f 9015 9081 9078
f 9081 9012 9067
f 9078 9067 8996
f 9081 9067 9078
f 9010 9068 9079
f 9068 9012 9081
f 9079 9081 9015
f 9068 9081 9079
f 8991 9087 9037
f 9087 9017 9089
f 9037 9089 9003
f 9087 9089 9037
f 9017 9088 9095
f 9088 8997 9092
f 9095 9092 9018
f 9088 9092 9095
f 9003 9093 9038
f 9093 9018 9091
f 9038 9091 8992
f 9093 9091 9038
f 9017 9095 9089
f 9095 9018 9093
f 9089 9093 9003
f 9095 9093 9089
f 8991 9037 9033
f 9037 9003 9039
f 9033 9039 9001
f 9037 9039 9033
f 9003 9038 9040
f 9038 8992 9035
f 9040 9035 9002
f 9038 9035 9040
f 9001 9036 9032
f 9036 9002 9034
f 9032 9034 8990
f 9036 9034 9032
f 9003 9040 9039
f 9040 9002 9036
f 9039 9036 9001
f 9040 9036 9039
f 8991 9033 9053
f 9033 9001 9055
f 9053 9055 9008
f 9033 9055 9053
f 9001 9032 9052
f 9032 8990 9050
f 9052 9050 9007
f 9032 9050 9052
f 9008 9056 9054
f 9056 9007 9051
f 9054 9051 8994
f 9056 9051 9054
f 9001 9052 9055
f 9052 9007 9056
f 9055 9056 9008
f 9052 9056 9055
f 8991 9053 9069
f 9053 9008 9071
f 9069 9071 9013
f 9053 9071 9069
f 9008 9054 9074
f 9054 8994 9072
f 9074 9072 9014
f 9054 9072 9074
f 9013 9076 9070
f 9076 9014 9073
f 9070 9073 8996
f 9076 9073 9070
f 9008 9074 9071
f 9074 9014 9076
f 9071 9076 9013
f 9074 9076 9071
f 8991 9069 9087
f 9069 9013 9090
f 9087 9090 9017
f 9069 9090 9087
f 9013 9070 9105
f 9070 8996 9102
f 9105 9102 9020
f 9070 9102 9105
f 9017 9107 9088
f 9107 9020 9103
f 9088 9103 8997
f 9107 9103 9088
f 9013 9105 9090
f 9105 9020 9107
f 9090 9107 9017
f 9105 9107 9090
f 8992 9091 9048
f 9091 9018 9094
f 9048 9094 9006
f 9091 9094 9048
f 9018 9092 9101
f 9092 8997 9097
f 9101 9097 9019
f 9092 9097 9101
f 9006 9099 9049
f 9099 9019 9096
f 9049 9096 8993
f 9099 9096 9049
f 9018 9101 9094
f 9101 9019 9099
f 9094 9099 9006
f 9101 9099 9094
f 8990 9034 9129
f 9034 9002 9131
f 9129 9131 9026
f 9034 9131 9129
f 9002 9035 9135
f 9035 8992 9133
f 9135 9133 9027
f 9035 9133 9135
f 9026 9137 9130
f 9137 9027 9134
f 9130 9134 8999
f 9137 9134 9130
f 9002 9135 9131
f 9135 9027 9137
f 9131 9137 9026
f 9135 9137 9131
f 8994 9051 9114
f 9051 9007 9116
f 9114 9116 9023
f 9051 9116 9114
f 9007 9050 9113
f 9050 8990 9111
f 9113 9111 9022
f 9050 9111 9113
f 9023 9118 9115
f 9118 9022 9112
f 9115 9112 8998
f 9118 9112 9115
f 9007 9113 9116
f 9113 9022 9118
f 9116 9118 9023
f 9113 9118 9116
f 8996 9073 9078
f 9073 9014 9082
f 9078 9082 9015
f 9073 9082 9078
f 9014 9072 9075
f 9072 8994 9064
f 9075 9064 9011
f 9072 9064 9075
f 9015 9080 9077
f 9080 9011 9065
f 9077 9065 8995
f 9080 9065 9077
f 9014 9075 9082
f 9075 9011 9080
f 9082 9080 9015
f 9075 9080 9082
f 8997 9103 9084
f 9103 9020 9106
f 9084 9106 9016
f 9103 9106 9084
f 9020 9102 9104
f 9102 8996 9067
f 9104 9067 9012
f 9102 9067 9104
f 9016 9086 9083
f 9086 9012 9066
f 9083 9066 8989
f 9086 9066 9083
f 9020 9104 9106
f 9104 9012 9086
f 9106 9086 9016
f 9104 9086 9106

o lens_L
usemtl Lens
v -1.15913272 0.20917378 0.01232936
v -1.18260906 0.42910496 0.01295524
v -1.21075139 0.59956975 0.01372833
v -1.24660585 0.75364891 0.01474092
v -1.29064157 0.89656843 0.01602758
v -1.34299020 1.03039695 0.01762058
v -1.40364340 1.15611682 0.01955429
v -1.47251206 1.27421752 0.02186601
v -1.54945147 1.38493115 0.02459606
v -1.63427474 1.48834439 0.02778749
v -1.72676155 1.58445866 0.03148566
v -1.82666479 1.67322538 0.03573779
v -1.93371675 1.75456805 0.04059245
v -2.04763541 1.82839695 0.04609921
v -2.16813185 1.89461920 0.05230836
v -2.29491956 1.95314590 0.05927085
v -2.42772686 2.00389719 0.06703862
v -2.56631484 2.04680562 0.07566555
v -2.71050445 2.08181781 0.08520942
v -2.86022118 2.10889403 0.09573582
v -3.01557514 2.12800430 0.10732606
v -3.17702463 2.13911735 0.12009396
v -3.34577760 2.14217034 0.13422810
v -3.52515576 2.13696120 0.15013422
v -3.73564173 2.12189471 0.16994865
v -3.94554622 2.10018180 0.19092268
v -4.12310378 2.07416311 0.20959295
v -4.28876287 2.04185286 0.22776743
v -4.44582981 2.00287323 0.24566437
v -4.59550514 1.95707636 0.26331564
v -4.73824559 1.90441345 0.28068752
v -4.87416484 1.84489491 0.29771554
v -5.00319638 1.77857281 0.31431868
v -5.12517318 1.70553079 0.33040652
v -5.23987164 1.62587679 0.34588354
v -5.34703810 1.53973662 0.36065206
v -5.44640582 1.44724758 0.37461438
v -5.53770641 1.34855131 0.38767452
v -5.62067772 1.24378514 0.39973974
v -5.69506938 1.13307090 0.41072169
v -5.76064648 1.01649932 0.42053747
v -5.81719178 0.89410730 0.42911042
v -5.86450620 0.76584189 0.43637062
v -5.90240691 0.63149968 0.44225491
v -5.93072117 0.49061406 0.44670616
v -5.94927018 0.34221910 0.44967063
v -5.95782436 0.18425468 0.45109056
v -5.95593825 0.01149277 0.45087631
v -5.94086728 -0.20917378 0.44856947
v -5.91597149 -0.44651625 0.44461173
v -5.88685674 -0.63059521 0.43997596
v -5.85020738 -0.79711403 0.43419770
v -5.80549515 -0.95171693 0.42723418
v -5.75255659 -1.09663850 0.41909875
v -5.69137873 -1.23293916 0.40982974
v -5.62203468 -1.36114614 0.39948112
v -5.54465618 -1.48150776 0.38811829
v -5.45941893 -1.59411447 0.37581562
v -5.36653315 -1.69896372 0.36265463
v -5.26623634 -1.79599796 0.34872244
v -5.15878688 -1.88512830 0.33411038
v -5.04445742 -1.96625013 0.31891257
v -4.92352745 -2.03925368 0.30322445
v -4.79627405 -2.10403143 0.28714125
v -4.66295959 -2.16048321 0.27075625
v -4.52381417 -2.20851953 0.25415875
v -4.37900893 -2.24806313 0.23743143
v -4.22861207 -2.27904850 0.22064656
v -4.07250934 -2.30141797 0.20385974
v -3.91024106 -2.31511076 0.18709747
v -3.74060016 -2.32003270 0.17032666
v -3.56026326 -2.31594759 0.15334839
v -3.34867023 -2.30120975 0.13455504
v -3.13773259 -2.27898094 0.11704733
v -2.95942603 -2.25168882 0.10321108
v -2.79321705 -2.21738383 0.09110952
v -2.63579172 -2.17572147 0.08035493
v -2.48594496 -2.12658488 0.07075572
v -2.34321351 -2.06995411 0.06218858
v -2.20747486 -2.00586610 0.05456063
v -2.07878479 -1.93439722 0.04779440
v -1.95729843 -1.85565325 0.04182094
v -1.84322683 -1.76976230 0.03657647
v -1.73681099 -1.67686857 0.03200076
v -1.63830511 -1.57712606 0.02803649
v -1.54796537 -1.47069140 0.02462907
v -1.46604212 -1.35771497 0.02172687
v -1.39277436 -1.23832917 0.01928157
v -1.32838601 -1.11263192 0.01724865
v -1.27308364 -0.98066222 0.01558791
v -1.22705598 -0.84236153 0.01426414
v -1.19047592 -0.69750816 0.01324765
v -1.16350698 -0.54559559 0.01251508
v -1.14632054 -0.38557725 0.01205036
v -1.13914366 -0.21522414 0.01184659
v -1.14243620 -0.02888603 0.01191153
v -3.55000000 0.00000000 0.25304187
f 9150 9151 9246
f 9151 9152 9246
f 9152 9153 9246
f 9153 9154 9246
f 9154 9155 9246
f 9155 9156 9246
f 9156 9157 9246
f 9157 9158 9246
f 9158 9159 9246
f 9159 9160 9246
f 9160 9161 9246
f 9161 9162 9246
f 9162 9163 9246
f 9163 9164 9246
f 9164 9165 9246
f 9165 9166 9246
f 9166 9167 9246
f 9167 9168 9246
f 9168 9169 9246
f 9169 9170 9246
f 9170 9171 9246
f 9171 9172 9246
f 9172 9173 9246
f 9173 9174 9246
f 9174 9175 9246
f 9175 9176 9246
f 9176 9177 9246
f 9177 9178 9246
f 9178 9179 9246
f 9179 9180 9246
f 9180 9181 9246
f 9181 9182 9246
f 9182 9183 9246
f 9183 9184 9246
f 9184 9185 9246
f 9185 9186 9246
f 9186 9187 9246
f 9187 9188 9246
f 9188 9189 9246
f 9189 9190 9246
f 9190 9191 9246
f 9191 9192 9246
f 9192 9193 9246
f 9193 9194 9246
f 9194 9195 9246
f 9195 9196 9246
f 9196 9197 9246
f 9197 9198 9246
f 9198 9199 9246
f 9199 9200 9246
f 9200 9201 9246
f 9201 9202 9246
f 9202 9203 9246
f 9203 9204 9246
f 9204 9205 9246
f 9205 9206 9246
f 9206 9207 9246
f 9207 9208 9246
f 9208 9209 9246
f 9209 9210 9246
f 9210 9211 9246
f 9211 9212 9246
f 9212 9213 9246
f 9213 9214 9246
f 9214 9215 9246
f 9215 9216 9246
f 9216 9217 9246
f 9217 9218 9246
f 9218 9219 9246
f 9219 9220 9246
f 9220 9221 9246
f 9221 9222 9246
f 9222 9223 9246
f 9223 9224 9246
f 9224 9225 9246
f 9225 9226 9246
f 9226 9227 9246
f 9227 9228 9246
f 9228 9229 9246
f 9229 9230 9246
f 9230 9231 9246
f 9231 9232 9246
f 9232 9233 9246
f 9233 9234 9246
f 9234 9235 9246
f 9235 9236 9246
f 9236 9237 9246
f 9237 9238 9246
f 9238 9239 9246
f 9239 9240 9246
f 9240 9241 9246
f 9241 9242 9246
f 9242 9243 9246
f 9243 9244 9246
f 9244 9245 9246
f 9245 9150 9246

o bridge
usemtl FrameBlackGloss
v 1.15435816 0.97260996 0.14615973
v 1.17794191 1.04249942 0.13329181
v 1.19760830 1.09829660 0.09723668
v 1.20946216 1.12895018 0.04513552
v 1.21115567 1.12838885 -0.01269241
v 1.20235343 1.09672378 -0.06479357
v 1.18479881 1.04022664 -0.10084869
v 1.16196874 0.97008736 -0.11371662
v 1.13838498 0.90019790 -0.10084869
v 1.11871859 0.84440073 -0.06479357
v 1.10686474 0.81374714 -0.01269241
v 1.10517123 0.81430847 0.04513552
v 1.11397347 0.84597354 0.09723668
v 1.13152808 0.90247069 0.13329181
v 1.14779159 0.97478646 0.14594629
v 1.17151547 1.04462932 0.13308290
v 1.19128590 1.10039189 0.09703114
v 1.20318711 1.13102972 0.04493151
v 1.20486191 1.13047461 -0.01289702
v 1.19597860 1.09883651 -0.06500081
v 1.17829661 1.04238173 -0.10106005
v 1.15531809 0.97229183 -0.11393277
v 1.13159422 0.90244898 -0.10106938
v 1.11182379 0.84668640 -0.06501762
v 1.09992258 0.81604857 -0.01291799
v 1.09824778 0.81660368 0.04491054
v 1.10713109 0.84824178 0.09701433
v 1.12481308 0.90469656 0.13307357
v 1.14072016 0.97716156 0.14572105
v 1.16468487 1.04692356 0.13286533
v 1.18463412 1.10262610 0.09681927
v 1.19661671 1.13323661 0.04472223
v 1.19825936 1.13269230 -0.01310732
v 1.18923670 1.10110098 -0.06521555
v 1.17133580 1.04471969 -0.10128177
v 1.14810214 0.97471545 -0.11416263
v 1.12413743 0.90495345 -0.10130691
v 1.10418818 0.84925091 -0.06526085
v 1.09220559 0.81864040 -0.01316381
v 1.09056294 0.81918471 0.04466575
v 1.09958560 0.85077603 0.09677397
v 1.11748650 0.90715732 0.13284019
v 1.13311738 0.97974201 0.14548284
v 1.15727514 1.04943851 0.13263317
v 1.17736773 1.10509241 0.09659161
v 1.18941557 1.13568078 0.04449661
v 1.19103243 1.13514522 -0.01333375
v 1.18189808 1.10359179 -0.06544548
v 1.16382169 1.04727005 -0.10151720
v 1.14038350 0.97733520 -0.11440447
v 1.11622574 0.90763870 -0.10155480
v 1.09613315 0.85198479 -0.06551324
v 1.08408531 0.82139642 -0.01341825
v 1.08246845 0.82193199 0.04441212
v 1.09160280 0.85348541 0.09652385
v 1.10967919 0.90980716 0.13259557
v 1.12500436 0.98251875 0.14523205
v 1.14931754 1.05216207 0.13238719
v 1.16952553 1.10777649 0.09634919
v 1.18162589 1.13834689 0.04425582
v 1.18322200 1.13781843 -0.01357518
v 1.17399773 1.10629577 -0.06568969
v 1.15578006 1.05002237 -0.10176578
v 1.13217722 0.98014385 -0.11465814
v 1.10786405 0.91050053 -0.10181328
v 1.08765606 0.85488611 -0.06577529
v 1.07555570 0.82431571 -0.01368192
v 1.07395959 0.82484417 0.04414909
v 1.08318386 0.85636683 0.09626359
v 1.10140153 0.91264023 0.13233968
v 1.11640140 0.98548298 0.14496902
v 1.14083968 1.05508320 0.13212799
v 1.16114057 1.11066562 0.09609284
v 1.17328322 1.14122146 0.04400076
v 1.17486262 1.14069875 -0.01383076
v 1.16556596 1.10920102 -0.06594748
v 1.14723456 1.05296680 -0.10202705
v 1.12349917 0.98313394 -0.11492346
v 1.09906089 0.91353372 -0.10208243
v 1.07876000 0.85795130 -0.06604727
v 1.06661735 0.82739546 -0.01395520
v 1.06503795 0.82791817 0.04387632
v 1.07433461 0.85941590 0.09599304
v 1.09266601 0.91565012 0.13207261
v 1.10732818 0.98862604 0.14469410
v 1.13186671 1.05819155 0.13185611
v 1.15224204 1.11374819 0.09582321
v 1.16441856 1.14429229 0.04373216
v 1.16598458 1.14377422 -0.01409976
v 1.15662992 1.11229658 -0.06621824
v 1.13820739 1.05609392 -0.10230057
v 1.11436580 0.98629785 -0.11520021
v 1.08982726 0.91673234 -0.10236221
v 1.06945194 0.86117570 -0.06632931
v 1.05727541 0.83063160 -0.01423827
v 1.05570940 0.83114967 0.04359366
v 1.06506405 0.86262730 0.09571214
v 1.08348658 0.91882997 0.13179447
v 1.09780401 0.99193941 0.14440759
v 1.12242203 1.06147728 0.13157199
v 1.14285637 1.11701339 0.09554087
v 1.15505975 1.14754815 0.04345063
v 1.15661516 1.14703377 -0.01438161
v 1.14721451 1.11557213 -0.06650148
v 1.12871974 1.05939459 -0.10258598
v 1.10479394 0.98962781 -0.11548815
v 1.08017592 0.92008995 -0.10265255
v 1.05974159 0.86455383 -0.06662143
v 1.04753820 0.83401908 -0.01453119
v 1.04598280 0.83453346 0.04330106
v 1.05538344 0.86599510 0.09542092
v 1.07387822 0.92217263 0.13150543
v 1.08784793 0.99541465 0.14410980
v 1.11252780 1.06493093 0.13127605
v 1.13300806 1.12045101 0.09524630
v 1.14523235 1.15097848 0.04315669
v 1.14677949 1.15046698 -0.01467580
v 1.13734306 1.11901783 -0.06679674
v 1.11879206 1.06285991 -0.10288293
v 1.09480073 0.99311600 -0.11578705
v 1.07012086 0.92359973 -0.10295330
v 1.04964060 0.86807964 -0.06692355
v 1.03741631 0.83755218 -0.01483394
v 1.03586917 0.83806368 0.04299855
v 1.04530560 0.86951283 0.09511948
v 1.06385660 0.92567074 0.13120567
v 1.07747872 0.99904338 0.14380102
v 1.10220526 1.06854332 0.13096866
v 1.12272018 1.12405128 0.09493994
v 1.13496024 1.15457323 0.04285080
v 1.13650115 1.15406391 -0.01498188
v 1.12703772 1.12262421 -0.06710362
v 1.10844429 1.06648114 -0.10319107
v 1.08440352 0.99675453 -0.11609667
v 1.05967698 0.92725458 -0.10326431
v 1.03916207 0.87174662 -0.06723559
v 1.02692200 0.84122468 -0.01514645
v 1.02538109 0.84173400 0.04268623
v 1.03484452 0.87317370 0.09480796
v 1.05343795 0.92931677 0.13089542
v 1.06671505 1.00281727 0.14348154
v 1.09147499 1.07230550 0.13065017
v 1.11201471 1.12780477 0.09462219
v 1.12426606 1.15832275 0.04253338
v 1.12580251 1.15781500 -0.01529943
v 1.11631975 1.12638207 -0.06742174
v 1.09769596 1.07024965 -0.10351010
v 1.07361980 1.00053544 -0.11641675
v 1.04885986 0.93104721 -0.10358538
v 1.02832014 0.87554794 -0.06755740
v 1.01606879 0.84502995 -0.01546859
v 1.01453234 0.84553771 0.04236422
v 1.02401510 0.87697063 0.09448653
v 1.04263889 0.93310306 0.13057488
v 1.05557544 1.00672802 0.14315164
v 1.08035703 1.07620865 0.13032091
v 1.10091282 1.13170227 0.09429341
v 1.11317149 1.16221769 0.04220482
v 1.11470505 1.16171095 -0.01562808
v 1.10520977 1.13028242 -0.06775076
v 1.08656629 1.07415691 -0.10383970
v 1.06246720 1.00445075 -0.11674703
v 1.03768561 0.93497012 -0.10391630
v 1.01712981 0.87947650 -0.06788879
v 1.00487114 0.84896108 -0.01580020
v 1.00333758 0.84946782 0.04203269
v 1.01283287 0.88089635 0.09415537
v 1.03147634 0.93702186 0.13024431
v 1.04407833 1.01076737 0.14281162
v 1.06887103 1.08024410 0.12998122
v 1.08943507 1.13573483 0.09395396
v 1.10169749 1.16624893 0.04186548
v 1.10322957 1.16574271 -0.01596746
v 1.09372786 1.13431644 -0.06809034
v 1.07507429 1.07819447 -0.10417957
v 1.05096342 1.00849245 -0.11708725
v 1.02617072 0.93901572 -0.10425685
v 1.00560667 0.88352500 -0.06822959
v 0.99334425 0.85301090 -0.01614111
v 0.99181217 0.85351711 0.04169183
v 1.00131389 0.88494339 0.09381470
v 1.01996746 0.94106535 0.12990394
v 1.03224208 1.01492710 0.14246174
v 1.05703632 1.08440329 0.12963139
v 1.07760150 1.13989361 0.09360416
v 1.08986444 1.17040753 0.04151569
v 1.09139631 1.16990138 -0.01631725
v 1.08189371 1.13847542 -0.06844015
v 1.06323875 1.08235395 -0.10452943
v 1.03912626 1.01265250 -0.11743715
v 1.01433202 0.94317631 -0.10460680
v 0.99376684 0.88768598 -0.06857957
v 0.98150390 0.85717206 -0.01649111
v 0.97997202 0.85767821 0.04134184
v 0.98947462 0.88910417 0.09346474
v 1.00812959 0.94522565 0.12955401
v 1.02008501 1.01919897 0.14210229
v 1.04487197 1.08867771 0.12927172
v 1.06543176 1.14416994 0.09324434
v 1.07769224 1.17468472 0.04115580
v 1.07922508 1.17417823 -0.01667712
v 1.06972669 1.14275079 -0.06879989
v 1.05107833 1.08662699 -0.10488897
v 1.02697355 1.01692284 -0.11779647
v 1.00218658 0.94744409 -0.10496590
v 0.98162680 0.89195187 -0.06893852
v 0.96936632 0.86143709 -0.01684998
v 0.96783347 0.86194357 0.04098294
v 0.97733187 0.89337101 0.09310571
v 0.99598022 0.94949481 0.12919479
v 1.00762537 1.02357478 0.14173355
v 1.03239687 1.09305896 0.12890252
v 1.05294517 1.14855521 0.09287479
v 1.06520043 1.17907183 0.04078610
v 1.06673534 1.17856462 -0.01704675
v 1.05724589 1.14713404 -0.06916926
v 1.03861159 1.09100530 -0.10525793
v 1.01452319 1.02129539 -0.11816494
v 0.98975168 0.95181122 -0.10533392
v 0.96920338 0.89631496 -0.06930619
v 0.95694812 0.86579835 -0.01721750
v 0.95541322 0.86630556 0.04061536
v 0.96490266 0.89773614 0.09273787
v 0.98353696 0.95386487 0.12882653
v 0.99488138 1.02804635 0.14135578
v 1.01962972 1.09753866 0.12852407
v 1.04016082 1.15304094 0.09249583
v 1.05240824 1.18356031 0.04040691
v 1.05394625 1.18305201 -0.01742586
v 1.04447020 1.15161673 -0.06954797
v 1.02585696 1.09548060 -0.10563601
v 1.00179310 1.02576208 -0.11854230
v 0.97704477 0.95626978 -0.10571058
v 0.95651367 0.90076749 -0.06968235
v 0.94426624 0.87024813 -0.01759342
v 0.94272824 0.87075642 0.04023934
v 0.95220428 0.90219171 0.09236145
v 0.97081752 0.95832783 0.12844949
v 0.98187124 1.03260549 0.14096927
v 1.00658907 1.10210848 0.12813665
v 1.02709753 1.15761871 0.09210774
v 1.03933465 1.18814168 0.04001851
v 1.04087672 1.18763196 -0.01781413
v 1.03141833 1.15619049 -0.06993572
v 1.01283281 1.10004465 -0.10602294
v 0.98880126 1.03031481 -0.11892826
v 0.96408342 0.96081182 -0.10609564
v 0.94357496 0.90530160 -0.07006673
v 0.93133784 0.87477862 -0.01797750
v 0.92979577 0.87528835 0.03985514
v 0.93925417 0.90672981 0.09197673
v 0.95783969 0.96287565 0.12806394
v 0.96861309 1.03724404 0.14057429
v 0.99329339 1.10676016 0.12774055
v 1.01377397 1.16228013 0.09171081
v 1.02599840 1.19280755 0.03962120
v 1.02754549 1.19229607 -0.01821129
v 1.01810881 1.16084701 -0.07033224
v 0.99955742 1.10468923 -0.10641843
v 0.97556564 1.03494547 -0.11932258
v 0.95088534 0.96542935 -0.10648884
v 0.93040476 0.90990938 -0.07045910
v 0.91818033 0.87938196 -0.01836949
v 0.91663324 0.87989344 0.03946300
v 0.92606992 0.91134251 0.09158394
v 0.94462131 0.96750028 0.12767014
v 0.95512509 1.04195382 0.14017110
v 0.97976100 1.11148544 0.12733604
v 1.00020863 1.16701692 0.09130531
v 1.01241807 1.19754957 0.03921525
v 1.01397108 1.19703602 -0.01861706
v 1.00456008 1.16557799 -0.07073724
v 0.98604903 1.10940613 -0.10682223
v 0.96210427 1.03964596 -0.11972497
v 0.93746835 0.97011434 -0.10688990
v 0.91702072 0.91458286 -0.07085918
v 0.90481128 0.88405021 -0.01876912
v 0.90325827 0.88456376 0.03906320
v 0.91266927 0.91602179 0.09118337
v 0.93118032 0.97219365 0.12726836
v 0.94142534 1.04672668 0.13975999
v 0.96601017 1.11627609 0.12692339
v 0.98641987 1.17182079 0.09089153
v 0.99861205 1.20235945 0.03880095
v 1.00017188 1.20184353 -0.01903116
v 0.99079044 1.17037520 -0.07115045
v 0.97232582 1.11418716 -0.10723405
v 0.94843517 1.04440814 -0.12013516
v 0.92385033 0.97485873 -0.10729856
v 0.90344063 0.91931404 -0.07126670
v 0.89124846 0.88877537 -0.01917612
v 0.88968862 0.88929130 0.03865599
v 0.89907007 0.92075962 0.09077528
v 0.91753469 0.97694766 0.12685887
v 0.92753194 1.05155447 0.13934122
v 0.95205907 1.12112394 0.12650288
v 0.97242592 1.17668352 0.09046972
v 0.98459859 1.20722896 0.03837856
v 0.98616613 1.20671036 -0.01945332
v 0.97681807 1.17523043 -0.07157160
v 0.95840591 1.11902417 -0.10765362
v 0.93457640 1.04922390 -0.12055289
v 0.91004927 0.97965444 -0.10771455
v 0.88968242 0.92409486 -0.07168139
v 0.87750975 0.89354942 -0.01959023
v 0.87594221 0.89406802 0.03824165
v 0.88529027 0.92554795 0.09035993
v 0.90370243 0.98175421 0.12644195
v 0.91346297 1.05642905 0.13891506
v 0.93792578 1.12602080 0.12607477
v 0.95824488 1.18159693 0.09004017
v 0.97039581 1.21214990 0.03794835
v 0.97197194 1.21162832 -0.01988327
v 0.96266110 1.18013550 -0.07200042
v 0.94430740 1.12390898 -0.10808067
v 0.92054604 1.05408511 -0.12097787
v 0.89608323 0.98449336 -0.10813759
v 0.87576413 0.92891724 -0.07210299
v 0.86361320 0.89836427 -0.02001116
v 0.86203707 0.89888584 0.03782045
v 0.87134791 0.93037866 0.08993761
v 0.88970161 0.98660518 0.12601785
v 0.89923651 1.06134228 0.13848178
v 0.92362835 1.13095853 0.12563933
v 0.94389475 1.18655285 0.08960313
v 0.95602170 1.21711411 0.03751058
v 0.95760731 1.21658926 -0.02032075
v 0.94833752 1.18508226 -0.07243666
v 0.93004834 1.12883346 -0.10851494
v 0.90636216 1.05898363 -0.12140985
v 0.88197031 0.98936737 -0.10856740
v 0.86170391 0.93377305 -0.07253120
v 0.84957696 0.90321180 -0.02043864
v 0.84799136 0.90373665 0.03739268
v 0.85726114 0.93524364 0.08950859
v 0.87555032 0.99149244 0.12558687
v 0.88487058 1.06628601 0.13804166
v 0.90918472 1.13592900 0.12519683
v 0.92939343 1.19154318 0.08915886
v 0.94149412 1.22211346 0.03706550
v 0.94309010 1.22158505 -0.02076551
v 0.93386527 1.19006258 -0.07288004
v 0.91564673 1.13378948 -0.10895615
v 0.89204286 1.06391131 -0.12184855
v 0.86772872 0.99426832 -0.10900372
v 0.84752002 0.93865415 -0.07296574
v 0.83541933 0.90808386 -0.02087238
v 0.83382335 0.90861228 0.03695863
v 0.84304817 0.94013475 0.08907315
v 0.86126672 0.99640785 0.12514927
v 0.87038324 1.07125212 0.13759496
v 0.89461281 1.14092410 0.12474752
v 0.91475872 1.19655980 0.08870761
v 0.92683082 1.22713988 0.03661337
v 0.92843810 1.22660759 -0.02121729
v 0.91926220 1.19506835 -0.07333031
v 0.90112054 1.13876890 -0.10940405
v 0.87760628 1.06886003 -0.12229368
v 0.85337671 0.99918805 -0.10944624
v 0.83323080 0.94355235 -0.07340633
v 0.82115870 0.91297226 -0.02131209
v 0.81955142 0.91350455 0.03651857
v 0.82872732 0.94504379 0.08863158
v 0.84686898 1.00134325 0.12470533
v 0.85579250 1.07623248 0.13714195
v 0.87993043 1.14593573 0.12429167
v 0.90000830 1.20159465 0.08824964
v 0.91204944 1.23218531 0.03615444
v 0.91366895 1.23164884 -0.02167584
v 0.90454608 1.20009151 -0.07378721
v 0.88648771 1.14376362 -0.10985837
v 0.86307053 1.07382162 -0.12274498
v 0.83893259 1.00411836 -0.10989470
v 0.81885472 0.94845944 -0.07385268
v 0.80681359 0.91786879 -0.02175748
v 0.80519407 0.91840525 0.03607280
v 0.81431695 0.94996259 0.08818417
v 0.83237532 1.00629047 0.12425533
v 0.84111636 1.08121896 0.13668289
v 0.86515537 1.15095583 0.12382952
v 0.88515978 1.20663970 0.08778520
v 0.89716749 1.23724172 0.03568895
v 0.89880021 1.23670076 -0.02214092
v 0.88973457 1.20512398 -0.07425050
v 0.87176613 1.14876555 -0.11031885
v 0.84845375 1.07878793 -0.12320218
v 0.82441475 1.00905107 -0.11034880
v 0.80441034 0.95336719 -0.07430448
v 0.79240263 0.92276518 -0.02220824
v 0.79076991 0.92330613 0.03562163
v 0.79983555 0.95488291 0.08773121
v 0.81780399 1.01124135 0.12379956
v 0.82637282 1.08620345 0.13621806
v 0.85030531 1.15597632 0.12336133
v 0.87023064 1.21168693 0.08731451
v 0.88220235 1.24230112 0.03521713
v 0.88384930 1.24175535 -0.02261229
v 0.87484528 1.21015774 -0.07471992
v 0.85697366 1.15376658 -0.11078522
v 0.83377413 1.08375082 -0.12366500
v 0.80984164 1.01397794 -0.11080826
v 0.78991631 0.95826733 -0.07476144
v 0.77794460 0.92765315 -0.02266406
v 0.77629765 0.92819891 0.03516536
v 0.78530167 0.95979653 0.08727299
v 0.80317329 1.01618769 0.12333829
v 0.81157984 1.09117783 0.13574773
v 0.83539790 1.16098918 0.12288735
v 0.85523826 1.21672836 0.08683783
v 0.86717129 1.24735555 0.03473922
v 0.86883352 1.24680465 -0.02308971
v 0.85989571 1.21518477 -0.07519524
v 0.84212812 1.15875863 -0.11125723
v 0.81904982 1.08870211 -0.12413315
v 0.79523176 1.01889076 -0.11127278
v 0.77539141 0.96315158 -0.07522326
v 0.76345837 0.93252439 -0.02312465
v 0.76179614 0.93307529 0.03470429
v 0.77073395 0.96469517 0.08680982
v 0.78850154 1.02112131 0.12287180
v 0.79675538 1.09613399 0.13527214
v 0.82045068 1.16598638 0.12240783
v 0.84019989 1.22175603 0.08635539
v 0.85209144 1.25239708 0.03425544
v 0.85377006 1.25184070 -0.02357297
v 0.84490328 1.22019709 -0.07567622
v 0.82724727 1.16373364 -0.11173462
v 0.80429903 1.09363364 -0.12460637
v 0.78060373 1.02378126 -0.11174206
v 0.76085452 0.96801161 -0.07568961
v 0.74896297 0.93737055 -0.02358967
v 0.74728435 0.93792693 0.03423874
v 0.75615113 0.96957055 0.08634199
v 0.77380714 1.02603400 0.12240039
v 0.78191739 1.10106383 0.13479158
v 0.80548114 1.17095991 0.12192300
v 0.82513268 1.22676201 0.08586740
v 0.83697977 1.25741783 0.03376602
v 0.83867596 1.25685561 -0.02406182
v 0.82988529 1.22518671 -0.07616261
v 0.81234885 1.16868355 -0.11221714
v 0.78953997 1.09853725 -0.12508438
v 0.76597621 1.02864117 -0.11221580
v 0.74632468 0.97283907 -0.07616020
v 0.73447758 0.94218325 -0.02405881
v 0.73278140 0.94274546 0.03376903
v 0.74157207 0.97441436 0.08586981
v 0.75910850 1.03091753 0.12192434
v 0.76708376 1.10595923 0.13430630
v 0.79050666 1.17590179 0.12143312
v 0.81005362 1.23173840 0.08537409
v 0.82185311 1.26240993 0.03327115
v 0.82356810 1.26184151 -0.02455608
v 0.81485892 1.23014572 -0.07665419
v 0.79745053 1.17360030 -0.11270454
v 0.77479087 1.10340476 -0.12556689
v 0.75136797 1.03346220 -0.11269371
v 0.73182102 0.97762559 -0.07663468
v 0.72002153 0.94695406 -0.02453174
v 0.71830654 0.94752248 0.03329549
v 0.72701571 0.97921827 0.08539361
v 0.74442410 1.03576369 0.12144395
v 0.75227241 1.11081210 0.13381657
v 0.77554454 1.18080406 0.12093840
v 0.79497954 1.23667735 0.08487567
v 0.80672808 1.26736557 0.03277104
v 0.80846320 1.26679055 -0.02505552
v 0.79984126 1.23506618 -0.07715075
v 0.78256992 1.17847586 -0.11319656
v 0.76007000 1.10822799 -0.12605363
v 0.73679787 1.03823604 -0.11317546
v 0.71736286 0.98236275 -0.07711273
v 0.70561433 0.95167453 -0.02500810
v 0.70387920 0.95224955 0.03281845
v 0.71250115 0.98397392 0.08491369
v 0.72977248 1.04056424 0.12095950
v 0.73750119 1.11561436 0.13332264
v 0.76061195 1.18565877 0.12043908
v 0.77992713 1.24157101 0.08437234
v 0.79162113 1.27227696 0.03226589
v 0.79337780 1.27169493 -0.02555995
v 0.78484923 1.23994021 -0.07765206
v 0.76772458 1.18330221 -0.11369296
v 0.74539562 1.11299877 -0.12654432
v 0.72228487 1.04295435 -0.11366075
v 0.70296968 0.98704212 -0.07759401
v 0.69127569 0.95633617 -0.02548756
v 0.68951901 0.95691819 0.03233828
v 0.69804759 0.98867291 0.08443039
v 0.71517223 1.04531092 0.12047129
v 0.72278795 1.12035790 0.13282479
v 0.74572595 1.19045800 0.11993537
v 0.76491286 1.24641159 0.08386429
v 0.77654848 1.27713636 0.03175587
v 0.77832822 1.27654690 -0.02606919
v 0.76989960 1.24475996 -0.07815792
v 0.75293200 1.18807133 -0.11419351
v 0.73078606 1.11770889 -0.12703866
v 0.70784806 1.04760879 -0.11414925
v 0.68866115 0.99165520 -0.07807817
v 0.67702553 0.96093043 -0.02596975
v 0.67524579 0.96151989 0.03185531
v 0.68367441 0.99330683 0.08394404
v 0.70064202 1.04999546 0.11997963
v 0.70815051 1.12503465 0.13232326
v 0.73090348 1.19519386 0.11942750
v 0.74995301 1.25119134 0.08335171
v 0.76152609 1.28193608 0.03124115
v 0.76333055 1.28133873 -0.02658306
v 0.75500897 1.24951759 -0.07866813
v 0.73820956 1.19277523 -0.11469795
v 0.71625964 1.12235017 -0.12753639
v 0.69350667 1.05219096 -0.11464064
v 0.67445714 0.99619349 -0.07856485
v 0.66288406 0.96544874 -0.02645428
v 0.66107960 0.96604609 0.03136993
v 0.66940118 0.99786723 0.08345499
v 0.68620059 1.05460959 0.11948482
v 0.69360662 1.12963654 0.13181830
v 0.71616130 1.19985848 0.11891566
v 0.73506359 1.25590254 0.08283476
v 0.74656966 1.28666849 0.03072187
v 0.74840059 1.28606276 -0.02710142
v 0.74019375 1.25420532 -0.07918250
v 0.72357459 1.19740593 -0.11520606
v 0.70183476 1.12691441 -0.12803721
v 0.67928008 1.05669246 -0.11513457
v 0.66037779 1.00064841 -0.07905367
v 0.64887172 0.96988246 -0.02694077
v 0.64704079 0.97048819 0.03088252
v 0.65524763 1.00234563 0.08296359
v 0.67186679 1.05914501 0.11898716
v 0.67917404 1.13415549 0.13131019
v 0.70151600 1.20444402 0.11840006
v 0.72026035 1.26053752 0.08231360
v 0.73169453 1.29132598 0.03019817
v 0.73355387 1.29071135 -0.02762412
v 0.72547010 1.25881539 -0.07970086
v 0.70904430 1.20195547 -0.11571762
v 0.68752982 1.13139340 -0.12854083
v 0.66518785 1.06110486 -0.11563070
v 0.64644350 1.00501136 -0.07954424
v 0.63500932 0.97422291 -0.02742881
v 0.63314998 0.97483753 0.03039348
v 0.64123376 1.00673350 0.08247022
v 0.65765955 1.06359342 0.11848698
v 0.66487043 1.13858344 0.13079916
v 0.68698396 1.20894268 0.11788086
v 0.70555870 1.26508867 0.08178834
v 0.71691568 1.29590102 0.02967016
v 0.71880552 1.29527696 -0.02815104
v 0.71085392 1.26334009 -0.08022306
v 0.69463577 1.20641590 -0.11623240
v 0.67336329 1.13577892 -0.12904696
v 0.65124975 1.06541968 -0.11612867
v 0.63267502 1.00927369 -0.08003614
v 0.62131803 0.97846134 -0.02791796
v 0.61942819 0.97908540 0.02990324
v 0.62737980 1.01102228 0.08197526
v 0.64359795 1.06794646 0.11798460
v 0.65071343 1.14291234 0.13028546
v 0.67258133 1.21334667 0.11735825
v 0.69097369 1.26954843 0.08125911
v 0.70224766 1.30038615 0.02913791
v 0.70417030 1.29975206 -0.02868210
v 0.69636081 1.26777174 -0.08074896
v 0.68036595 1.21077929 -0.11675019
v 0.65935370 1.14006276 -0.12955531
v 0.63748579 1.06962843 -0.11662810
v 0.61909344 1.01342667 -0.08052896
v 0.60781947 0.98258895 -0.02840776
v 0.60589683 0.98322304 0.02941225
v 0.61370632 1.01520336 0.08147911
v 0.62970118 1.07219581 0.11748034
v 0.63672061 1.14713415 0.12976934
v 0.65832398 1.21764828 0.11683237
v 0.67651991 1.27390928 0.08072598
v 0.68770448 1.30477398 0.02860149
v 0.68966244 1.30412923 -0.02921722
v 0.68200600 1.27210274 -0.08127844
v 0.66625161 1.21503775 -0.11727080
v 0.64551962 1.14423668 -0.13006557
v 0.62391625 1.07372255 -0.11712860
v 0.60572032 1.01746154 -0.08102222
v 0.59453575 0.98659685 -0.02889772
v 0.59257778 0.98724160 0.02892099
v 0.60023422 1.01926809 0.08098220
v 0.61598861 1.07633307 0.11697456
v 0.62290945 1.15124082 0.12925103
v 0.64422742 1.22183979 0.11630335
v 0.66221145 1.27816379 0.08018901
v 0.67329957 1.30905716 0.02806089
v 0.67529565 1.30840108 -0.02975638
v 0.66780433 1.27632551 -0.08181140
v 0.65230937 1.21918339 -0.11779402
v 0.63187973 1.14829244 -0.13057745
v 0.61056175 1.07769347 -0.11762977
v 0.59257772 1.02136947 -0.08151542
v 0.58148960 0.99047610 -0.02938731
v 0.57949353 0.99113218 0.02842997
v 0.58698484 1.02320775 0.08048499
v 0.60247981 1.08034987 0.11646761
v 0.60929735 1.15522434 0.12873078
v 0.63030683 1.22591357 0.11577130
v 0.64806180 1.28230458 0.07964820
v 0.65904566 1.31322845 0.02751610
v 0.66108293 1.31256032 -0.03029961
v 0.65377010 1.28043253 -0.08234780
v 0.63855557 1.22320837 -0.11831970
v 0.61845276 1.15222179 -0.13109063
v 0.59744328 1.08153256 -0.11813115
v 0.57968832 1.02514155 -0.08200805
v 0.56870446 0.99421768 -0.02987595
v 0.56666719 0.99488581 0.02793975
v 0.57398001 1.02701360 0.07998794
v 0.58919454 1.08423776 0.11595984
v 0.59590162 1.15907668 0.12820879
v 0.61657688 1.22986200 0.11523629
v 0.63408369 1.28632436 0.07910352
v 0.64495461 1.31728070 0.02696701
v 0.64703651 1.31659974 -0.03084695
v 0.63991705 1.28441635 -0.08288761
v 0.62500632 1.22710485 -0.11884767
v 0.60525758 1.15601648 -0.13160480
v 0.58458231 1.08523116 -0.11863229
v 0.56707550 1.02876880 -0.08249952
v 0.55620459 0.99781246 -0.03036302
v 0.55412269 0.99849342 0.02745095
v 0.56124215 1.03067681 0.07949160
v 0.57615288 1.08798831 0.11545166
v 0.58273940 1.16278985 0.12768530
v 0.60305172 1.23367752 0.11469836
v 0.62028904 1.29021589 0.07855486
v 0.63103729 1.32120682 0.02641348
v 0.63316765 1.32051219 -0.03139856
v 0.62625819 1.28826958 -0.08343086
v 0.61167739 1.23086503 -0.11937779
v 0.59231318 1.15966822 -0.13211962
v 0.57200086 1.08878054 -0.11913268
v 0.55476354 1.03224218 -0.08298919
v 0.54401529 1.00125124 -0.03084780
v 0.54188492 1.00194587 0.02696423
v 0.54879439 1.03418848 0.07899653
v 0.56337519 1.09159303 0.11494347
v 0.56982773 1.16635585 0.12716050
v 0.58974481 1.23735264 0.11415749
v 0.60668867 1.29397203 0.07800206
v 0.61730335 1.32499984 0.02585525
v 0.61948649 1.32429064 -0.03195464
v 0.61280569 1.29198489 -0.08397765
v 0.59858418 1.23448115 -0.11990997
v 0.57963868 1.16316873 -0.13263478
v 0.55972159 1.09217194 -0.11963176
v 0.54277774 1.03555256 -0.08347634
v 0.53216306 1.00452474 -0.03132952
v 0.52997992 1.00523394 0.02648037
v 0.53666071 1.03753969 0.07850337
v 0.55088223 1.09504343 0.11443569
v 0.55718341 1.16976669 0.12663460
v 0.57666883 1.24087989 0.11361362
v 0.59329216 1.29758570 0.07744486
v 0.60376096 1.32865285 0.02529197
v 0.60600174 1.32792811 -0.03251552
v 0.59957070 1.29555502 -0.08452813
v 0.58574159 1.23794547 -0.12044413
v 0.56725341 1.16650973 -0.13314991
v 0.54776800 1.09539654 -0.12012893
v 0.53114467 1.03869072 -0.08396017
v 0.52067587 1.00762357 -0.03180728
v 0.51843508 1.00834832 0.02600021
v 0.52486612 1.04072141 0.07801282
v 0.53869524 1.09833096 0.11392882
v 0.54477023 1.17302851 0.12610546
v 0.56393288 1.24422682 0.11307065
v 0.58033596 1.30099072 0.07689244
v 0.59073062 1.33207742 0.02473638
v 0.59305809 1.33132982 -0.03306740
v 0.58685737 1.29889599 -0.08507013
v 0.57335660 1.24119984 -0.12097205
v 0.55522977 1.16966881 -0.13366234
v 0.53606712 1.09847050 -0.12062753
v 0.51966404 1.04170660 -0.08444933
v 0.50926938 1.01061990 -0.03229326
v 0.50694191 1.01136750 0.02551051
v 0.51314263 1.04380134 0.07751325
v 0.52664340 1.10149748 0.11341517
v 0.53242663 1.17623236 0.12555392
v 0.55153920 1.24744373 0.11251686
v 0.56796239 1.30420238 0.07633955
v 0.57844340 1.33526659 0.02418737
v 0.58090633 1.33448369 -0.03361033
v 0.57486337 1.30200875 -0.08560598
v 0.56151139 1.24427384 -0.12150122
v 0.54349493 1.17271406 -0.13418656
v 0.52438236 1.10150269 -0.12114950
v 0.50795917 1.04474404 -0.08497219
v 0.49747816 1.01367983 -0.03282001
v 0.49501523 1.01446273 0.02497769
v 0.50105819 1.04693766 0.07697334
v 0.51441016 1.10467258 0.11286858
v 0.52009173 1.17944389 0.12496683
v 0.53928594 1.25063401 0.11193365
v 0.55584286 1.30735786 0.07576271
v 0.56648318 1.33838059 0.02361810
v 0.56909947 1.33755777 -0.03417230
v 0.56317353 1.30505238 -0.08616239
v 0.54987906 1.24730249 -0.12205490
v 0.53184921 1.17574619 -0.13474087
v 0.51265500 1.10455608 -0.12170769
v 0.49609808 1.04783223 -0.08553675
v 0.48545776 1.01680950 -0.03339214
v 0.48284147 1.01763231 0.02439826
v 0.48876741 1.05013771 0.07638835
v 0.50206187 1.10788760 0.11228086
v 0.50782136 1.18264571 0.12434872
v 0.52707835 1.25381945 0.11131871
v 0.54375046 1.31051325 0.07515356
v 0.55453557 1.34149821 0.02301624
v 0.55729756 1.34063738 -0.03476683
v 0.55148938 1.30810127 -0.08675099
v 0.53826142 1.25033403 -0.12264015
v 0.52023363 1.17877720 -0.13532602
v 0.50097664 1.10760346 -0.12229600
v 0.48430453 1.05090966 -0.08613085
v 0.47351942 1.01992470 -0.03399353
v 0.47075743 1.02078553 0.02378953
v 0.47656561 1.05332164 0.07577370
v 0.48979357 1.11108888 0.11166286
v 0.49561416 1.18583495 0.12370165
v 0.51491487 1.25699727 0.11067395
v 0.53168342 1.31366587 0.07451391
v 0.54259862 1.34461686 0.02238348
v 0.54549856 1.34372000 -0.03539228
v 0.53980888 1.31115293 -0.08737016
v 0.52665649 1.25336596 -0.12325532
v 0.50864638 1.18180450 -0.13594025
v 0.48934568 1.11064219 -0.12291255
v 0.47257712 1.05397358 -0.08675251
v 0.46166193 1.02302259 -0.03462208
v 0.45876199 1.02391945 0.02315368
v 0.46445167 1.05648652 0.07513157
v 0.47760406 1.11427349 0.11101672
v 0.48346879 1.18900874 0.12302766
v 0.50279393 1.26016467 0.11000132
v 0.51963999 1.31681304 0.07384558
v 0.53067039 1.34773392 0.02172153
v 0.53370043 1.34680308 -0.03604701
v 0.52812997 1.31420486 -0.08801829
v 0.51506232 1.25639575 -0.12389874
v 0.49708567 1.18482555 -0.13658182
v 0.47776053 1.11366962 -0.12355547
v 0.46091447 1.05702126 -0.08739973
v 0.44988407 1.02610037 -0.03527569
v 0.44685403 1.02703122 0.02249286
v 0.45242449 1.05962944 0.07446413
v 0.46549214 1.11743854 0.11034459
v 0.47138388 1.19216425 0.12232879
v 0.49071398 1.26331889 0.10930274
v 0.50761837 1.31995202 0.07315037
v 0.51874894 1.35084676 0.02103211
v 0.52190113 1.34988403 -0.03672937
v 0.51645061 1.31725450 -0.08869372
v 0.50347694 1.25942086 -0.12456874
v 0.48554969 1.18783776 -0.13724896
v 0.46621959 1.11668312 -0.12422290
v 0.44931520 1.06004999 -0.08807053
v 0.43818464 1.02915525 -0.03595228
v 0.43503245 1.03011799 0.02180921
v 0.44048296 1.06274751 0.07377355
v 0.45345664 1.12058115 0.10964858
v 0.45935808 1.19529864 0.12160708
v 0.47867345 1.26645711 0.10858014
v 0.49561682 1.32308009 0.07243011
v 0.50683233 1.35395269 0.02031695
v 0.51009862 1.35296023 -0.03743769
v 0.50476876 1.32029926 -0.08939480
v 0.49189839 1.26243870 -0.12526363
v 0.47403666 1.19083854 -0.13793992
v 0.45472128 1.11968006 -0.12491298
v 0.43777792 1.06305709 -0.08876295
v 0.42656241 1.03218448 -0.03664979
v 0.42329612 1.03317695 0.02110486
v 0.42862598 1.06583791 0.07306196
v 0.44149634 1.12369847 0.10893079
v 0.44739003 1.19840909 0.12086456
v 0.46667079 1.26957656 0.10783547
v 0.48363355 1.32619450 0.07168664
v 0.49491862 1.35704903 0.01957779
v 0.49829087 1.35602903 -0.03817028
v 0.49308237 1.32333653 -0.09011986
v 0.48032473 1.26544668 -0.12598170
v 0.46254476 1.19382527 -0.13865292
v 0.44326400 1.12265780 -0.12562383
v 0.42630124 1.06603986 -0.08947501
v 0.41501616 1.03518533 -0.03736616
v 0.41164392 1.03620533 0.02038191
v 0.41685242 1.06889783 0.07233150
v 0.42961006 1.12678768 0.10819334
v 0.43547837 1.20149280 0.12010324
v 0.45470442 1.27267443 0.10707065
v 0.47166679 1.32929247 0.07092180
v 0.48300588 1.36013302 0.01881640
v 0.48647584 1.35908774 -0.03892543
v 0.48138939 1.32636365 -0.09086721
v 0.46875398 1.26844216 -0.12672125
v 0.45107220 1.19679534 -0.13938620
v 0.43184615 1.12561371 -0.12635361
v 0.41488377 1.06899567 -0.09020476
v 0.40354469 1.03815512 -0.03809936
v 0.40007473 1.03920041 0.01964247
v 0.40516118 1.07192450 0.07158425
v 0.41779659 1.12984598 0.10743829
v 0.42362174 1.20454700 0.11932514
v 0.44277279 1.27574794 0.10628764
v 0.45971479 1.33237122 0.07013745
v 0.47109217 1.36320191 0.01803456
v 0.47465149 1.36213361 -0.03970141
v 0.46968779 1.32937792 -0.09163515
v 0.45718420 1.27142248 -0.12748053
v 0.43961719 1.19974610 -0.14013796
v 0.42046614 1.12854516 -0.12710045
v 0.40352414 1.07192188 -0.09095026
v 0.39214676 1.04109119 -0.03884738
v 0.38858744 1.04215948 0.01888859
v 0.39355114 1.07491518 0.07082233
v 0.40605474 1.13287062 0.10666772
v 0.41181879 1.20756889 0.11853227
v 0.43087434 1.27879428 0.10548836
v 0.44777577 1.33542795 0.06933544
v 0.45917555 1.36625290 0.01723406
v 0.46281580 1.36516389 -0.04049648
v 0.45797553 1.33237660 -0.09242193
v 0.44561342 1.27438495 -0.12825782
v 0.42817793 1.20267491 -0.14090641
v 0.40912237 1.13144952 -0.12786250
v 0.39222094 1.07481585 -0.09170958
v 0.38082117 1.04399090 -0.03960820
v 0.37718091 1.04507991 0.01812234
v 0.38202118 1.07786720 0.07004779
v 0.39438330 1.13585885 0.10588368
v 0.40006815 1.21055574 0.11772663
v 0.41900751 1.28181065 0.10467475
v 0.43584798 1.33845981 0.06851766
v 0.44725409 1.36928316 0.01641671
v 0.45096673 1.36817575 -0.04130886
v 0.44625057 1.33535692 -0.09322581
v 0.43403969 1.27732684 -0.12905134
v 0.41675261 1.20557909 -0.14168976
v 0.39781326 1.13432417 -0.12863789
v 0.38097279 1.07767501 -0.09248080
v 0.36956667 1.04685166 -0.04037985
v 0.36585403 1.04795907 0.01734573
v 0.37057020 1.08077790 0.06926268
v 0.38278107 1.13880798 0.10508820
v 0.38836847 1.21350480 0.11691020
v 0.40717074 1.28479426 0.10384877
v 0.42392964 1.34146397 0.06768599
v 0.43532587 1.37228981 0.01558435
v 0.43910227 1.37116634 -0.04213678
v 0.43451087 1.33831606 -0.09404502
v 0.42246106 1.28024540 -0.12985932
v 0.40533946 1.20845594 -0.14248620
v 0.38653719 1.13716648 -0.12942477
v 0.36977829 1.08049677 -0.09326199
v 0.35838206 1.04967093 -0.04116035
v 0.35460566 1.05079441 0.01656078
v 0.35919706 1.08364468 0.06846902
v 0.37124686 1.14171534 0.10428332
v 0.37671839 1.21641335 0.11608498
v 0.39536247 1.28774230 0.10301235
v 0.41201900 1.34443756 0.06684232
v 0.42338895 1.37526996 0.01473882
v 0.42722038 1.37413275 -0.04297841
v 0.42275441 1.34125117 -0.09487778
v 0.41087558 1.28313783 -0.13067997
v 0.39393665 1.21130278 -0.14329392
v 0.37529258 1.13997384 -0.13022128
v 0.35863605 1.08327857 -0.09405126
v 0.34726609 1.05244617 -0.04194776
v 0.34343467 1.05358338 0.01576947
v 0.34790064 1.08646496 0.06766884
v 0.35977946 1.14457830 0.10347103
v 0.36511655 1.21927870 0.11525293
v 0.38358114 1.29065196 0.10216743
v 0.40011430 1.34737768 0.06598857
v 0.41144142 1.37822065 0.01388200
v 0.41531904 1.37707204 -0.04383193
v 0.41097914 1.34415934 -0.09572226
v 0.39928130 1.28600131 -0.13151147
v 0.38254241 1.21411687 -0.14411109
v 0.36407782 1.14274361 -0.13102559
v 0.34754466 1.08601788 -0.09484672
v 0.33621754 1.05517491 -0.04274015
v 0.33233992 1.05632353 0.01497377
v 0.33667982 1.08923623 0.06686410
v 0.34837766 1.14739426 0.10265332
v 0.35356159 1.22209815 0.11441602
v 0.37182522 1.29352043 0.10131598
v 0.38821380 1.35028143 0.06512665
v 0.39948137 1.38113893 0.01301577
v 0.40339625 1.37998122 -0.04469546
v 0.39918306 1.34703761 -0.09657662
v 0.38767627 1.28883298 -0.13235201
v 0.37115493 1.21689547 -0.14493587
v 0.35289131 1.14547319 -0.13183583
v 0.33650273 1.08871219 -0.09564649
v 0.32523516 1.05785469 -0.04353561
v 0.32132027 1.05901240 0.01417561
v 0.32553346 1.09195601 0.06605677
v 0.33704026 1.15016064 0.10183216
v 0.34205216 1.22486905 0.11357621
v 0.36009314 1.29634492 0.10045993
v 0.37631574 1.35314586 0.06425849
v 0.38750688 1.38402175 0.01214204
v 0.39145001 1.38285725 -0.04556713
v 0.38736415 1.34988299 -0.09743900
v 0.37605855 1.29162994 -0.13319972
v 0.35977242 1.21963582 -0.14576643
v 0.34173144 1.14815995 -0.13265015
v 0.32550884 1.09135901 -0.09644871
v 0.31431770 1.06048311 -0.04433226
v 0.31037457 1.06164762 0.01337691
v 0.31446043 1.09462188 0.06524878
v 0.32576603 1.15287493 0.10100950
v 0.33058688 1.22758875 0.11273543
v 0.34838335 1.29912260 0.09960123
v 0.36441839 1.35596802 0.06338605
v 0.37551605 1.38686608 0.01126274
v 0.37947831 1.38569704 -0.04644502
v 0.37552039 1.35269245 -0.09830752
v 0.36442620 1.29438926 -0.13405274
v 0.34839309 1.22233514 -0.14660091
v 0.33059661 1.15080129 -0.13346671
v 0.31456157 1.09395587 -0.09725153
v 0.30346391 1.06305780 -0.04512822
v 0.29950165 1.06422684 0.01257954
v 0.30345958 1.09723144 0.06444204
v 0.31455376 1.15553463 0.10018726
v 0.31916439 1.23025463 0.11189562
v 0.33669433 1.30185066 0.09874184
v 0.35252002 1.35874493 0.06251127
v 0.36350701 1.38966881 0.01037984
v 0.36747918 1.38849746 -0.04732720
v 0.36364979 1.35546287 -0.09918025
v 0.35277730 1.29710796 -0.13490918
v 0.33701514 1.22499062 -0.14743744
v 0.31948520 1.15339458 -0.13428366
v 0.30365950 1.09650032 -0.09805309
v 0.29267252 1.06557644 -0.04592166
v 0.28870035 1.06674779 0.01178538
v 0.29252974 1.09978237 0.06363843
v 0.30340223 1.15813729 0.09936736
v 0.30778333 1.23286408 0.11105871
v 0.32502451 1.30452630 0.09788370
v 0.34061891 1.36147358 0.06163614
v 0.35147788 1.39242681 0.00949530
v 0.35545064 1.39125532 -0.04821170
v 0.35175036 1.35819114 -0.10005526
v 0.34110992 1.29978304 -0.13576714
v 0.32563679 1.22759945 -0.14827416
v 0.30839560 1.15593723 -0.13509915
v 0.29280120 1.09898995 -0.09885159
v 0.28194224 1.06803672 -0.04671075
v 0.27796947 1.06920821 0.01099625
v 0.28166975 1.10227239 0.06283981
v 0.29231019 1.16068049 0.09855169
v 0.29644232 1.23541452 0.11022660
v 0.31337237 1.30714669 0.09702878
v 0.32871335 1.36415094 0.06076263
v 0.33942679 1.39513689 0.00861112
v 0.34339076 1.39396738 -0.04909652
v 0.33982015 1.36087404 -0.10093057
v 0.32942216 1.30241143 -0.13662468
v 0.31425624 1.23015878 -0.14910917
v 0.29732619 1.15842661 -0.13591135
v 0.28198521 1.10142236 -0.09964520
v 0.27127178 1.07043641 -0.04749369
v 0.26730780 1.07160592 0.01021395
v 0.27087842 1.10469926 0.06204801
v 0.28127640 1.16316187 0.09774211
v 0.28514000 1.23790339 0.10940119
v 0.30173638 1.30970902 0.09617902
v 0.31680164 1.36677397 0.05989275
v 0.32735192 1.39779583 0.00772933
v 0.33129760 1.39663034 -0.04997965
v 0.32785720 1.36350835 -0.10180420
v 0.31771212 1.30499006 -0.13747984
v 0.30287173 1.23266575 -0.14994057
v 0.28627535 1.16086012 -0.13671840
v 0.27121009 1.10379517 -0.10043213
v 0.26065981 1.07277331 -0.04826871
v 0.25671413 1.07393880 0.00944027
v 0.26015453 1.10706079 0.06126482
v 0.27029961 1.16557908 0.09694046
v 0.27387497 1.24032816 0.10858438
v 0.29011500 1.31221046 0.09533638
v 0.30488209 1.36933957 0.05902851
v 0.31525143 1.40040037 0.00685197
v 0.31916925 1.39924088 -0.05085902
v 0.31585957 1.36609075 -0.10267410
v 0.30597792 1.30751578 -0.13833065
v 0.29148148 1.23511746 -0.15076646
v 0.27524144 1.16323516 -0.13751847
v 0.26047436 1.10610605 -0.10121059
v 0.25010502 1.07504526 -0.04903406
v 0.24618720 1.07620475 0.00867694
v 0.24949688 1.10935487 0.06049201
v 0.25937853 1.16792984 0.09614857
v 0.26264585 1.24268631 0.10777803
v 0.27850672 1.31464821 0.09450282
v 0.29295305 1.37184466 0.05817193
v 0.30312355 1.40294720 0.00598112
v 0.30700384 1.40179558 -0.05173256
v 0.30382538 1.36861791 -0.10353822
v 0.29421770 1.30998543 -0.13917512
v 0.28008372 1.23751101 -0.15158491
v 0.26422284 1.16554911 -0.13830971
v 0.24977652 1.10835267 -0.10197881
v 0.23960602 1.07725013 -0.04978801
v 0.23572573 1.07840174 0.00792568
v 0.23890419 1.11157941 0.05973134
v 0.24851187 1.17021189 0.09536823
v 0.25145125 1.24497535 0.10698401
v 0.26691002 1.31701944 0.09368030
v 0.28101285 1.37428610 0.05732506
v 0.29096650 1.40543296 0.00511888
v 0.29479952 1.40429101 -0.05259815
v 0.29175274 1.37108642 -0.10439448
v 0.28242961 1.31239578 -0.14001120
v 0.26867669 1.23984347 -0.15239399
v 0.25321791 1.16779938 -0.13909028
v 0.23911508 1.11053272 -0.10273504
v 0.22916143 1.07938586 -0.05052887
v 0.22532841 1.08052781 0.00718817
v 0.22837519 1.11373239 0.05898450
v 0.23769832 1.17242304 0.09460122
v 0.24028974 1.24719280 0.10620416
v 0.25532339 1.31932132 0.09287077
v 0.26905988 1.37666073 0.05648995
v 0.27877855 1.40785427 0.00426737
v 0.28255449 1.40672365 -0.05345365
v 0.27963982 1.37349283 -0.10524076
v 0.27061184 1.31474356 -0.14083687
v 0.25725864 1.24211187 -0.15319175
v 0.24222500 1.16998335 -0.13985836
v 0.22848850 1.11264394 -0.10347754
v 0.21876984 1.08145041 -0.05125495
v 0.21499390 1.08258102 0.00646607
v 0.21790857 1.11581184 0.05825317
v 0.22693655 1.17456111 0.09384929
v 0.22915993 1.24933623 0.10544033
v 0.24374532 1.32155104 0.09207620
v 0.25709253 1.37896540 0.05566868
v 0.26655800 1.41020767 0.00342873
v 0.27026696 1.40908996 -0.05429688
v 0.26748481 1.37583362 -0.10607490
v 0.25876259 1.31702549 -0.14165004
v 0.24582785 1.24431324 -0.15397622
v 0.23124246 1.17209843 -0.14061209
v 0.21789524 1.11468407 -0.10420457
v 0.20842977 1.08344180 -0.05196462
v 0.20472081 1.08455952 0.00576100
v 0.20750296 1.11781585 0.05753901
v 0.21622518 1.17662398 0.09311415
v 0.21806036 1.25140321 0.10469434
v 0.23217431 1.32370578 0.09129854
v 0.24510923 1.38119689 0.05486333
v 0.25430319 1.41248971 0.00260514
v 0.25793522 1.41138631 -0.05512564
v 0.25528596 1.37810523 -0.10689473
v 0.24688012 1.31923821 -0.14244862
v 0.23438257 1.24644458 -0.15474544
v 0.22026863 1.17414200 -0.14134964
v 0.20733371 1.11665090 -0.10491443
v 0.19813975 1.08535808 -0.05265624
v 0.19450772 1.08646148 0.00507454
v 0.19715698 1.11974255 0.05684363
v 0.20556282 1.17860957 0.09239752
v 0.20698960 1.25339134 0.10396799
v 0.22060888 1.32578272 0.09053976
v 0.23310841 1.38335198 0.05407600
v 0.24201250 1.41469683 0.00179881
v 0.24555760 1.41360904 -0.05593767
v 0.24304154 1.38030406 -0.10769803
v 0.23496268 1.32137834 -0.14323048
v 0.22292112 1.24850285 -0.15549740
v 0.20930185 1.17611147 -0.14206917
v 0.19680232 1.11854221 -0.10560541
v 0.18789822 1.08719736 -0.05332823
v 0.18435313 1.08828515 0.00440826
v 0.18686918 1.12159014 0.05616861
v 0.19494805 1.18051585 0.09170107
v 0.19594618 1.25529826 0.10326308
v 0.20904754 1.32777903 0.08980181
v 0.22108856 1.38542743 0.05330881
v 0.22968437 1.41682550 0.00101195
v 0.23313246 1.41575445 -0.05673071
v 0.23074991 1.38242642 -0.10848255
v 0.22300860 1.32344244 -0.14399348
v 0.21144179 1.25048500 -0.15623012
v 0.19834044 1.17800423 -0.14276885
v 0.18629942 1.12035583 -0.10627585
v 0.17770361 1.08895776 -0.05397900
v 0.17425552 1.09002881 0.00376367
v 0.17663807 1.12335684 0.05551551
v 0.18437938 1.18234082 0.09102644
v 0.18492862 1.25712160 0.10258139
v 0.19748881 1.32969190 0.08908666
v 0.20904819 1.38741998 0.05256388
v 0.21731727 1.41887209 0.00024683
v 0.22065827 1.41781875 -0.05750246
v 0.21840945 1.38446860 -0.10924604
v 0.21101623 1.32542704 -0.14473544
v 0.19994292 1.25238797 -0.15694157
v 0.18738273 1.17981767 -0.14344684
v 0.17582336 1.12208960 -0.10692406
v 0.16755427 1.09063748 -0.05460701
v 0.16421328 1.09169082 0.00314228
v 0.16646209 1.12504097 0.05488586
v 0.17385531 1.18408253 0.09037526
v 0.17393540 1.25885905 0.10192468
v 0.18593123 1.33151850 0.08839627
v 0.19698585 1.38932632 0.05184336
v 0.20490975 1.42083296 -0.00049430
v 0.20813352 1.41979815 -0.05825059
v 0.20601863 1.38642684 -0.10998616
v 0.19898398 1.32732863 -0.14545416
v 0.18842286 1.25420864 -0.15762972
v 0.17642703 1.18154919 -0.14410130
v 0.16537241 1.12374137 -0.10754839
v 0.15744851 1.09223473 -0.05521074
v 0.15422475 1.09326955 0.00254555
v 0.15633963 1.12664086 0.05428113
v 0.16337428 1.18573907 0.08974913
v 0.16296500 1.26050830 0.10129472
v 0.17437334 1.33325602 0.08773260
v 0.18490013 1.39114316 0.05114940
v 0.19246042 1.42270444 -0.00120912
v 0.19555680 1.42168877 -0.05897271
v 0.19357598 1.38829731 -0.11070060
v 0.18691031 1.32914366 -0.14614743
v 0.17687998 1.25594391 -0.15829253
v 0.16547165 1.18319618 -0.14473040
v 0.15494485 1.12530905 -0.10814721
v 0.14738456 1.09374777 -0.05578869
v 0.14428819 1.09476344 0.00197491
v 0.14626900 1.12815490 0.05370280
v 0.15293468 1.18730855 0.08914963
v 0.15201585 1.26206705 0.10069324
v 0.16281368 1.33490166 0.08709761
v 0.17278966 1.39286717 0.05048418
v 0.17996794 1.42448280 -0.00189531
v 0.18292676 1.42348671 -0.05966645
v 0.18108010 1.39007616 -0.11138697
v 0.17479372 1.33086854 -0.14681299
v 0.16531269 1.25759063 -0.15892793
v 0.15451487 1.18475603 -0.14533230
v 0.14453889 1.12679052 -0.10871887
v 0.13736061 1.09517488 -0.05633938
v 0.13440179 1.09617098 0.00143176
v 0.13624844 1.12958152 0.05315228
v 0.14253483 1.18878915 0.08857830
v 0.14108638 1.26353306 0.10012197
v 0.15125081 1.33645258 0.08649326
v 0.16065311 1.39449500 0.04984987
v 0.16743105 1.42616431 -0.00255052
v 0.17024216 1.42518802 -0.06032938
v 0.16852968 1.39175948 -0.11204290
v 0.16263278 1.33249964 -0.14744857
v 0.15371942 1.25914563 -0.15953387
v 0.14355499 1.18622611 -0.14590516
v 0.13415269 1.12818369 -0.10926177
v 0.12737475 1.09651438 -0.05686138
v 0.12456364 1.09749068 0.00091748
v 0.12627612 1.13091921 0.05263100
v 0.13217302 1.19017905 0.08803667
v 0.13017496 1.26490409 0.09958262
v 0.13968330 1.33790600 0.08592151
v 0.14848921 1.39602331 0.04924867
v 0.15484857 1.42774519 -0.00317240
v 0.15750184 1.42678872 -0.06095905
v 0.15592349 1.39334334 -0.11266594
v 0.15042615 1.33403332 -0.14805188
v 0.14209862 1.26060574 -0.16010825
v 0.13259029 1.18760383 -0.14644714
v 0.12378438 1.12948651 -0.10977430
v 0.11742502 1.09776463 -0.05735324
v 0.11477175 1.09872111 0.00043342
v 0.11635010 1.13216649 0.05214031
v 0.12184744 1.19147650 0.08752625
v 0.11927995 1.26617789 0.09907689
v 0.12810972 1.33925909 0.08538431
v 0.13629672 1.39744873 0.04868277
v 0.14221940 1.42922163 -0.00375854
v 0.14470471 1.42828479 -0.06155299
v 0.14326039 1.39482374 -0.11325366
v 0.13817252 1.33546588 -0.14862061
v 0.13044881 1.26196774 -0.16064899
v 0.12161903 1.18888654 -0.14695641
v 0.11343203 1.13069691 -0.11025487
v 0.10750935 1.09892401 -0.05781355
v 0.10502405 1.09986085 -0.00001911
v 0.10646836 1.13332189 0.05168157
v 0.11155623 1.19267976 0.08704852
v 0.10839964 1.26735228 0.09860647
v 0.11652866 1.34050908 0.08488363
v 0.12407447 1.39876788 0.04815440
v 0.12954252 1.43058982 -0.00430655
v 0.13184981 1.42967217 -0.06210869
v 0.13053935 1.39619670 -0.11380358
v 0.12587068 1.33679361 -0.14915243
v 0.11876850 1.26322843 -0.16115395
v 0.11063948 1.19007164 -0.14743111
v 0.10309367 1.13181284 -0.11070188
v 0.09762562 1.09999090 -0.05824093
v 0.09531833 1.10090854 -0.00043879
v 0.09662879 1.13438402 0.05125610
v 0.10129746 1.19378710 0.08660495
v 0.09753232 1.26842507 0.09817305
v 0.10493870 1.34165315 0.08442141
v 0.11182133 1.39997737 0.04766576
v 0.11681701 1.43184591 -0.00481401
v 0.11893629 1.43094681 -0.06262363
v 0.11775942 1.39745816 -0.11431321
v 0.11351949 1.33801278 -0.14964497
v 0.10705628 1.26438456 -0.16162104
v 0.09964989 1.19115648 -0.14786941
v 0.09276726 1.13283226 -0.11111376
v 0.08777158 1.10096372 -0.05863399
v 0.08565230 1.10186281 -0.00082436
v 0.08682917 1.13535147 0.05086521
v 0.09106910 1.19479685 0.08619697
v 0.08667621 1.26939406 0.09777827
v 0.09333845 1.34268852 0.08399961
v 0.09953624 1.40107382 0.04721909
v 0.10404203 1.43298606 -0.00527848
v 0.10596340 1.43210461 -0.06309529
v 0.10491979 1.39860407 -0.11478002
v 0.10111790 1.33911962 -0.15009588
v 0.09531075 1.26543289 -0.16204812
v 0.08864851 1.19213844 -0.14826946
v 0.08245072 1.13375313 -0.11148893
v 0.07794493 1.10184090 -0.05899137
v 0.07602356 1.10272234 -0.00117456
v 0.07706717 1.13622288 0.05051017
v 0.08086906 1.19570733 0.08582603
v 0.07582950 1.27025711 0.09742381
v 0.08172651 1.34361240 0.08362018
v 0.08721819 1.40205385 0.04681661
v 0.09121684 1.43400640 -0.00569750
v 0.09293049 1.43314147 -0.06352109
v 0.09201973 1.39963037 -0.11520149
v 0.08866494 1.34011037 -0.15050276
v 0.08353058 1.26637015 -0.16243304
v 0.07763357 1.19301486 -0.14862941
v 0.07214189 1.13457342 -0.11182584
v 0.06814323 1.10262086 -0.05931173
v 0.06642958 1.10348579 -0.00148814
v 0.06734035 1.13699690 0.05019226
v 0.07069514 1.19651689 0.08549352
v 0.06499034 1.27101206 0.09711131
v 0.07010150 1.34442203 0.08328506
v 0.07486622 1.40291406 0.04646056
v 0.07834081 1.43490308 -0.00606864
v 0.07983707 1.43405328 -0.06389848
v 0.07905865 1.40053297 -0.11557507
v 0.07615972 1.34098125 -0.15086321
v 0.07171446 1.26719308 -0.16277367
v 0.06660330 1.19378310 -0.14894741
v 0.06183857 1.13529107 -0.11212292
v 0.05836399 1.10330205 -0.05959372
v 0.05686773 1.10415185 -0.00176387
v 0.05764615 1.13767217 0.04991272
v 0.06054508 1.19722389 0.08520086
v 0.05415681 1.27165675 0.09684242
v 0.05846204 1.34511463 0.08299619
v 0.06247946 1.40365109 0.04615318
v 0.06541340 1.43567225 -0.00638941
v 0.06668273 1.43483594 -0.06422488
v 0.06603606 1.40130779 -0.11589821
v 0.06360147 1.34172847 -0.15117484
v 0.05986115 1.26789839 -0.16306783
v 0.05555593 1.19444051 -0.14922161
v 0.05153850 1.13590406 -0.11237860
v 0.04860456 1.10388289 -0.05983600
v 0.04733523 1.10471921 -0.00200053
v 0.04798190 1.13824735 0.04967279
v 0.05041649 1.19782667 0.08494943
v 0.04332697 1.27218905 0.09661876
v 0.04680676 1.34568745 0.08275552
v 0.05005708 1.40426156 0.04589670
v 0.05243417 1.43631006 -0.00665737
v 0.05346722 1.43548534 -0.06449771
v 0.05295162 1.40195076 -0.11616833
v 0.05098949 1.34234825 -0.15143523
v 0.04796945 1.26848281 -0.16331337
v 0.04448966 1.19498441 -0.14945014
v 0.04123933 1.13641030 -0.11259132
v 0.03886224 1.10436180 -0.06003725
v 0.03782919 1.10518652 -0.00219691
v 0.03834479 1.13872110 0.04947371
v 0.04030693 1.19832361 0.08474062
v 0.03249880 1.27260680 0.09644196
v 0.03513429 1.34613773 0.08256498
v 0.03759830 1.40474213 0.04569336
v 0.03940281 1.43681268 -0.00687004
v 0.04019040 1.43599742 -0.06471437
v 0.03980509 1.40245782 -0.11638287
v 0.03832318 1.34283681 -0.15164196
v 0.03603820 1.26894306 -0.16350813
v 0.03340271 1.19541214 -0.14963115
v 0.03093869 1.13680774 -0.11275952
v 0.02913419 1.10473718 -0.06019613
v 0.02834660 1.10555244 -0.00235179
v 0.02873191 1.13909204 0.04931671
v 0.03021381 1.19871305 0.08457579
v 0.02167025 1.27290787 0.09631367
v 0.02344329 1.34646273 0.08242650
v 0.02510244 1.40508946 0.04554538
v 0.02631908 1.43717632 -0.00702496
v 0.02685226 1.43636812 -0.06487230
v 0.02659636 1.40282493 -0.11653927
v 0.02560207 1.34319039 -0.15179260
v 0.02406631 1.26927585 -0.16364992
v 0.02229328 1.19572100 -0.14976276
v 0.02063413 1.13709427 -0.11288163
v 0.01941748 1.10500741 -0.06031130
v 0.01888430 1.10581561 -0.00246396
v 0.01914020 1.13935880 0.04920302
v 0.02013450 1.19899334 0.08445634
v 0.01083921 1.27309011 0.09623549
v 0.01173238 1.34665971 0.08234201
v 0.01256883 1.40530024 0.04545498
v 0.01318288 1.43739720 -0.00711968
v 0.01345291 1.43659342 -0.06496891
v 0.01332545 1.40304807 -0.11663496
v 0.01282573 1.34340524 -0.15188473
v 0.01205274 1.26947791 -0.16373658
v 0.01115957 1.19590831 -0.14984311
v 0.01032312 1.13726778 -0.11295608
v 0.00970907 1.10517082 -0.06038142
v 0.00943903 1.10597460 -0.00253219
v 0.00956650 1.13951995 0.04913386
v 0.01006621 1.19916278 0.08438364
v -0.00000000 1.27315135 0.09620906
v 0.00000000 1.34672597 0.08231343
v 0.00000000 1.40537119 0.04542438
v 0.00000000 1.43747161 -0.00715176
v 0.00000000 1.43666934 -0.06500164
v 0.00000000 1.40312328 -0.11666738
v 0.00000000 1.34347764 -0.15191596
v 0.00000000 1.26954597 -0.16376594
v -0.00000000 1.19597135 -0.14987031
v -0.00000000 1.13732613 -0.11298126
v -0.00000000 1.10522572 -0.06040512
v -0.00000000 1.10602799 -0.00255524
v -0.00000000 1.13957405 0.04911050
v -0.00000000 1.19921969 0.08435907
v -0.01083921 1.27309011 0.09623549
v -0.01173238 1.34665971 0.08234201
v -0.01256883 1.40530024 0.04545498
v -0.01318288 1.43739720 -0.00711968
v -0.01345291 1.43659342 -0.06496891
v -0.01332545 1.40304807 -0.11663496
v -0.01282573 1.34340524 -0.15188473
v -0.01205274 1.26947791 -0.16373658
v -0.01115957 1.19590831 -0.14984311
v -0.01032312 1.13726778 -0.11295608
v -0.00970907 1.10517082 -0.06038142
v -0.00943903 1.10597460 -0.00253219
v -0.00956650 1.13951995 0.04913386
v -0.01006621 1.19916278 0.08438364
v -0.02167025 1.27290787 0.09631367
v -0.02344329 1.34646273 0.08242650
v -0.02510244 1.40508946 0.04554538
v -0.02631908 1.43717632 -0.00702496
v -0.02685226 1.43636812 -0.06487230
v -0.02659636 1.40282493 -0.11653927
v -0.02560207 1.34319039 -0.15179260
v -0.02406631 1.26927585 -0.16364992
v -0.02229328 1.19572100 -0.14976276
v -0.02063413 1.13709427 -0.11288163
v -0.01941748 1.10500741 -0.06031130
v -0.01888430 1.10581561 -0.00246396
v -0.01914020 1.13935880 0.04920302
v -0.02013450 1.19899334 0.08445634
v -0.03249880 1.27260680 0.09644196
v -0.03513429 1.34613773 0.08256498
v -0.03759830 1.40474213 0.04569336
v -0.03940281 1.43681268 -0.00687004
v -0.04019040 1.43599742 -0.06471437
v -0.03980509 1.40245782 -0.11638287
v -0.03832318 1.34283681 -0.15164196
v -0.03603820 1.26894306 -0.16350813
v -0.03340271 1.19541214 -0.14963115
v -0.03093869 1.13680774 -0.11275952
v -0.02913419 1.10473718 -0.06019613
v -0.02834660 1.10555244 -0.00235179
v -0.02873191 1.13909204 0.04931671
v -0.03021381 1.19871305 0.08457579
v -0.04332697 1.27218905 0.09661876
v -0.04680676 1.34568745 0.08275552
v -0.05005708 1.40426156 0.04589670
v -0.05243417 1.43631006 -0.00665737
v -0.05346722 1.43548534 -0.06449771
v -0.05295162 1.40195076 -0.11616833
v -0.05098949 1.34234825 -0.15143523
v -0.04796945 1.26848281 -0.16331337
v -0.04448966 1.19498441 -0.14945014
v -0.04123933 1.13641030 -0.11259132
v -0.03886224 1.10436180 -0.06003725
v -0.03782919 1.10518652 -0.00219691
v -0.03834479 1.13872110 0.04947371
v -0.04030693 1.19832361 0.08474062
v -0.05415681 1.27165675 0.09684242
v -0.05846204 1.34511463 0.08299619
v -0.06247946 1.40365109 0.04615318
v -0.06541340 1.43567225 -0.00638941
v -0.06668273 1.43483594 -0.06422488
v -0.06603606 1.40130779 -0.11589821
v -0.06360147 1.34172847 -0.15117484
v -0.05986115 1.26789839 -0.16306783
v -0.05555593 1.19444051 -0.14922161
v -0.05153850 1.13590406 -0.11237860
v -0.04860456 1.10388289 -0.05983600
v -0.04733523 1.10471921 -0.00200053
v -0.04798190 1.13824735 0.04967279
v -0.05041649 1.19782667 0.08494943
v -0.06499034 1.27101206 0.09711131
v -0.07010150 1.34442203 0.08328506
v -0.07486622 1.40291406 0.04646056
v -0.07834081 1.43490308 -0.00606864
v -0.07983707 1.43405328 -0.06389848
v -0.07905865 1.40053297 -0.11557507
v -0.07615972 1.34098125 -0.15086321
v -0.07171446 1.26719308 -0.16277367
v -0.06660330 1.19378310 -0.14894741
v -0.06183857 1.13529107 -0.11212292
v -0.05836399 1.10330205 -0.05959372
v -0.05686773 1.10415185 -0.00176387
v -0.05764615 1.13767217 0.04991272
v -0.06054508 1.19722389 0.08520086
v -0.07582950 1.27025711 0.09742381
v -0.08172651 1.34361240 0.08362018
v -0.08721819 1.40205385 0.04681661
v -0.09121684 1.43400640 -0.00569750
v -0.09293049 1.43314147 -0.06352109
v -0.09201973 1.39963037 -0.11520149
v -0.08866494 1.34011037 -0.15050276
v -0.08353058 1.26637015 -0.16243304
v -0.07763357 1.19301486 -0.14862941
v -0.07214189 1.13457342 -0.11182584
v -0.06814323 1.10262086 -0.05931173
v -0.06642958 1.10348579 -0.00148814
v -0.06734035 1.13699690 0.05019226
v -0.07069514 1.19651689 0.08549352
v -0.08667621 1.26939406 0.09777827
v -0.09333845 1.34268852 0.08399961
v -0.09953624 1.40107382 0.04721909
v -0.10404203 1.43298606 -0.00527848
v -0.10596340 1.43210461 -0.06309529
v -0.10491979 1.39860407 -0.11478002
v -0.10111790 1.33911962 -0.15009588
v -0.09531075 1.26543289 -0.16204812
v -0.08864851 1.19213844 -0.14826946
v -0.08245072 1.13375313 -0.11148893
v -0.07794493 1.10184090 -0.05899137
v -0.07602356 1.10272234 -0.00117456
v -0.07706717 1.13622288 0.05051017
v -0.08086906 1.19570733 0.08582603
v -0.09753232 1.26842507 0.09817305
v -0.10493870 1.34165315 0.08442141
v -0.11182133 1.39997737 0.04766576
v -0.11681701 1.43184591 -0.00481401
v -0.11893629 1.43094681 -0.06262363
v -0.11775942 1.39745816 -0.11431321
v -0.11351949 1.33801278 -0.14964497
v -0.10705628 1.26438456 -0.16162104
v -0.09964989 1.19115648 -0.14786941
v -0.09276726 1.13283226 -0.11111376
v -0.08777158 1.10096372 -0.05863399
v -0.08565230 1.10186281 -0.00082436
v -0.08682917 1.13535147 0.05086521
v -0.09106910 1.19479685 0.08619697
v -0.10839964 1.26735228 0.09860647
v -0.11652866 1.34050908 0.08488363
v -0.12407447 1.39876788 0.04815440
v -0.12954252 1.43058982 -0.00430655
v -0.13184981 1.42967217 -0.06210869
v -0.13053935 1.39619670 -0.11380358
v -0.12587068 1.33679361 -0.14915243
v -0.11876850 1.26322843 -0.16115395
v -0.11063948 1.19007164 -0.14743111
v -0.10309367 1.13181284 -0.11070188
v -0.09762562 1.09999090 -0.05824093
v -0.09531833 1.10090854 -0.00043879
v -0.09662879 1.13438402 0.05125610
v -0.10129746 1.19378710 0.08660495
v -0.11927995 1.26617789 0.09907689
v -0.12810972 1.33925909 0.08538431
v -0.13629672 1.39744873 0.04868277
v -0.14221940 1.42922163 -0.00375854
v -0.14470471 1.42828479 -0.06155299
v -0.14326039 1.39482374 -0.11325366
v -0.13817252 1.33546588 -0.14862061
v -0.13044881 1.26196774 -0.16064899
v -0.12161903 1.18888654 -0.14695641
v -0.11343203 1.13069691 -0.11025487
v -0.10750935 1.09892401 -0.05781355
v -0.10502405 1.09986085 -0.00001911
v -0.10646836 1.13332189 0.05168157
v -0.11155623 1.19267976 0.08704852
v -0.13017496 1.26490409 0.09958262
v -0.13968330 1.33790600 0.08592151
v -0.14848921 1.39602331 0.04924867
v -0.15484857 1.42774519 -0.00317240
v -0.15750184 1.42678872 -0.06095905
v -0.15592349 1.39334334 -0.11266594
v -0.15042615 1.33403332 -0.14805188
v -0.14209862 1.26060574 -0.16010825
v -0.13259029 1.18760383 -0.14644714
v -0.12378438 1.12948651 -0.10977430
v -0.11742502 1.09776463 -0.05735324
v -0.11477175 1.09872111 0.00043342
v -0.11635010 1.13216649 0.05214031
v -0.12184744 1.19147650 0.08752625
v -0.14108638 1.26353306 0.10012197
v -0.15125081 1.33645258 0.08649326
v -0.16065311 1.39449500 0.04984987
v -0.16743105 1.42616431 -0.00255052
v -0.17024216 1.42518802 -0.06032938
v -0.16852968 1.39175948 -0.11204290
v -0.16263278 1.33249964 -0.14744857
v -0.15371942 1.25914563 -0.15953387
v -0.14355499 1.18622611 -0.14590516
v -0.13415269 1.12818369 -0.10926177
v -0.12737475 1.09651438 -0.05686138
v -0.12456364 1.09749068 0.00091748
v -0.12627612 1.13091921 0.05263100
v -0.13217302 1.19017905 0.08803667
v -0.15201585 1.26206705 0.10069324
v -0.16281368 1.33490166 0.08709761
v -0.17278966 1.39286717 0.05048418
v -0.17996794 1.42448280 -0.00189531
v -0.18292676 1.42348671 -0.05966645
v -0.18108010 1.39007616 -0.11138697
v -0.17479372 1.33086854 -0.14681299
v -0.16531269 1.25759063 -0.15892793
v -0.15451487 1.18475603 -0.14533230
v -0.14453889 1.12679052 -0.10871887
v -0.13736061 1.09517488 -0.05633938
v -0.13440179 1.09617098 0.00143176
v -0.13624844 1.12958152 0.05315228
v -0.14253483 1.18878915 0.08857830
v -0.16296500 1.26050830 0.10129472
v -0.17437334 1.33325602 0.08773260
v -0.18490013 1.39114316 0.05114940
v -0.19246042 1.42270444 -0.00120912
v -0.19555680 1.42168877 -0.05897271
v -0.19357598 1.38829731 -0.11070060
v -0.18691031 1.32914366 -0.14614743
v -0.17687998 1.25594391 -0.15829253
v -0.16547165 1.18319618 -0.14473040
v -0.15494485 1.12530905 -0.10814721
v -0.14738456 1.09374777 -0.05578869
v -0.14428819 1.09476344 0.00197491
v -0.14626900 1.12815490 0.05370280
v -0.15293468 1.18730855 0.08914963
v -0.17393540 1.25885905 0.10192468
v -0.18593123 1.33151850 0.08839627
v -0.19698585 1.38932632 0.05184336
v -0.20490975 1.42083296 -0.00049430
v -0.20813352 1.41979815 -0.05825059
v -0.20601863 1.38642684 -0.10998616
v -0.19898398 1.32732863 -0.14545416
v -0.18842286 1.25420864 -0.15762972
v -0.17642703 1.18154919 -0.14410130
v -0.16537241 1.12374137 -0.10754839
v -0.15744851 1.09223473 -0.05521074
v -0.15422475 1.09326955 0.00254555
v -0.15633963 1.12664086 0.05428113
v -0.16337428 1.18573907 0.08974913
v -0.18492862 1.25712160 0.10258139
v -0.19748881 1.32969190 0.08908666
v -0.20904819 1.38741998 0.05256388
v -0.21731727 1.41887209 0.00024683
v -0.22065827 1.41781875 -0.05750246
v -0.21840945 1.38446860 -0.10924604
v -0.21101623 1.32542704 -0.14473544
v -0.19994292 1.25238797 -0.15694157
v -0.18738273 1.17981767 -0.14344684
v -0.17582336 1.12208960 -0.10692406
v -0.16755427 1.09063748 -0.05460701
v -0.16421328 1.09169082 0.00314228
v -0.16646209 1.12504097 0.05488586
v -0.17385531 1.18408253 0.09037526
v -0.19594618 1.25529826 0.10326308
v -0.20904754 1.32777903 0.08980181
v -0.22108856 1.38542743 0.05330881
v -0.22968437 1.41682550 0.00101195
v -0.23313246 1.41575445 -0.05673071
v -0.23074991 1.38242642 -0.10848255
v -0.22300860 1.32344244 -0.14399348
v -0.21144179 1.25048500 -0.15623012
v -0.19834044 1.17800423 -0.14276885
v -0.18629942 1.12035583 -0.10627585
v -0.17770361 1.08895776 -0.05397900
v -0.17425552 1.09002881 0.00376367
v -0.17663807 1.12335684 0.05551551
v -0.18437938 1.18234082 0.09102644
v -0.20698960 1.25339134 0.10396799
v -0.22060888 1.32578272 0.09053976
v -0.23310841 1.38335198 0.05407600
v -0.24201250 1.41469683 0.00179881
v -0.24555760 1.41360904 -0.05593767
v -0.24304154 1.38030406 -0.10769803
v -0.23496268 1.32137834 -0.14323048
v -0.22292112 1.24850285 -0.15549740
v -0.20930185 1.17611147 -0.14206917
v -0.19680232 1.11854221 -0.10560541
v -0.18789822 1.08719736 -0.05332823
v -0.18435313 1.08828515 0.00440826
v -0.18686918 1.12159014 0.05616861
v -0.19494805 1.18051585 0.09170107
v -0.21806036 1.25140321 0.10469434
v -0.23217431 1.32370578 0.09129854
v -0.24510923 1.38119689 0.05486333
v -0.25430319 1.41248971 0.00260514
v -0.25793522 1.41138631 -0.05512564
v -0.25528596 1.37810523 -0.10689473
v -0.24688012 1.31923821 -0.14244862
v -0.23438257 1.24644458 -0.15474544
v -0.22026863 1.17414200 -0.14134964
v -0.20733371 1.11665090 -0.10491443
v -0.19813975 1.08535808 -0.05265624
v -0.19450772 1.08646148 0.00507454
v -0.19715698 1.11974255 0.05684363
v -0.20556282 1.17860957 0.09239752
v -0.22915993 1.24933623 0.10544033
v -0.24374532 1.32155104 0.09207620
v -0.25709253 1.37896540 0.05566868
v -0.26655800 1.41020767 0.00342873
v -0.27026696 1.40908996 -0.05429688
v -0.26748481 1.37583362 -0.10607490
v -0.25876259 1.31702549 -0.14165004
v -0.24582785 1.24431324 -0.15397622
v -0.23124246 1.17209843 -0.14061209
v -0.21789524 1.11468407 -0.10420457
v -0.20842977 1.08344180 -0.05196462
v -0.20472081 1.08455952 0.00576100
v -0.20750296 1.11781585 0.05753901
v -0.21622518 1.17662398 0.09311415
v -0.24028974 1.24719280 0.10620416
v -0.25532339 1.31932132 0.09287077
v -0.26905988 1.37666073 0.05648995
v -0.27877855 1.40785427 0.00426737
v -0.28255449 1.40672365 -0.05345365
v -0.27963982 1.37349283 -0.10524076
v -0.27061184 1.31474356 -0.14083687
v -0.25725864 1.24211187 -0.15319175
v -0.24222500 1.16998335 -0.13985836
v -0.22848850 1.11264394 -0.10347754
v -0.21876984 1.08145041 -0.05125495
v -0.21499390 1.08258102 0.00646607
v -0.21790857 1.11581184 0.05825317
v -0.22693655 1.17456111 0.09384929
v -0.25145125 1.24497535 0.10698401
v -0.26691002 1.31701944 0.09368030
v -0.28101285 1.37428610 0.05732506
v -0.29096650 1.40543296 0.00511888
v -0.29479952 1.40429101 -0.05259815
v -0.29175274 1.37108642 -0.10439448
v -0.28242961 1.31239578 -0.14001120
v -0.26867669 1.23984347 -0.15239399
v -0.25321791 1.16779938 -0.13909028
v -0.23911508 1.11053272 -0.10273504
v -0.22916143 1.07938586 -0.05052887
v -0.22532841 1.08052781 0.00718817
v -0.22837519 1.11373239 0.05898450
v -0.23769832 1.17242304 0.09460122
v -0.26264585 1.24268631 0.10777803
v -0.27850672 1.31464821 0.09450282
v -0.29295305 1.37184466 0.05817193
v -0.30312355 1.40294720 0.00598112
v -0.30700384 1.40179558 -0.05173256
v -0.30382538 1.36861791 -0.10353822
v -0.29421770 1.30998543 -0.13917512
v -0.28008372 1.23751101 -0.15158491
v -0.26422284 1.16554911 -0.13830971
v -0.24977652 1.10835267 -0.10197881
v -0.23960602 1.07725013 -0.04978801
v -0.23572573 1.07840174 0.00792568
v -0.23890419 1.11157941 0.05973134
v -0.24851187 1.17021189 0.09536823
v -0.27387497 1.24032816 0.10858438
v -0.29011500 1.31221046 0.09533638
v -0.30488209 1.36933957 0.05902851
v -0.31525143 1.40040037 0.00685197
v -0.31916925 1.39924088 -0.05085902
v -0.31585957 1.36609075 -0.10267410
v -0.30597792 1.30751578 -0.13833065
v -0.29148148 1.23511746 -0.15076646
v -0.27524144 1.16323516 -0.13751847
v -0.26047436 1.10610605 -0.10121059
v -0.25010502 1.07504526 -0.04903406
v -0.24618720 1.07620475 0.00867694
v -0.24949688 1.10935487 0.06049201
v -0.25937853 1.16792984 0.09614857
v -0.28514000 1.23790339 0.10940119
v -0.30173638 1.30970902 0.09617902
v -0.31680164 1.36677397 0.05989275
v -0.32735192 1.39779583 0.00772933
v -0.33129760 1.39663034 -0.04997965
v -0.32785720 1.36350835 -0.10180420
v -0.31771212 1.30499006 -0.13747984
v -0.30287173 1.23266575 -0.14994057
v -0.28627535 1.16086012 -0.13671840
v -0.27121009 1.10379517 -0.10043213
v -0.26065981 1.07277331 -0.04826871
v -0.25671413 1.07393880 0.00944027
v -0.26015453 1.10706079 0.06126482
v -0.27029961 1.16557908 0.09694046
v -0.29644232 1.23541452 0.11022660
v -0.31337237 1.30714669 0.09702878
v -0.32871335 1.36415094 0.06076263
v -0.33942679 1.39513689 0.00861112
v -0.34339076 1.39396738 -0.04909652
v -0.33982015 1.36087404 -0.10093057
v -0.32942216 1.30241143 -0.13662468
v -0.31425624 1.23015878 -0.14910917
v -0.29732619 1.15842661 -0.13591135
v -0.28198521 1.10142236 -0.09964520
v -0.27127178 1.07043641 -0.04749369
v -0.26730780 1.07160592 0.01021395
v -0.27087842 1.10469926 0.06204801
v -0.28127640 1.16316187 0.09774211
v -0.30778333 1.23286408 0.11105871
v -0.32502451 1.30452630 0.09788370
v -0.34061891 1.36147358 0.06163614
v -0.35147788 1.39242681 0.00949530
v -0.35545064 1.39125532 -0.04821170
v -0.35175036 1.35819114 -0.10005526
v -0.34110992 1.29978304 -0.13576714
v -0.32563679 1.22759945 -0.14827416
v -0.30839560 1.15593723 -0.13509915
v -0.29280120 1.09898995 -0.09885159
v -0.28194224 1.06803672 -0.04671075
v -0.27796947 1.06920821 0.01099625
v -0.28166975 1.10227239 0.06283981
v -0.29231019 1.16068049 0.09855169
v -0.31916439 1.23025463 0.11189562
v -0.33669433 1.30185066 0.09874184
v -0.35252002 1.35874493 0.06251127
v -0.36350701 1.38966881 0.01037984
v -0.36747918 1.38849746 -0.04732720
v -0.36364979 1.35546287 -0.09918025
v -0.35277730 1.29710796 -0.13490918
v -0.33701514 1.22499062 -0.14743744
v -0.31948520 1.15339458 -0.13428366
v -0.30365950 1.09650032 -0.09805309
v -0.29267252 1.06557644 -0.04592166
v -0.28870035 1.06674779 0.01178538
v -0.29252974 1.09978237 0.06363843
v -0.30340223 1.15813729 0.09936736
v -0.33058688 1.22758875 0.11273543
v -0.34838335 1.29912260 0.09960123
v -0.36441839 1.35596802 0.06338605
v -0.37551605 1.38686608 0.01126274
v -0.37947831 1.38569704 -0.04644502
v -0.37552039 1.35269245 -0.09830752
v -0.36442620 1.29438926 -0.13405274
v -0.34839309 1.22233514 -0.14660091
v -0.33059661 1.15080129 -0.13346671
v -0.31456157 1.09395587 -0.09725153
v -0.30346391 1.06305780 -0.04512822
v -0.29950165 1.06422684 0.01257954
v -0.30345958 1.09723144 0.06444204
v -0.31455376 1.15553463 0.10018726
v -0.34205216 1.22486905 0.11357621
v -0.36009314 1.29634492 0.10045993
v -0.37631574 1.35314586 0.06425849
v -0.38750688 1.38402175 0.01214204
v -0.39145001 1.38285725 -0.04556713
v -0.38736415 1.34988299 -0.09743900
v -0.37605855 1.29162994 -0.13319972
v -0.35977242 1.21963582 -0.14576643
v -0.34173144 1.14815995 -0.13265015
v -0.32550884 1.09135901 -0.09644871
v -0.31431770 1.06048311 -0.04433226
v -0.31037457 1.06164762 0.01337691
v -0.31446043 1.09462188 0.06524878
v -0.32576603 1.15287493 0.10100950
v -0.35356159 1.22209815 0.11441602
v -0.37182522 1.29352043 0.10131598
v -0.38821380 1.35028143 0.06512665
v -0.39948137 1.38113893 0.01301577
v -0.40339625 1.37998122 -0.04469546
v -0.39918306 1.34703761 -0.09657662
v -0.38767627 1.28883298 -0.13235201
v -0.37115493 1.21689547 -0.14493587
v -0.35289131 1.14547319 -0.13183583
v -0.33650273 1.08871219 -0.09564649
v -0.32523516 1.05785469 -0.04353561
v -0.32132027 1.05901240 0.01417561
v -0.32553346 1.09195601 0.06605677
v -0.33704026 1.15016064 0.10183216
v -0.36511655 1.21927870 0.11525293
v -0.38358114 1.29065196 0.10216743
v -0.40011430 1.34737768 0.06598857
v -0.41144142 1.37822065 0.01388200
v -0.41531904 1.37707204 -0.04383193
v -0.41097914 1.34415934 -0.09572226
v -0.39928130 1.28600131 -0.13151147
v -0.38254241 1.21411687 -0.14411109
v -0.36407782 1.14274361 -0.13102559
v -0.34754466 1.08601788 -0.09484672
v -0.33621754 1.05517491 -0.04274015
v -0.33233992 1.05632353 0.01497377
v -0.33667982 1.08923623 0.06686410
v -0.34837766 1.14739426 0.10265332
v -0.37671839 1.21641335 0.11608498
v -0.39536247 1.28774230 0.10301235
v -0.41201900 1.34443756 0.06684232
v -0.42338895 1.37526996 0.01473882
v -0.42722038 1.37413275 -0.04297841
v -0.42275441 1.34125117 -0.09487778
v -0.41087558 1.28313783 -0.13067997
v -0.39393665 1.21130278 -0.14329392
v -0.37529258 1.13997384 -0.13022128
v -0.35863605 1.08327857 -0.09405126
v -0.34726609 1.05244617 -0.04194776
v -0.34343467 1.05358338 0.01576947
v -0.34790064 1.08646496 0.06766884
v -0.35977946 1.14457830 0.10347103
v -0.38836847 1.21350480 0.11691020
v -0.40717074 1.28479426 0.10384877
v -0.42392964 1.34146397 0.06768599
v -0.43532587 1.37228981 0.01558435
v -0.43910227 1.37116634 -0.04213678
v -0.43451087 1.33831606 -0.09404502
v -0.42246106 1.28024540 -0.12985932
v -0.40533946 1.20845594 -0.14248620
v -0.38653719 1.13716648 -0.12942477
v -0.36977829 1.08049677 -0.09326199
v -0.35838206 1.04967093 -0.04116035
v -0.35460566 1.05079441 0.01656078
v -0.35919706 1.08364468 0.06846902
v -0.37124686 1.14171534 0.10428332
v -0.40006815 1.21055574 0.11772663
v -0.41900751 1.28181065 0.10467475
v -0.43584798 1.33845981 0.06851766
v -0.44725409 1.36928316 0.01641671
v -0.45096673 1.36817575 -0.04130886
v -0.44625057 1.33535692 -0.09322581
v -0.43403969 1.27732684 -0.12905134
v -0.41675261 1.20557909 -0.14168976
v -0.39781326 1.13432417 -0.12863789
v -0.38097279 1.07767501 -0.09248080
v -0.36956667 1.04685166 -0.04037985
v -0.36585403 1.04795907 0.01734573
v -0.37057020 1.08077790 0.06926268
v -0.38278107 1.13880798 0.10508820
v -0.41181879 1.20756889 0.11853227
v -0.43087434 1.27879428 0.10548836
v -0.44777577 1.33542795 0.06933544
v -0.45917555 1.36625290 0.01723406
v -0.46281580 1.36516389 -0.04049648
v -0.45797553 1.33237660 -0.09242193
v -0.44561342 1.27438495 -0.12825782
v -0.42817793 1.20267491 -0.14090641
v -0.40912237 1.13144952 -0.12786250
v -0.39222094 1.07481585 -0.09170958
v -0.38082117 1.04399090 -0.03960820
v -0.37718091 1.04507991 0.01812234
v -0.38202118 1.07786720 0.07004779
v -0.39438330 1.13585885 0.10588368
v -0.42362174 1.20454700 0.11932514
v -0.44277279 1.27574794 0.10628764
v -0.45971479 1.33237122 0.07013745
v -0.47109217 1.36320191 0.01803456
v -0.47465149 1.36213361 -0.03970141
v -0.46968779 1.32937792 -0.09163515
v -0.45718420 1.27142248 -0.12748053
v -0.43961719 1.19974610 -0.14013796
v -0.42046614 1.12854516 -0.12710045
v -0.40352414 1.07192188 -0.09095026
v -0.39214676 1.04109119 -0.03884738
v -0.38858744 1.04215948 0.01888859
v -0.39355114 1.07491518 0.07082233
v -0.40605474 1.13287062 0.10666772
v -0.43547837 1.20149280 0.12010324
v -0.45470442 1.27267443 0.10707065
v -0.47166679 1.32929247 0.07092180
v -0.48300588 1.36013302 0.01881640
v -0.48647584 1.35908774 -0.03892543
v -0.48138939 1.32636365 -0.09086721
v -0.46875398 1.26844216 -0.12672125
v -0.45107220 1.19679534 -0.13938620
v -0.43184615 1.12561371 -0.12635361
v -0.41488377 1.06899567 -0.09020476
v -0.40354469 1.03815512 -0.03809936
v -0.40007473 1.03920041 0.01964247
v -0.40516118 1.07192450 0.07158425
v -0.41779659 1.12984598 0.10743829
v -0.44739003 1.19840909 0.12086456
v -0.46667079 1.26957656 0.10783547
v -0.48363355 1.32619450 0.07168664
v -0.49491862 1.35704903 0.01957779
v -0.49829087 1.35602903 -0.03817028
v -0.49308237 1.32333653 -0.09011986
v -0.48032473 1.26544668 -0.12598170
v -0.46254476 1.19382527 -0.13865292
v -0.44326400 1.12265780 -0.12562383
v -0.42630124 1.06603986 -0.08947501
v -0.41501616 1.03518533 -0.03736616
v -0.41164392 1.03620533 0.02038191
v -0.41685242 1.06889783 0.07233150
v -0.42961006 1.12678768 0.10819334
v -0.45935808 1.19529864 0.12160708
v -0.47867345 1.26645711 0.10858014
v -0.49561682 1.32308009 0.07243011
v -0.50683233 1.35395269 0.02031695
v -0.51009862 1.35296023 -0.03743769
v -0.50476876 1.32029926 -0.08939480
v -0.49189839 1.26243870 -0.12526363
v -0.47403666 1.19083854 -0.13793992
v -0.45472128 1.11968006 -0.12491298
v -0.43777792 1.06305709 -0.08876295
v -0.42656241 1.03218448 -0.03664979
v -0.42329612 1.03317695 0.02110486
v -0.42862598 1.06583791 0.07306196
v -0.44149634 1.12369847 0.10893079
v -0.47138388 1.19216425 0.12232879
v -0.49071398 1.26331889 0.10930274
v -0.50761837 1.31995202 0.07315037
v -0.51874894 1.35084676 0.02103211
v -0.52190113 1.34988403 -0.03672937
v -0.51645061 1.31725450 -0.08869372
v -0.50347694 1.25942086 -0.12456874
v -0.48554969 1.18783776 -0.13724896
v -0.46621959 1.11668312 -0.12422290
v -0.44931520 1.06004999 -0.08807053
v -0.43818464 1.02915525 -0.03595228
v -0.43503245 1.03011799 0.02180921
v -0.44048296 1.06274751 0.07377355
v -0.45345664 1.12058115 0.10964858
v -0.48346879 1.18900874 0.12302766
v -0.50279393 1.26016467 0.11000132
v -0.51963999 1.31681304 0.07384558
v -0.53067039 1.34773392 0.02172153
v -0.53370043 1.34680308 -0.03604701
v -0.52812997 1.31420486 -0.08801829
v -0.51506232 1.25639575 -0.12389874
v -0.49708567 1.18482555 -0.13658182
v -0.47776053 1.11366962 -0.12355547
v -0.46091447 1.05702126 -0.08739973
v -0.44988407 1.02610037 -0.03527569
v -0.44685403 1.02703122 0.02249286
v -0.45242449 1.05962944 0.07446413
v -0.46549214 1.11743854 0.11034459
v -0.49561416 1.18583495 0.12370165
v -0.51491487 1.25699727 0.11067395
v -0.53168342 1.31366587 0.07451391
v -0.54259862 1.34461686 0.02238348
v -0.54549856 1.34372000 -0.03539228
v -0.53980888 1.31115293 -0.08737016
v -0.52665649 1.25336596 -0.12325532
v -0.50864638 1.18180450 -0.13594025
v -0.48934568 1.11064219 -0.12291255
v -0.47257712 1.05397358 -0.08675251
v -0.46166193 1.02302259 -0.03462208
v -0.45876199 1.02391945 0.02315368
v -0.46445167 1.05648652 0.07513157
v -0.47760406 1.11427349 0.11101672
v -0.50782136 1.18264571 0.12434872
v -0.52707835 1.25381945 0.11131871
v -0.54375046 1.31051325 0.07515356
v -0.55453557 1.34149821 0.02301624
v -0.55729756 1.34063738 -0.03476683
v -0.55148938 1.30810127 -0.08675099
v -0.53826142 1.25033403 -0.12264015
v -0.52023363 1.17877720 -0.13532602
v -0.50097664 1.10760346 -0.12229600
v -0.48430453 1.05090966 -0.08613085
v -0.47351942 1.01992470 -0.03399353
v -0.47075743 1.02078553 0.02378953
v -0.47656561 1.05332164 0.07577370
v -0.48979357 1.11108888 0.11166286
v -0.52009173 1.17944389 0.12496683
v -0.53928594 1.25063401 0.11193365
v -0.55584286 1.30735786 0.07576271
v -0.56648318 1.33838059 0.02361810
v -0.56909947 1.33755777 -0.03417230
v -0.56317353 1.30505238 -0.08616239
v -0.54987906 1.24730249 -0.12205490
v -0.53184921 1.17574619 -0.13474087
v -0.51265500 1.10455608 -0.12170769
v -0.49609808 1.04783223 -0.08553675
v -0.48545776 1.01680950 -0.03339214
v -0.48284147 1.01763231 0.02439826
v -0.48876741 1.05013771 0.07638835
v -0.50206187 1.10788760 0.11228086
v -0.53242663 1.17623236 0.12555392
v -0.55153920 1.24744373 0.11251686
v -0.56796239 1.30420238 0.07633955
v -0.57844340 1.33526659 0.02418737
v -0.58090633 1.33448369 -0.03361033
v -0.57486337 1.30200875 -0.08560598
v -0.56151139 1.24427384 -0.12150122
v -0.54349493 1.17271406 -0.13418656
v -0.52438236 1.10150269 -0.12114950
v -0.50795917 1.04474404 -0.08497219
v -0.49747816 1.01367983 -0.03282001
v -0.49501523 1.01446273 0.02497769
v -0.50105819 1.04693766 0.07697334
v -0.51441016 1.10467258 0.11286858
v -0.54477235 1.17302795 0.12610555
v -0.56393855 1.24422533 0.11307090
v -0.58034406 1.30098860 0.07689280
v -0.59073955 1.33207509 0.02473677
v -0.59306607 1.33132774 -0.03306704
v -0.58686283 1.29889457 -0.08506989
v -0.57335846 1.24119936 -0.12097197
v -0.55522765 1.16966938 -0.13366244
v -0.53606145 1.09847199 -0.12062778
v -0.51965594 1.04170872 -0.08444969
v -0.50926045 1.01062223 -0.03229366
v -0.50693393 1.01136959 0.02551016
v -0.51313717 1.04380276 0.07751300
v -0.52664154 1.10149796 0.11341509
v -0.55744950 1.16969579 0.12664579
v -0.57694439 1.24080646 0.11362523
v -0.59357476 1.29751040 0.07745677
v -0.60404676 1.32857671 0.02530402
v -0.60628628 1.32785231 -0.03250352
v -0.59984976 1.29548068 -0.08451637
v -0.58601203 1.23787343 -0.12043274
v -0.56751383 1.16644037 -0.13313895
v -0.54801894 1.09532970 -0.12011838
v -0.53138857 1.03862575 -0.08394992
v -0.52091657 1.00755945 -0.03179717
v -0.51867705 1.00828385 0.02601037
v -0.52511357 1.04065547 0.07802322
v -0.53895130 1.09826273 0.11393959
v -0.57037179 1.16620720 0.12718286
v -0.59030629 1.23719924 0.11418057
v -0.60726307 1.29381510 0.07802568
v -0.61788364 1.32484131 0.02587911
v -0.62006446 1.32413275 -0.03193088
v -0.61337359 1.29182976 -0.08395430
v -0.59913625 1.23433035 -0.11988728
v -0.58017230 1.16302297 -0.13261285
v -0.56023780 1.09203093 -0.11961056
v -0.54328102 1.03541507 -0.08345567
v -0.53266045 1.00438886 -0.03130910
v -0.53047964 1.00509742 0.02650088
v -0.53717050 1.03740041 0.07852430
v -0.55140785 1.09489982 0.11445728
v -0.58357220 1.16255714 0.12771875
v -0.60390850 1.23343812 0.11473278
v -0.62116362 1.28997151 0.07859001
v -0.63191998 1.32096019 0.02644895
v -0.63404715 1.32026646 -0.03136321
v -0.62712381 1.28802773 -0.08339607
v -0.61252121 1.23062928 -0.11934389
v -0.59313159 1.15943956 -0.13208675
v -0.57279529 1.08855859 -0.11910078
v -0.55554017 1.03202519 -0.08295800
v -0.54478381 1.00103652 -0.03081695
v -0.54265664 1.00173024 0.02699522
v -0.54957998 1.03396897 0.07902808
v -0.56418258 1.09136743 0.11497589
v -0.59703279 1.15875412 0.12825328
v -0.61773748 1.22953105 0.11528194
v -0.63526613 1.28598719 0.07915003
v -0.64614698 1.31694070 0.02701392
v -0.64822495 1.31626087 -0.03080020
v -0.64108848 1.28408234 -0.08284153
v -0.62615101 1.22677846 -0.11880264
v -0.60637112 1.15569898 -0.13156101
v -0.58566643 1.08492205 -0.11858967
v -0.56813778 1.02846591 -0.08245776
v -0.55725693 0.99751240 -0.03032165
v -0.55517895 0.99819223 0.02749247
v -0.56231543 1.03037076 0.07953380
v -0.57725289 1.08767464 0.11549491
v -0.61073543 1.15480665 0.12878621
v -0.63177881 1.22548604 0.11582805
v -0.64955894 1.28186975 0.07970592
v -0.66055426 1.31279029 0.02757426
v -0.66258700 1.31212349 -0.03024161
v -0.65525457 1.28000139 -0.08229056
v -0.64000923 1.22278618 -0.11826366
v -0.61987051 1.15181004 -0.13103598
v -0.59882713 1.08113065 -0.11807782
v -0.58104700 1.02474694 -0.08195570
v -0.57005168 0.99382639 -0.02982404
v -0.56801894 0.99449320 0.02799184
v -0.57535138 1.02661529 0.08004079
v -0.59059672 1.08383050 0.11601388
v -0.62466182 1.15072325 0.12931731
v -0.64601738 1.22131112 0.11637106
v -0.66402930 1.27762689 0.08025778
v -0.67513013 1.30851651 0.02813015
v -0.67712118 1.30786192 -0.02968732
v -0.66960813 1.27579277 -0.08174316
v -0.65407901 1.21866075 -0.11772708
v -0.63360956 1.14778156 -0.13051202
v -0.61225400 1.07719368 -0.11756577
v -0.59424207 1.02087792 -0.08145249
v -0.58314125 0.98998829 -0.02932486
v -0.58115020 0.99064288 0.02849261
v -0.58866325 1.02271203 0.08054845
v -0.60419237 1.07984405 0.11653237
v -0.63879352 1.14651246 0.12984635
v -0.66043747 1.21701443 0.11691090
v -0.67866354 1.27326640 0.08080564
v -0.68986183 1.30412699 0.02868165
v -0.69181437 1.30348387 -0.02913726
v -0.68413446 1.27146443 -0.08119935
v -0.66834318 1.21441050 -0.11719308
v -0.64756819 1.14362233 -0.12998947
v -0.62592424 1.07312036 -0.11705401
v -0.60769818 1.01686839 -0.08094875
v -0.59649989 0.98600780 -0.02882477
v -0.59454734 0.98665092 0.02899414
v -0.60222726 1.01867036 0.08105623
v -0.61801854 1.07572429 0.11704997
v -0.65311199 1.14218284 0.13037308
v -0.67502291 1.21260410 0.11744745
v -0.69344720 1.26879614 0.08134948
v -0.70473570 1.29962946 0.02922881
v -0.70665260 1.29899712 -0.02859141
v -0.69881823 1.26702437 -0.08065918
v -0.68278427 1.21004381 -0.11666185
v -0.66172646 1.13934114 -0.12946864
v -0.63981554 1.06891988 -0.11654301
v -0.62139125 1.01272784 -0.08044504
v -0.61010274 0.98189452 -0.02832437
v -0.60818584 0.98252686 0.02949585
v -0.61602022 1.01449961 0.08156362
v -0.63205418 1.07148017 0.11756629
v -0.66759858 1.13774295 0.13089723
v -0.68975706 1.20808834 0.11798056
v -0.70836517 1.26422406 0.08188924
v -0.71973734 1.29503174 0.02977161
v -0.72162118 1.29440953 -0.02804981
v -0.71364357 1.26248067 -0.08012277
v -0.69738457 1.20556907 -0.11613358
v -0.67606448 1.13494677 -0.12894986
v -0.65390600 1.06460137 -0.11603319
v -0.63529789 1.00846565 -0.07994187
v -0.62392572 0.97765798 -0.02782424
v -0.62204188 0.97828019 0.02999718
v -0.63001949 1.01020904 0.08207014
v -0.64627849 1.06712064 0.11808095
v -0.68223457 1.13320135 0.13141855
v -0.70462298 1.20347541 0.11851007
v -0.72340182 1.25955816 0.08242484
v -0.73485170 1.29034173 0.03030997
v -0.73670484 1.28972904 -0.02751254
v -0.72859419 1.25784146 -0.07959024
v -0.71212618 1.20099471 -0.11560850
v -0.69056248 1.13044798 -0.12843346
v -0.66817407 1.06017392 -0.11552498
v -0.64939523 1.00409117 -0.07943974
v -0.63794535 0.97330760 -0.02732488
v -0.63609221 0.97392029 0.03049764
v -0.64420286 1.00580787 0.08257533
v -0.66067087 1.06265462 0.11859359
v -0.69700116 1.12856663 0.13193678
v -0.71960342 1.19877358 0.11903581
v -0.73854104 1.25480651 0.08295614
v -0.75006320 1.28556739 0.03084381
v -0.75188778 1.28496367 -0.02697970
v -0.74365340 1.25311491 -0.07906174
v -0.72699100 1.19632916 -0.11508682
v -0.70520075 1.12585353 -0.12791973
v -0.68259849 1.05564658 -0.11501876
v -0.66366087 0.99961365 -0.07893910
v -0.65213872 0.96885277 -0.02682677
v -0.65031414 0.96945649 0.03099674
v -0.65854851 1.00130524 0.08307878
v -0.67521092 1.05809100 0.11910386
v -0.71187951 1.12384738 0.13245164
v -0.73468088 1.19399119 0.11955756
v -0.75376633 1.24997722 0.08348302
v -0.76535577 1.28071677 0.03137302
v -0.76715376 1.28012148 -0.02645142
v -0.75880420 1.24830926 -0.07853745
v -0.74196080 1.19158091 -0.11456879
v -0.71995962 1.12117217 -0.12740901
v -0.69715826 1.05102836 -0.11451492
v -0.67807280 0.99504232 -0.07844038
v -0.66648336 0.96430277 -0.02633038
v -0.66468537 0.96489806 0.03149405
v -0.67303494 0.99671029 0.08358008
v -0.68987833 1.05343864 0.11961143
v -0.72685072 1.11905219 0.13296287
v -0.74983762 1.18913658 0.12007513
v -0.76906084 1.24507850 0.08400529
v -0.78071299 1.27579796 0.03189743
v -0.78248620 1.27521061 -0.02592785
v -0.77402929 1.24343277 -0.07801755
v -0.75701723 1.18675842 -0.11405465
v -0.73481949 1.11641264 -0.12690158
v -0.71183259 1.04632824 -0.11401383
v -0.69260937 0.99038632 -0.07794400
v -0.68095723 0.95966686 -0.02583614
v -0.67918401 0.96025421 0.03198914
v -0.68764092 0.99203206 0.08407884
v -0.70465298 1.04870640 0.12011594
v -0.74189585 1.11418966 0.13347019
v -0.76505576 1.18421815 0.12058828
v -0.78440744 1.24011856 0.08452278
v -0.79611805 1.27081913 0.03241689
v -0.79786816 1.27023924 -0.02540917
v -0.78931115 1.23849374 -0.07750224
v -0.77214183 1.18187022 -0.11354465
v -0.74976079 1.11158366 -0.12639776
v -0.72660088 1.04155518 -0.11351585
v -0.70724920 0.98565477 -0.07745034
v -0.69553859 0.95495420 -0.02534446
v -0.69378847 0.95553409 0.03248160
v -0.70234549 0.98727959 0.08457467
v -0.71951481 1.04390311 0.12061708
v -0.75699590 1.10926842 0.13397333
v -0.78031720 1.17924431 0.12109680
v -0.79978872 1.23510567 0.08503529
v -0.81155387 1.26578847 0.03293122
v -0.81328243 1.26521560 -0.02489556
v -0.80463204 1.23350053 -0.07699174
v -0.78731601 1.17692482 -0.11303904
v -0.76476400 1.10669398 -0.12589784
v -0.74144270 1.03671809 -0.11302131
v -0.72197118 0.98085673 -0.07695980
v -0.71020603 0.95017393 -0.02485573
v -0.70847746 0.95074680 0.03297104
v -0.71712786 0.98246187 0.08506723
v -0.73444389 1.03903758 0.12111453
v -0.77213188 1.10429707 0.13447201
v -0.79560375 1.17422351 0.12160045
v -0.81518706 1.23004816 0.08554262
v -0.82700310 1.26071424 0.03344023
v -0.82871156 1.26014798 -0.02438721
v -0.81997405 1.22846152 -0.07648627
v -0.80252115 1.17193076 -0.11253808
v -0.77980962 1.10175230 -0.12540214
v -0.75633775 1.03182586 -0.11253057
v -0.73675443 0.97600122 -0.07647274
v -0.72493839 0.94533513 -0.02437035
v -0.72322994 0.94590139 0.03345709
v -0.73196744 0.97758785 0.08555614
v -0.74942034 1.03411862 0.12160795
v -0.78728473 1.09928424 0.13496596
v -0.81089705 1.16916422 0.12209897
v -0.83058465 1.22495437 0.08604454
v -0.84244815 1.25560476 0.03394369
v -0.84413786 1.25504470 -0.02388436
v -0.83531909 1.22338512 -0.07598606
v -0.81773851 1.16689659 -0.11204203
v -0.79487818 1.09676735 -0.12491095
v -0.77126587 1.02688736 -0.11204396
v -0.75157827 0.97109722 -0.07598953
v -0.73971476 0.94044683 -0.02388868
v -0.73802506 0.94100689 0.03393937
v -0.74684383 0.97266647 0.08604107
v -0.76442440 1.02915500 0.12209704
v -0.80243539 1.09423855 0.13545488
v -0.82617865 1.16407493 0.12259212
v -0.84596348 1.21983271 0.08654083
v -0.85787124 1.25046836 0.03444141
v -0.85954345 1.24991412 -0.02338720
v -0.85064892 1.21827977 -0.07549135
v -0.83294932 1.16183087 -0.11155116
v -0.80995026 1.09174783 -0.12442456
v -0.78620700 1.02191145 -0.11156179
v -0.76642218 0.96615368 -0.07551050
v -0.75451442 0.93551803 -0.02341109
v -0.75284220 0.93607226 0.03441753
v -0.76173673 0.96770662 0.08652168
v -0.77943633 1.02415551 0.12258149
v -0.81756476 1.08916864 0.13593851
v -0.84143000 1.15896416 0.12307965
v -0.86130539 1.21469158 0.08703125
v -0.87325437 1.24531342 0.03493315
v -0.87491030 1.24476464 -0.02289598
v -0.86594520 1.21315393 -0.07500239
v -0.84813472 1.15674219 -0.11106575
v -0.82500644 1.08670245 -0.12394327
v -0.80114120 1.01690693 -0.11108441
v -0.78126581 0.96117951 -0.07503601
v -0.76931683 0.93055767 -0.02293791
v -0.76766090 0.93110645 0.03489122
v -0.77662600 0.96271716 0.08699763
v -0.79443648 1.01912890 0.12306098
v -0.83265373 1.08408315 0.13641655
v -0.85663243 1.15384042 0.12356129
v -0.87659208 1.20953946 0.08751556
v -0.88857940 1.24014837 0.03541868
v -0.89022018 1.23960470 -0.02241094
v -0.88118943 1.20801612 -0.07451942
v -0.86327581 1.15163913 -0.11058605
v -0.84002732 1.08163990 -0.12346738
v -0.81604861 1.01188263 -0.11061212
v -0.79608897 0.95618359 -0.07456639
v -0.78410164 0.92557468 -0.02246951
v -0.78246087 0.92611835 0.03536011
v -0.79149162 0.95770693 0.08746859
v -0.80940524 1.01408392 0.12353522
v -0.84768317 1.07899071 0.13688873
v -0.87176723 1.14871229 0.12403678
v -0.89180511 1.20438482 0.08799351
v -0.90382804 1.23498167 0.03589774
v -0.90545475 1.23444276 -0.02193231
v -0.89636304 1.20287483 -0.07404271
v -0.87835364 1.14653030 -0.11011235
v -0.85499353 1.07656889 -0.12299719
v -0.83090946 1.00684731 -0.11014523
v -0.81087159 0.95117478 -0.07410197
v -0.79884865 0.92057793 -0.02200620
v -0.79722194 0.92111684 0.03582386
v -0.80631365 0.95268476 0.08793426
v -0.82432306 1.00902930 0.12400389
v -0.86263392 1.07389998 0.13735476
v -0.88681557 1.14358833 0.12450585
v -0.90692591 1.19923619 0.08846484
v -0.91898183 1.22982181 0.03637011
v -0.92059550 1.22928734 -0.02146036
v -0.91144733 1.19773864 -0.07357252
v -0.89334921 1.14142431 -0.10964492
v -0.86988571 1.07149809 -0.12253299
v -0.84570405 1.00180974 -0.10968407
v -0.82559371 0.94616189 -0.07364306
v -0.81353779 0.91557626 -0.02154833
v -0.81192412 0.91611073 0.03628214
v -0.82107229 0.94765944 0.08839430
v -0.83917041 1.00397377 0.12446670
v -0.87748681 1.06881960 0.13781436
v -0.90175857 1.13847714 0.12496824
v -0.92193581 1.19410211 0.08892930
v -0.93402218 1.22467732 0.03683551
v -0.93562383 1.22414696 -0.02099533
v -0.92642352 1.19261609 -0.07310911
v -0.90824349 1.13632977 -0.10918404
v -0.88468453 1.06643621 -0.12207506
v -0.86041276 0.99677868 -0.10922893
v -0.84023552 0.94115370 -0.07319000
v -0.82814915 0.91057849 -0.02109620
v -0.82654751 0.91110885 0.03673463
v -0.83574782 0.94263972 0.08884841
v -0.85392784 0.99892604 0.12492334
v -0.89222266 1.06375824 0.13826724
v -0.91657727 1.13338732 0.12542366
v -0.93681602 1.18899116 0.08938662
v -0.94893039 1.21955676 0.03729368
v -0.95052097 1.21903020 -0.02053749
v -0.94127273 1.18751579 -0.07265274
v -0.92301740 1.13125534 -0.10872999
v -0.89937066 1.06139192 -0.12162371
v -0.87501605 0.99176284 -0.10878013
v -0.85477730 0.93615899 -0.07274308
v -0.84266293 0.90559340 -0.02065015
v -0.84107235 0.90611995 0.03718103
v -0.85032059 0.93763436 0.08929627
v -0.86857592 0.99389482 0.12537353
v -0.90682226 1.05872454 0.13871312
v -0.93125263 1.12832750 0.12587185
v -0.95154763 1.18391196 0.08983652
v -0.96368760 1.21446872 0.03774437
v -0.96526807 1.21394565 -0.02008711
v -0.95597600 1.18244635 -0.07220370
v -0.93765180 1.12620964 -0.10828306
v -0.91392480 1.05637389 -0.12117922
v -0.88949444 0.98677093 -0.10833796
v -0.86919943 0.93118647 -0.07230263
v -0.85705946 0.90062971 -0.02021048
v -0.85547900 0.90115277 0.03762101
v -0.86477107 0.93265208 0.08973759
v -0.88309527 0.98888879 0.12581695
v -0.92126640 1.05372717 0.13915170
v -0.94576555 1.12330634 0.12631252
v -0.96611163 1.17887313 0.09027875
v -0.97827485 1.20942185 0.03818730
v -0.97984613 1.20890196 -0.01964446
v -0.97051426 1.17741643 -0.07176226
v -0.95212753 1.12120135 -0.10784351
v -0.92832767 1.05139081 -0.12074189
v -0.90382852 0.98181164 -0.10790272
v -0.88348244 0.92624485 -0.07186894
v -0.87131922 0.89569613 -0.01977749
v -0.86974794 0.89621602 0.03805427
v -0.87907981 0.92770155 0.09017207
v -0.89746654 0.98391663 0.12625332
v -0.93553585 1.04877481 0.13958271
v -0.96009688 1.11833251 0.12674540
v -0.98048890 1.17388335 0.09071301
v -0.99267303 1.20442481 0.03862220
v -0.99423605 1.20390779 -0.01920982
v -0.98486838 1.17243468 -0.07132869
v -0.96642540 1.11623912 -0.10741165
v -0.94255998 1.04645133 -0.12031201
v -0.91799895 0.97689364 -0.10747470
v -0.89760692 0.92134280 -0.07144231
v -0.88542279 0.89080133 -0.01935150
v -0.88385978 0.89131835 0.03848052
v -0.89322745 0.92279146 0.09059939
v -0.91167042 0.97898702 0.12668235
v -0.94961134 1.04387613 0.14000584
v -0.97422736 1.11341469 0.12717019
v -0.99466021 1.16895133 0.09113903
v -1.00686292 1.19948633 0.03904877
v -1.00841859 1.19897186 -0.01878346
v -0.99901911 1.16750982 -0.07090329
v -0.98052615 1.11133165 -0.10698775
v -0.95660248 1.04156413 -0.11988986
v -0.93198647 0.97202557 -0.10705421
v -0.91155362 0.91648894 -0.07102305
v -0.89935091 0.88595394 -0.01893279
v -0.89779523 0.88646840 0.03889944
v -0.90719472 0.91793044 0.09101928
v -0.92568767 0.97410861 0.12710373
v -0.96347362 1.03903980 0.14042083
v -0.98813766 1.10856161 0.12758661
v -1.00860617 1.16408580 0.09155652
v -1.02082512 1.19461514 0.03946675
v -1.02237438 1.19410291 -0.01836568
v -1.01294711 1.16265056 -0.07048634
v -0.99441049 1.10648763 -0.10657211
v -0.97043594 1.03673786 -0.11947574
v -0.94577189 0.96721605 -0.10664153
v -0.92530338 0.91169186 -0.07061143
v -0.91308444 0.88116252 -0.01852166
v -0.91153518 0.88167475 0.03931076
v -0.92096245 0.91312710 0.09143143
v -0.93949907 0.96929003 0.12751719
v -0.97710339 1.03427452 0.14082737
v -1.00180839 1.10378201 0.12799437
v -1.02230732 1.15929557 0.09196519
v -1.03454010 1.18982007 0.03987583
v -1.03608389 1.18930975 -0.01795676
v -1.02663292 1.15786569 -0.07007813
v -1.00805908 1.10171577 -0.10616501
v -0.98404113 1.03198117 -0.11906994
v -0.95933612 0.96247368 -0.10623694
v -0.93883720 0.90696012 -0.07020776
v -0.92660442 0.87643562 -0.01811840
v -0.92506062 0.87694594 0.03971419
v -0.93451159 0.90839000 0.09183556
v -0.95308544 0.96453992 0.12792244
v -0.99048134 1.02958897 0.14122517
v -1.01522004 1.09908466 0.12839318
v -1.03574399 1.15458946 0.09236474
v -1.04798816 1.18510996 0.04027572
v -1.04952745 1.18460122 -0.01755701
v -1.04005699 1.15316399 -0.06967896
v -1.02145251 1.09702480 -0.10576674
v -0.99739885 1.02730270 -0.11867273
v -0.97266015 0.95780702 -0.10584074
v -0.95213621 0.90230222 -0.06981230
v -0.93989204 0.87178171 -0.01772328
v -0.93835274 0.87229045 0.04010944
v -0.94782321 0.90372768 0.09223139
v -0.96642769 0.95986687 0.12831918
v -1.00358814 1.02499186 0.14161395
v -1.02835301 1.09447837 0.12878273
v -1.04889638 1.14997635 0.09275487
v -1.06114939 1.18049376 0.04066611
v -1.06268519 1.17998625 -0.01716672
v -1.05319959 1.14855432 -0.06928912
v -1.03457132 1.09242347 -0.10537761
v -1.01048995 1.02271110 -0.11828442
v -0.98572508 0.95322459 -0.10545321
v -0.96518171 0.89772660 -0.06942534
v -0.95292869 0.86720920 -0.01733658
v -0.95139290 0.86771671 0.04049624
v -0.96087850 0.89914864 0.09261864
v -0.97950677 0.95527949 0.12870713
v -1.01640442 1.02049190 0.14199341
v -1.04118755 1.08997199 0.12916274
v -1.06174448 1.14546522 0.09313527
v -1.07400367 1.17598046 0.04104670
v -1.07553703 1.17547380 -0.01678620
v -1.06604086 1.14404558 -0.06890891
v -1.04739599 1.08792056 -0.10499790
v -1.02329527 1.01821498 -0.11790528
v -0.99851214 0.94873489 -0.10507461
v -0.97795520 0.89324166 -0.06904715
v -0.96569601 0.86272642 -0.01695857
v -0.96416266 0.86323308 0.04087433
v -0.97365883 0.89466129 0.09299704
v -0.99230370 0.95078631 0.12908602
v -1.02891078 1.01609780 0.14236326
v -1.05370380 1.08557442 0.12953288
v -1.07426807 1.14106507 0.09350563
v -1.08653060 1.17157914 0.04141716
v -1.08806264 1.17107294 -0.01641578
v -1.07856075 1.13964674 -0.06853866
v -1.05990689 1.08352487 -0.10462791
v -1.03579570 1.01382297 -0.11753561
v -1.01100269 0.94434635 -0.10470523
v -0.99043841 0.88885570 -0.06867798
v -0.97817588 0.85834163 -0.01658950
v -0.97664384 0.85884783 0.04124343
v -0.98614573 0.89027403 0.09336632
v -1.00479959 0.94639590 0.12945557
v -1.04108779 1.01181831 0.14272321
v -1.06588170 1.08129462 0.12989285
v -1.08644664 1.13678503 0.09386563
v -1.09870947 1.16729899 0.04177716
v -1.10024139 1.16679284 -0.01605578
v -1.09073898 1.13536682 -0.06817868
v -1.07208431 1.07924524 -0.10426795
v -1.04797218 1.00954367 -0.11717568
v -1.02317827 0.94006736 -0.10434532
v -1.00261333 0.88457694 -0.06831809
v -0.99035050 0.85406298 -0.01622963
v -0.98881858 0.85456914 0.04160331
v -0.99832099 0.88599516 0.09372621
v -1.01697565 0.94211674 0.12981549
v -1.05291596 1.00766217 0.14307296
v -1.07770100 1.07714160 0.13024234
v -1.09825934 1.13263433 0.09421492
v -1.11051917 1.16314934 0.04212636
v -1.11205228 1.16264277 -0.01570655
v -1.10255501 1.13121494 -0.06782929
v -1.08390841 1.07509053 -0.10391832
v -1.05980567 1.00538566 -0.11682577
v -1.03502064 0.93590623 -0.10399515
v -1.01446229 0.88041350 -0.06796773
v -1.00220246 0.84989848 -0.01587918
v -1.00066936 0.85040505 0.04195373
v -1.01016663 0.88183288 0.09407648
v -1.02881323 0.93795729 0.13016551
v -1.06437575 1.00363815 0.14341221
v -1.08914117 1.07312447 0.13058101
v -1.10968495 1.12862231 0.09455315
v -1.12193815 1.15913965 0.04246440
v -1.12347388 1.15863216 -0.01536843
v -1.11398795 1.12720035 -0.06749084
v -1.09535918 1.07106968 -0.10357934
v -1.07127723 1.00135751 -0.11648617
v -1.04651181 0.93187119 -0.10365497
v -1.02596803 0.87637335 -0.06762712
v -1.01371483 0.84585601 -0.01553837
v -1.01217910 0.84636350 0.04229446
v -1.02166503 0.87779531 0.09441687
v -1.04029379 0.93392598 0.13050538
v -1.07544753 0.99975505 0.14374066
v -1.10018137 1.06925244 0.13090852
v -1.12070170 1.12475851 0.09487997
v -1.13294423 1.15527959 0.04279091
v -1.13448417 1.15477062 -0.01504180
v -1.12501652 1.12333240 -0.06716367
v -1.10641646 1.06719166 -0.10325132
v -1.08236796 0.99746776 -0.11615716
v -1.05763412 0.92797037 -0.10332502
v -1.03711378 0.87246431 -0.06729647
v -1.02487126 0.84194322 -0.01520741
v -1.02333131 0.84245219 0.04262530
v -1.03279897 0.87389041 0.09474717
v -1.05139903 0.93003115 0.13083482
v -1.08611159 0.99602170 0.14405801
v -1.11080034 1.06553487 0.13122453
v -1.13128720 1.12105265 0.09519498
v -1.14351449 1.15157907 0.04310546
v -1.14506045 1.15106799 -0.01472706
v -1.13561888 1.11962064 -0.06684815
v -1.11705981 1.06346555 -0.10293459
v -1.09305907 0.99372493 -0.11583900
v -1.06837032 0.92421176 -0.10300553
v -1.04788346 0.86869398 -0.06697598
v -1.03565617 0.83816756 -0.01488646
v -1.03411021 0.83867864 0.04294607
v -1.04355178 0.87012599 0.09506716
v -1.06211085 0.92628107 0.13115359
v -1.09634808 0.99244694 0.14436395
v -1.12097628 1.06198126 0.13152866
v -1.14141818 1.11751474 0.09549777
v -1.15362500 1.14804830 0.04340764
v -1.15517905 1.14753440 -0.01442465
v -1.14577252 1.11607482 -0.06654469
v -1.12726849 1.05990052 -0.10262948
v -1.10333190 0.99013749 -0.11553198
v -1.07870371 0.92060318 -0.10269669
v -1.05826181 0.86506970 -0.06666580
v -1.04605498 0.83453614 -0.01457567
v -1.04450093 0.83505004 0.04325662
v -1.05390746 0.86650962 0.09537666
v -1.07241150 0.92268392 0.13146145
v -1.10613700 0.98903971 0.14465816
v -1.13068668 1.05860135 0.13182052
v -1.15107028 1.11415512 0.09578787
v -1.16325057 1.14469792 0.04369694
v -1.16481511 1.14418037 -0.01413503
v -1.15545400 1.11270498 -0.06625370
v -1.13702135 1.05650584 -0.10233635
v -1.11316795 0.98671387 -0.11523635
v -1.08861827 0.91715223 -0.10239870
v -1.06823467 0.86159846 -0.06636605
v -1.05605438 0.83105566 -0.01427512
v -1.05448985 0.83157321 0.04355685
v -1.06385095 0.86304860 0.09567552
v -1.08228361 0.91924775 0.13175817
v -1.11545814 0.98580899 0.14494034
v -1.13990810 1.05540518 0.13209967
v -1.16021766 1.11098461 0.09606478
v -1.17236425 1.14153909 0.04397283
v -1.17394210 1.14101692 -0.01385873
v -1.16463869 1.10952154 -0.06597566
v -1.14629668 1.05329098 -0.10205556
v -1.12254892 0.98346241 -0.11495236
v -1.09809896 0.91386621 -0.10211169
v -1.07778940 0.85828679 -0.06607681
v -1.06564281 0.82773231 -0.01398486
v -1.06406496 0.82825447 0.04384671
v -1.07336837 0.85974986 0.09596364
v -1.09171038 0.91598041 0.13204354
v -1.12429096 0.98276384 0.14521013
v -1.14861577 1.05240317 0.13236564
v -1.16883241 1.10801462 0.09632791
v -1.18093670 1.13858368 0.04423467
v -1.18253126 1.13805576 -0.01359638
v -1.17330026 1.10653542 -0.06571110
v -1.15507201 1.05026565 -0.10178752
v -1.13145684 0.98039138 -0.11468027
v -1.10713202 0.91075205 -0.10183578
v -1.08691539 0.85514059 -0.06579805
v -1.07481109 0.82457154 -0.01370481
v -1.07321653 0.82509946 0.04412624
v -1.08244754 0.85661980 0.09624096
v -1.10067579 0.91288957 0.13231738
v -1.13261452 0.97991347 0.14546720
v -1.15678312 1.04960628 0.13261788
v -1.17688377 1.10525744 0.09657657
v -1.18893528 1.13584457 0.04448170
v -1.19055069 1.13530950 -0.01334871
v -1.18141007 1.10375822 -0.06546064
v -1.16332382 1.04743984 -0.10153267
v -1.13987414 0.97750891 -0.11442031
v -1.11570553 0.90781611 -0.10157099
v -1.09560489 0.85216495 -0.06552968
v -1.08355338 0.82157782 -0.01343480
v -1.08193796 0.82211288 0.04439561
v -1.09107859 0.85366416 0.09650753
v -1.10916484 0.90998254 0.13257957
v -1.14040727 0.97726725 0.14571117
v -1.16438096 1.04702622 0.13285574
v -1.18433688 1.10272651 0.09680990
v -1.19632252 1.13333599 0.04471296
v -1.19796396 1.13279209 -0.01311663
v -1.18893611 1.10120253 -0.06522502
v -1.17102704 1.04482401 -0.10129151
v -1.14778386 0.97482298 -0.11417267
v -1.12381017 0.90506402 -0.10131725
v -1.10385425 0.84936373 -0.06527140
v -1.09186862 0.81875424 -0.01317447
v -1.09022717 0.81929814 0.04465513
v -1.09925502 0.85088770 0.09676352
v -1.11716409 0.90726622 0.13283001
v -1.14764678 0.97483479 0.14594164
v -1.17137623 1.04467579 0.13307843
v -1.19115080 1.10043698 0.09702681
v -1.20305390 1.13107419 0.04492724
v -1.20472796 1.13051934 -0.01290131
v -1.19584142 1.09888232 -0.06500520
v -1.17815436 1.04242923 -0.10106461
v -1.15516994 0.97234131 -0.11393754
v -1.13144048 0.90250031 -0.10107433
v -1.11166591 0.84673912 -0.06502271
v -1.09976282 0.81610191 -0.01292314
v -1.09808876 0.81665676 0.04490541
v -1.10697530 0.84829378 0.09700930
v -1.12466235 0.90474687 0.13306871
v -1.15435910 0.97260963 0.14615976
v -1.17794603 1.04249804 0.13329195
v -1.19761478 1.09829444 0.09723691
v -1.20946970 1.12894767 0.04513578
v -1.21116280 1.12838649 -0.01269216
v -1.20235872 1.09672204 -0.06479338
v -1.18480123 1.04022585 -0.10084861
v -1.16196779 0.97008769 -0.11371665
v -1.13838086 0.90019928 -0.10084883
v -1.11871212 0.84440288 -0.06479379
v -1.10685719 0.81374965 -0.01269267
v -1.10516410 0.81431083 0.04513527
v -1.11396818 0.84597529 0.09723650
v -1.13152567 0.90247147 0.13329172
v 1.15816345 0.97134866 0.01622156
v -1.15816345 0.97134866 0.01622156
f 9247 9248 9262
f 9247 9262 9261
f 9248 9249 9263
f 9248 9263 9262
f 9249 9250 9264
f 9249 9264 9263
f 9250 9251 9265
f 9250 9265 9264
f 9251 9252 9266
f 9251 9266 9265
f 9252 9253 9267
f 9252 9267 9266
f 9253 9254 9268
f 9253 9268 9267
f 9254 9255 9269
f 9254 9269 9268
f 9255 9256 9270
f 9255 9270 9269
f 9256 9257 9271
f 9256 9271 9270
f 9257 9258 9272
f 9257 9272 9271
f 9258 9259 9273
f 9258 9273 9272
f 9259 9260 9274
f 9259 9274 9273
f 9260 9247 9261
f 9260 9261 9274
f 9261 9262 9276
f 9261 9276 9275
f 9262 9263 9277
f 9262 9277 9276
f 9263 9264 9278
f 9263 9278 9277
f 9264 9265 9279
f 9264 9279 9278
f 9265 9266 9280
f 9265 9280 9279
f 9266 9267 9281
f 9266 9281 9280
f 9267 9268 9282
f 9267 9282 9281
f 9268 9269 9283
f 9268 9283 9282
f 9269 9270 9284
f 9269 9284 9283
f 9270 9271 9285
f 9270 9285 9284
f 9271 9272 9286
f 9271 9286 9285
f 9272 9273 9287
f 9272 9287 9286
f 9273 9274 9288
f 9273 9288 9287
f 9274 9261 9275
f 9274 9275 9288
f 9275 9276 9290
f 9275 9290 9289
f 9276 9277 9291
f 9276 9291 9290
f 9277 9278 9292
f 9277 9292 9291
f 9278 9279 9293
f 9278 9293 9292
f 9279 9280 9294
f 9279 9294 9293
f 9280 9281 9295
f 9280 9295 9294
f 9281 9282 9296
f 9281 9296 9295
f 9282 9283 9297
f 9282 9297 9296
f 9283 9284 9298
f 9283 9298 9297
f 9284 9285 9299
f 9284 9299 9298
f 9285 9286 9300
f 9285 9300 9299
f 9286 9287 9301
f 9286 9301 9300
f 9287 9288 9302
f 9287 9302 9301
f 9288 9275 9289
f 9288 9289 9302
f 9289 9290 9304
f 9289 9304 9303
f 9290 9291 9305
f 9290 9305 9304
f 9291 9292 9306
f 9291 9306 9305
f 9292 9293 9307
f 9292 9307 9306
f 9293 9294 9308
f 9293 9308 9307
f 9294 9295 9309
f 9294 9309 9308
f 9295 9296 9310
f 9295 9310 9309
f 9296 9297 9311
f 9296 9311 9310
f 9297 9298 9312
f 9297 9312 9311
f 9298 9299 9313
f 9298 9313 9312
f 9299 9300 9314
f 9299 9314 9313
f 9300 9301 9315
f 9300 9315 9314
f 9301 9302 9316
f 9301 9316 9315
f 9302 9289 9303
f 9302 9303 9316
f 9303 9304 9318
f 9303 9318 9317
f 9304 9305 9319
f 9304 9319 9318
f 9305 9306 9320
f 9305 9320 9319
f 9306 9307 9321
f 9306 9321 9320
f 9307 9308 9322
f 9307 9322 9321
f 9308 9309 9323
f 9308 9323 9322
f 9309 9310 9324
f 9309 9324 9323
f 9310 9311 9325
f 9310 9325 9324
f 9311 9312 9326
f 9311 9326 9325
f 9312 9313 9327
f 9312 9327 9326
f 9313 9314 9328
f 9313 9328 9327
f 9314 9315 9329
f 9314 9329 9328
f 9315 9316 9330
f 9315 9330 9329
f 9316 9303 9317
f 9316 9317 9330
f 9317 9318 9332
f 9317 9332 9331
f 9318 9319 9333
f 9318 9333 9332
f 9319 9320 9334
f 9319 9334 9333
f 9320 9321 9335
f 9320 9335 9334
f 9321 9322 9336
f 9321 9336 9335
f 9322 9323 9337
f 9322 9337 9336
f 9323 9324 9338
f 9323 9338 9337
f 9324 9325 9339
f 9324 9339 9338
f 9325 9326 9340
f 9325 9340 9339
f 9326 9327 9341
f 9326 9341 9340
f 9327 9328 9342
f 9327 9342 9341
f 9328 9329 9343
f 9328 9343 9342
f 9329 9330 9344
f 9329 9344 9343
f 9330 9317 9331
f 9330 9331 9344
f 9331 9332 9346
f 9331 9346 9345
f 9332 9333 9347
f 9332 9347 9346
f 9333 9334 9348
f 9333 9348 9347
f 9334 9335 9349
f 9334 9349 9348
f 9335 9336 9350
f 9335 9350 9349
f 9336 9337 9351
f 9336 9351 9350
f 9337 9338 9352
f 9337 9352 9351
f 9338 9339 9353
f 9338 9353 9352
f 9339 9340 9354
f 9339 9354 9353
f 9340 9341 9355
f 9340 9355 9354
f 9341 9342 9356
f 9341 9356 9355
f 9342 9343 9357
f 9342 9357 9356
f 9343 9344 9358
f 9343 9358 9357
f 9344 9331 9345
f 9344 9345 9358
f 9345 9346 9360
f 9345 9360 9359
f 9346 9347 9361
f 9346 9361 9360
f 9347 9348 9362
f 9347 9362 9361
f 9348 9349 9363
f 9348 9363 9362
f 9349 9350 9364
f 9349 9364 9363
f 9350 9351 9365
f 9350 9365 9364
f 9351 9352 9366
f 9351 9366 9365
f 9352 9353 9367
f 9352 9367 9366
f 9353 9354 9368
f 9353 9368 9367
f 9354 9355 9369
f 9354 9369 9368
f 9355 9356 9370
f 9355 9370 9369
f 9356 9357 9371
f 9356 9371 9370
f 9357 9358 9372
f 9357 9372 9371
f 9358 9345 9359
f 9358 9359 9372
f 9359 9360 9374
f 9359 9374 9373
f 9360 9361 9375
f 9360 9375 9374
f 9361 9362 9376
f 9361 9376 9375
f 9362 9363 9377
f 9362 9377 9376
f 9363 9364 9378
f 9363 9378 9377
f 9364 9365 9379
f 9364 9379 9378
f 9365 9366 9380
f 9365 9380 9379
f 9366 9367 9381
f 9366 9381 9380
f 9367 9368 9382
f 9367 9382 9381
f 9368 9369 9383
f 9368 9383 9382
f 9369 9370 9384
f 9369 9384 9383
f 9370 9371 9385
f 9370 9385 9384
f 9371 9372 9386
f 9371 9386 9385
f 9372 9359 9373
f 9372 9373 9386
f 9373 9374 9388
f 9373 9388 9387
f 9374 9375 9389
f 9374 9389 9388
f 9375 9376 9390
f 9375 9390 9389
f 9376 9377 9391
f 9376 9391 9390
f 9377 9378 9392
f 9377 9392 9391
f 9378 9379 9393
f 9378 9393 9392
f 9379 9380 9394
f 9379 9394 9393
f 9380 9381 9395
f 9380 9395 9394
f 9381 9382 9396
f 9381 9396 9395
f 9382 9383 9397
f 9382 9397 9396
f 9383 9384 9398
f 9383 9398 9397
f 9384 9385 9399
f 9384 9399 9398
f 9385 9386 9400
f 9385 9400 9399
f 9386 9373 9387
f 9386 9387 9400
f 9387 9388 9402
f 9387 9402 9401
f 9388 9389 9403
f 9388 9403 9402
f 9389 9390 9404
f 9389 9404 9403
f 9390 9391 9405
f 9390 9405 9404
f 9391 9392 9406
f 9391 9406 9405
f 9392 9393 9407
f 9392 9407 9406
f 9393 9394 9408
f 9393 9408 9407
f 9394 9395 9409
f 9394 9409 9408
f 9395 9396 9410
f 9395 9410 9409
f 9396 9397 9411
f 9396 9411 9410
f 9397 9398 9412
f 9397 9412 9411
f 9398 9399 9413
f 9398 9413 9412
f 9399 9400 9414
f 9399 9414 9413
f 9400 9387 9401
f 9400 9401 9414
f 9401 9402 9416
f 9401 9416 9415
f 9402 9403 9417
f 9402 9417 9416
f 9403 9404 9418
f 9403 9418 9417
f 9404 9405 9419
f 9404 9419 9418
f 9405 9406 9420
f 9405 9420 9419
f 9406 9407 9421
f 9406 9421 9420
f 9407 9408 9422
f 9407 9422 9421
f 9408 9409 9423
f 9408 9423 9422
f 9409 9410 9424
f 9409 9424 9423
f 9410 9411 9425
f 9410 9425 9424
f 9411 9412 9426
f 9411 9426 9425
f 9412 9413 9427
f 9412 9427 9426
f 9413 9414 9428
f 9413 9428 9427
f 9414 9401 9415
f 9414 9415 9428
f 9415 9416 9430
f 9415 9430 9429
f 9416 9417 9431
f 9416 9431 9430
f 9417 9418 9432
f 9417 9432 9431
f 9418 9419 9433
f 9418 9433 9432
f 9419 9420 9434
f 9419 9434 9433
f 9420 9421 9435
f 9420 9435 9434
f 9421 9422 9436
f 9421 9436 9435
f 9422 9423 9437
f 9422 9437 9436
f 9423 9424 9438
f 9423 9438 9437
f 9424 9425 9439
f 9424 9439 9438
f 9425 9426 9440
f 9425 9440 9439
f 9426 9427 9441
f 9426 9441 9440
f 9427 9428 9442
f 9427 9442 9441
f 9428 9415 9429
f 9428 9429 9442
f 9429 9430 9444
f 9429 9444 9443
f 9430 9431 9445
f 9430 9445 9444
f 9431 9432 9446
f 9431 9446 9445
f 9432 9433 9447
f 9432 9447 9446
f 9433 9434 9448
f 9433 9448 9447
f 9434 9435 9449
f 9434 9449 9448
f 9435 9436 9450
f 9435 9450 9449
f 9436 9437 9451
f 9436 9451 9450
f 9437 9438 9452
f 9437 9452 9451
f 9438 9439 9453
f 9438 9453 9452
f 9439 9440 9454
f 9439 9454 9453
f 9440 9441 9455
f 9440 9455 9454
f 9441 9442 9456
f 9441 9456 9455
f 9442 9429 9443
f 9442 9443 9456
f 9443 9444 9458
f 9443 9458 9457
f 9444 9445 9459
f 9444 9459 9458
f 9445 9446 9460
f 9445 9460 9459
f 9446 9447 9461
f 9446 9461 9460
f 9447 9448 9462
f 9447 9462 9461
f 9448 9449 9463
f 9448 9463 9462
f 9449 9450 9464
f 9449 9464 9463
f 9450 9451 9465
f 9450 9465 9464
f 9451 9452 9466
f 9451 9466 9465
f 9452 9453 9467
f 9452 9467 9466
f 9453 9454 9468
f 9453 9468 9467
f 9454 9455 9469
f 9454 9469 9468
f 9455 9456 9470
f 9455 9470 9469
f 9456 9443 9457
f 9456 9457 9470
f 9457 9458 9472
f 9457 9472 9471
f 9458 9459 9473
f 9458 9473 9472
f 9459 9460 9474
f 9459 9474 9473
f 9460 9461 9475
f 9460 9475 9474
f 9461 9462 9476
f 9461 9476 9475
f 9462 9463 9477
f 9462 9477 9476
f 9463 9464 9478
f 9463 9478 9477
f 9464 9465 9479
f 9464 9479 9478
f 9465 9466 9480
f 9465 9480 9479
f 9466 9467 9481
f 9466 9481 9480
f 9467 9468 9482
f 9467 9482 9481
f 9468 9469 9483
f 9468 9483 9482
f 9469 9470 9484
f 9469 9484 9483
f 9470 9457 9471
f 9470 9471 9484
f 9471 9472 9486
f 9471 9486 9485
f 9472 9473 9487
f 9472 9487 9486
f 9473 9474 9488
f 9473 9488 9487
f 9474 9475 9489
f 9474 9489 9488
f 9475 9476 9490
f 9475 9490 9489
f 9476 9477 9491
f 9476 9491 9490
f 9477 9478 9492
f 9477 9492 9491
f 9478 9479 9493
f 9478 9493 9492
f 9479 9480 9494
f 9479 9494 9493
f 9480 9481 9495
f 9480 9495 9494
f 9481 9482 9496
f 9481 9496 9495
f 9482 9483 9497
f 9482 9497 9496
f 9483 9484 9498
f 9483 9498 9497
f 9484 9471 9485
f 9484 9485 9498
f 9485 9486 9500
f 9485 9500 9499
f 9486 9487 9501
f 9486 9501 9500
f 9487 9488 9502
f 9487 9502 9501
f 9488 9489 9503
f 9488 9503 9502
f 9489 9490 9504
f 9489 9504 9503
f 9490 9491 9505
f 9490 9505 9504
f 9491 9492 9506
f 9491 9506 9505
f 9492 9493 9507
f 9492 9507 9506
f 9493 9494 9508
f 9493 9508 9507
f 9494 9495 9509
f 9494 9509 9508
f 9495 9496 9510
f 9495 9510 9509
f 9496 9497 9511
f 9496 9511 9510
f 9497 9498 9512
f 9497 9512 9511
f 9498 9485 9499
f 9498 9499 9512
f 9499 9500 9514
f 9499 9514 9513
f 9500 9501 9515
f 9500 9515 9514
f 9501 9502 9516
f 9501 9516 9515
f 9502 9503 9517
f 9502 9517 9516
f 9503 9504 9518
f 9503 9518 9517
f 9504 9505 9519
f 9504 9519 9518
f 9505 9506 9520
f 9505 9520 9519
f 9506 9507 9521
f 9506 9521 9520
f 9507 9508 9522
f 9507 9522 9521
f 9508 9509 9523
f 9508 9523 9522
f 9509 9510 9524
f 9509 9524 9523
f 9510 9511 9525
f 9510 9525 9524
f 9511 9512 9526
f 9511 9526 9525
f 9512 9499 9513
f 9512 9513 9526
f 9513 9514 9528
f 9513 9528 9527
f 9514 9515 9529
f 9514 9529 9528
f 9515 9516 9530
f 9515 9530 9529
f 9516 9517 9531
f 9516 9531 9530
f 9517 9518 9532
f 9517 9532 9531
f 9518 9519 9533
f 9518 9533 9532
f 9519 9520 9534
f 9519 9534 9533
f 9520 9521 9535
f 9520 9535 9534
f 9521 9522 9536
f 9521 9536 9535
f 9522 9523 9537
f 9522 9537 9536
f 9523 9524 9538
f 9523 9538 9537
f 9524 9525 9539
f 9524 9539 9538
f 9525 9526 9540
f 9525 9540 9539
f 9526 9513 9527
f 9526 9527 9540
f 9527 9528 9542
f 9527 9542 9541
f 9528 9529 9543
f 9528 9543 9542
f 9529 9530 9544
f 9529 9544 9543
f 9530 9531 9545
f 9530 9545 9544
f 9531 9532 9546
f 9531 9546 9545
f 9532 9533 9547
f 9532 9547 9546
f 9533 9534 9548
f 9533 9548 9547
f 9534 9535 9549
f 9534 9549 9548
f 9535 9536 9550
f 9535 9550 9549
f 9536 9537 9551
f 9536 9551 9550
f 9537 9538 9552
f 9537 9552 9551
f 9538 9539 9553
f 9538 9553 9552
f 9539 9540 9554
f 9539 9554 9553
f 9540 9527 9541
f 9540 9541 9554
f 9541 9542 9556
f 9541 9556 9555
f 9542 9543 9557
f 9542 9557 9556
f 9543 9544 9558
f 9543 9558 9557
f 9544 9545 9559
f 9544 9559 9558
f 9545 9546 9560
f 9545 9560 9559
f 9546 9547 9561
f 9546 9561 9560
f 9547 9548 9562
f 9547 9562 9561
f 9548 9549 9563
f 9548 9563 9562
f 9549 9550 9564
f 9549 9564 9563
f 9550 9551 9565
f 9550 9565 9564
f 9551 9552 9566
f 9551 9566 9565
f 9552 9553 9567
f 9552 9567 9566
f 9553 9554 9568
f 9553 9568 9567
f 9554 9541 9555
f 9554 9555 9568
f 9555 9556 9570
f 9555 9570 9569
f 9556 9557 9571
f 9556 9571 9570
f 9557 9558 9572
f 9557 9572 9571
f 9558 9559 9573
f 9558 9573 9572
f 9559 9560 9574
f 9559 9574 9573
f 9560 9561 9575
f 9560 9575 9574
f 9561 9562 9576
f 9561 9576 9575
f 9562 9563 9577
f 9562 9577 9576
f 9563 9564 9578
f 9563 9578 9577
f 9564 9565 9579
f 9564 9579 9578
f 9565 9566 9580
f 9565 9580 9579
f 9566 9567 9581
f 9566 9581 9580
f 9567 9568 9582
f 9567 9582 9581
f 9568 9555 9569
f 9568 9569 9582
f 9569 9570 9584
f 9569 9584 9583
f 9570 9571 9585
f 9570 9585 9584
f 9571 9572 9586
f 9571 9586 9585
f 9572 9573 9587
f 9572 9587 9586
f 9573 9574 9588
f 9573 9588 9587
f 9574 9575 9589
f 9574 9589 9588
f 9575 9576 9590
f 9575 9590 9589
f 9576 9577 9591
f 9576 9591 9590
f 9577 9578 9592
f 9577 9592 9591
f 9578 9579 9593
f 9578 9593 9592
f 9579 9580 9594
f 9579 9594 9593
f 9580 9581 9595
f 9580 9595 9594
f 9581 9582 9596
f 9581 9596 9595
f 9582 9569 9583
f 9582 9583 9596
f 9583 9584 9598
f 9583 9598 9597
f 9584 9585 9599
f 9584 9599 9598
f 9585 9586 9600
f 9585 9600 9599
f 9586 9587 9601
f 9586 9601 9600
f 9587 9588 9602
f 9587 9602 9601
f 9588 9589 9603
f 9588 9603 9602
f 9589 9590 9604
f 9589 9604 9603
f 9590 9591 9605
f 9590 9605 9604
f 9591 9592 9606
f 9591 9606 9605
f 9592 9593 9607
f 9592 9607 9606
f 9593 9594 9608
f 9593 9608 9607
f 9594 9595 9609
f 9594 9609 9608
f 9595 9596 9610
f 9595 9610 9609
f 9596 9583 9597
f 9596 9597 9610
f 9597 9598 9612
f 9597 9612 9611
f 9598 9599 9613
f 9598 9613 9612
f 9599 9600 9614
f 9599 9614 9613
f 9600 9601 9615
f 9600 9615 9614
f 9601 9602 9616
f 9601 9616 9615
f 9602 9603 9617
f 9602 9617 9616
f 9603 9604 9618
f 9603 9618 9617
f 9604 9605 9619
f 9604 9619 9618
f 9605 9606 9620
f 9605 9620 9619
f 9606 9607 9621
f 9606 9621 9620
f 9607 9608 9622
f 9607 9622 9621
f 9608 9609 9623
f 9608 9623 9622
f 9609 9610 9624
f 9609 9624 9623
f 9610 9597 9611
f 9610 9611 9624
f 9611 9612 9626
f 9611 9626 9625
f 9612 9613 9627
f 9612 9627 9626
f 9613 9614 9628
f 9613 9628 9627
f 9614 9615 9629
f 9614 9629 9628
f 9615 9616 9630
f 9615 9630 9629
f 9616 9617 9631
f 9616 9631 9630
f 9617 9618 9632
f 9617 9632 9631
f 9618 9619 9633
f 9618 9633 9632
f 9619 9620 9634
f 9619 9634 9633
f 9620 9621 9635
f 9620 9635 9634
f 9621 9622 9636
f 9621 9636 9635
f 9622 9623 9637
f 9622 9637 9636
f 9623 9624 9638
f 9623 9638 9637
f 9624 9611 9625
f 9624 9625 9638
f 9625 9626 9640
f 9625 9640 9639
f 9626 9627 9641
f 9626 9641 9640
f 9627 9628 9642
f 9627 9642 9641
f 9628 9629 9643
f 9628 9643 9642
f 9629 9630 9644
f 9629 9644 9643
f 9630 9631 9645
f 9630 9645 9644
f 9631 9632 9646
f 9631 9646 9645
f 9632 9633 9647
f 9632 9647 9646
f 9633 9634 9648
f 9633 9648 9647
f 9634 9635 9649
f 9634 9649 9648
f 9635 9636 9650
f 9635 9650 9649
f 9636 9637 9651
f 9636 9651 9650
f 9637 9638 9652
f 9637 9652 9651
f 9638 9625 9639
f 9638 9639 9652
f 9639 9640 9654
f 9639 9654 9653
f 9640 9641 9655
f 9640 9655 9654
f 9641 9642 9656
f 9641 9656 9655
f 9642 9643 9657
f 9642 9657 9656
f 9643 9644 9658
f 9643 9658 9657
f 9644 9645 9659
f 9644 9659 9658
f 9645 9646 9660
f 9645 9660 9659
f 9646 9647 9661
f 9646 9661 9660
f 9647 9648 9662
f 9647 9662 9661
f 9648 9649 9663
f 9648 9663 9662
f 9649 9650 9664
f 9649 9664 9663
f 9650 9651 9665
f 9650 9665 9664
f 9651 9652 9666
f 9651 9666 9665
f 9652 9639 9653
f 9652 9653 9666
f 9653 9654 9668
f 9653 9668 9667
f 9654 9655 9669
f 9654 9669 9668
f 9655 9656 9670
f 9655 9670 9669
f 9656 9657 9671
f 9656 9671 9670
f 9657 9658 9672
f 9657 9672 9671
f 9658 9659 9673
f 9658 9673 9672
f 9659 9660 9674
f 9659 9674 9673
f 9660 9661 9675
f 9660 9675 9674
f 9661 9662 9676
f 9661 9676 9675
f 9662 9663 9677
f 9662 9677 9676
f 9663 9664 9678
f 9663 9678 9677
f 9664 9665 9679
f 9664 9679 9678
f 9665 9666 9680
f 9665 9680 9679
f 9666 9653 9667
f 9666 9667 9680
f 9667 9668 9682
f 9667 9682 9681
f 9668 9669 9683
f 9668 9683 9682
f 9669 9670 9684
f 9669 9684 9683
f 9670 9671 9685
f 9670 9685 9684
f 9671 9672 9686
f 9671 9686 9685
f 9672 9673 9687
f 9672 9687 9686
f 9673 9674 9688
f 9673 9688 9687
f 9674 9675 9689
f 9674 9689 9688
f 9675 9676 9690
f 9675 9690 9689
f 9676 9677 9691
f 9676 9691 9690
f 9677 9678 9692
f 9677 9692 9691
f 9678 9679 9693
f 9678 9693 9692
f 9679 9680 9694
f 9679 9694 9693
f 9680 9667 9681
f 9680 9681 9694
f 9681 9682 9696
f 9681 9696 9695
f 9682 9683 9697
f 9682 9697 9696
f 9683 9684 9698
f 9683 9698 9697
f 9684 9685 9699
f 9684 9699 9698
f 9685 9686 9700
f 9685 9700 9699
f 9686 9687 9701
f 9686 9701 9700
f 9687 9688 9702
f 9687 9702 9701
f 9688 9689 9703
f 9688 9703 9702
f 9689 9690 9704
f 9689 9704 9703
f 9690 9691 9705
f 9690 9705 9704
f 9691 9692 9706
f 9691 9706 9705
f 9692 9693 9707
f 9692 9707 9706
f 9693 9694 9708
f 9693 9708 9707
f 9694 9681 9695
f 9694 9695 9708
f 9695 9696 9710
f 9695 9710 9709
f 9696 9697 9711
f 9696 9711 9710
f 9697 9698 9712
f 9697 9712 9711
f 9698 9699 9713
f 9698 9713 9712
f 9699 9700 9714
f 9699 9714 9713
f 9700 9701 9715
f 9700 9715 9714
f 9701 9702 9716
f 9701 9716 9715
f 9702 9703 9717
f 9702 9717 9716
f 9703 9704 9718
f 9703 9718 9717
f 9704 9705 9719
f 9704 9719 9718
f 9705 9706 9720
f 9705 9720 9719
f 9706 9707 9721
f 9706 9721 9720
f 9707 9708 9722
f 9707 9722 9721
f 9708 9695 9709
f 9708 9709 9722
f 9709 9710 9724
f 9709 9724 9723
f 9710 9711 9725
f 9710 9725 9724
f 9711 9712 9726
f 9711 9726 9725
f 9712 9713 9727
f 9712 9727 9726
f 9713 9714 9728
f 9713 9728 9727
f 9714 9715 9729
f 9714 9729 9728
f 9715 9716 9730
f 9715 9730 9729
f 9716 9717 9731
f 9716 9731 9730
f 9717 9718 9732
f 9717 9732 9731
f 9718 9719 9733
f 9718 9733 9732
f 9719 9720 9734
f 9719 9734 9733
f 9720 9721 9735
f 9720 9735 9734
f 9721 9722 9736
f 9721 9736 9735
f 9722 9709 9723
f 9722 9723 9736
f 9723 9724 9738
f 9723 9738 9737
f 9724 9725 9739
f 9724 9739 9738
f 9725 9726 9740
f 9725 9740 9739
f 9726 9727 9741
f 9726 9741 9740
f 9727 9728 9742
f 9727 9742 9741
f 9728 9729 9743
f 9728 9743 9742
f 9729 9730 9744
f 9729 9744 9743
f 9730 9731 9745
f 9730 9745 9744
f 9731 9732 9746
f 9731 9746 9745
f 9732 9733 9747
f 9732 9747 9746
f 9733 9734 9748
f 9733 9748 9747
f 9734 9735 9749
f 9734 9749 9748
f 9735 9736 9750
f 9735 9750 9749
f 9736 9723 9737
f 9736 9737 9750
f 9737 9738 9752
f 9737 9752 9751
f 9738 9739 9753
f 9738 9753 9752
f 9739 9740 9754
f 9739 9754 9753
f 9740 9741 9755
f 9740 9755 9754
f 9741 9742 9756
f 9741 9756 9755
f 9742 9743 9757
f 9742 9757 9756
f 9743 9744 9758
f 9743 9758 9757
f 9744 9745 9759
f 9744 9759 9758
f 9745 9746 9760
f 9745 9760 9759
f 9746 9747 9761
f 9746 9761 9760
f 9747 9748 9762
f 9747 9762 9761
f 9748 9749 9763
f 9748 9763 9762
f 9749 9750 9764
f 9749 9764 9763
f 9750 9737 9751
f 9750 9751 9764
f 9751 9752 9766
f 9751 9766 9765
f 9752 9753 9767
f 9752 9767 9766
f 9753 9754 9768
f 9753 9768 9767
f 9754 9755 9769
f 9754 9769 9768
f 9755 9756 9770
f 9755 9770 9769
f 9756 9757 9771
f 9756 9771 9770
f 9757 9758 9772
f 9757 9772 9771
f 9758 9759 9773
f 9758 9773 9772
f 9759 9760 9774
f 9759 9774 9773
f 9760 9761 9775
f 9760 9775 9774
f 9761 9762 9776
f 9761 9776 9775
f 9762 9763 9777
f 9762 9777 9776
f 9763 9764 9778
f 9763 9778 9777
f 9764 9751 9765
f 9764 9765 9778
f 9765 9766 9780
f 9765 9780 9779
f 9766 9767 9781
f 9766 9781 9780
f 9767 9768 9782
f 9767 9782 9781
f 9768 9769 9783
f 9768 9783 9782
f 9769 9770 9784
f 9769 9784 9783
f 9770 9771 9785
f 9770 9785 9784
f 9771 9772 9786
f 9771 9786 9785
f 9772 9773 9787
f 9772 9787 9786
f 9773 9774 9788
f 9773 9788 9787
f 9774 9775 9789
f 9774 9789 9788
f 9775 9776 9790
f 9775 9790 9789
f 9776 9777 9791
f 9776 9791 9790
f 9777 9778 9792
f 9777 9792 9791
f 9778 9765 9779
f 9778 9779 9792
f 9779 9780 9794
f 9779 9794 9793
f 9780 9781 9795
f 9780 9795 9794
f 9781 9782 9796
f 9781 9796 9795
f 9782 9783 9797
f 9782 9797 9796
f 9783 9784 9798
f 9783 9798 9797
f 9784 9785 9799
f 9784 9799 9798
f 9785 9786 9800
f 9785 9800 9799
f 9786 9787 9801
f 9786 9801 9800
f 9787 9788 9802
f 9787 9802 9801
f 9788 9789 9803
f 9788 9803 9802
f 9789 9790 9804
f 9789 9804 9803
f 9790 9791 9805
f 9790 9805 9804
f 9791 9792 9806
f 9791 9806 9805
f 9792 9779 9793
f 9792 9793 9806
f 9793 9794 9808
f 9793 9808 9807
f 9794 9795 9809
f 9794 9809 9808
f 9795 9796 9810
f 9795 9810 9809
f 9796 9797 9811
f 9796 9811 9810
f 9797 9798 9812
f 9797 9812 9811
f 9798 9799 9813
f 9798 9813 9812
f 9799 9800 9814
f 9799 9814 9813
f 9800 9801 9815
f 9800 9815 9814
f 9801 9802 9816
f 9801 9816 9815
f 9802 9803 9817
f 9802 9817 9816
f 9803 9804 9818
f 9803 9818 9817
f 9804 9805 9819
f 9804 9819 9818
f 9805 9806 9820
f 9805 9820 9819
f 9806 9793 9807
f 9806 9807 9820
f 9807 9808 9822
f 9807 9822 9821
f 9808 9809 9823
f 9808 9823 9822
f 9809 9810 9824
f 9809 9824 9823
f 9810 9811 9825
f 9810 9825 9824
f 9811 9812 9826
f 9811 9826 9825
f 9812 9813 9827
f 9812 9827 9826
f 9813 9814 9828
f 9813 9828 9827
f 9814 9815 9829
f 9814 9829 9828
f 9815 9816 9830
f 9815 9830 9829
f 9816 9817 9831
f 9816 9831 9830
f 9817 9818 9832
f 9817 9832 9831
f 9818 9819 9833
f 9818 9833 9832
f 9819 9820 9834
f 9819 9834 9833
f 9820 9807 9821
f 9820 9821 9834
f 9821 9822 9836
f 9821 9836 9835
f 9822 9823 9837
f 9822 9837 9836
f 9823 9824 9838
f 9823 9838 9837
f 9824 9825 9839
f 9824 9839 9838
f 9825 9826 9840
f 9825 9840 9839
f 9826 9827 9841
f 9826 9841 9840
f 9827 9828 9842
f 9827 9842 9841
f 9828 9829 9843
f 9828 9843 9842
f 9829 9830 9844
f 9829 9844 9843
f 9830 9831 9845
f 9830 9845 9844
f 9831 9832 9846
f 9831 9846 9845
f 9832 9833 9847
f 9832 9847 9846
f 9833 9834 9848
f 9833 9848 9847
f 9834 9821 9835
f 9834 9835 9848
f 9835 9836 9850
f 9835 9850 9849
f 9836 9837 9851
f 9836 9851 9850
f 9837 9838 9852
f 9837 9852 9851
f 9838 9839 9853
f 9838 9853 9852
f 9839 9840 9854
f 9839 9854 9853
f 9840 9841 9855
f 9840 9855 9854
f 9841 9842 9856
f 9841 9856 9855
f 9842 9843 9857
f 9842 9857 9856
f 9843 9844 9858
f 9843 9858 9857
f 9844 9845 9859
f 9844 9859 9858
f 9845 9846 9860
f 9845 9860 9859
f 9846 9847 9861
f 9846 9861 9860
f 9847 9848 9862
f 9847 9862 9861
f 9848 9835 9849
f 9848 9849 9862
f 9849 9850 9864
f 9849 9864 9863
f 9850 9851 9865
f 9850 9865 9864
f 9851 9852 9866
f 9851 9866 9865
f 9852 9853 9867
f 9852 9867 9866
f 9853 9854 9868
f 9853 9868 9867
f 9854 9855 9869
f 9854 9869 9868
f 9855 9856 9870
f 9855 9870 9869
f 9856 9857 9871
f 9856 9871 9870
f 9857 9858 9872
f 9857 9872 9871
f 9858 9859 9873
f 9858 9873 9872
f 9859 9860 9874
f 9859 9874 9873
f 9860 9861 9875
f 9860 9875 9874
f 9861 9862 9876
f 9861 9876 9875
f 9862 9849 9863
f 9862 9863 9876
f 9863 9864 9878
f 9863 9878 9877
f 9864 9865 9879
f 9864 9879 9878
f 9865 9866 9880
f 9865 9880 9879
f 9866 9867 9881
f 9866 9881 9880
f 9867 9868 9882
f 9867 9882 9881
f 9868 9869 9883
f 9868 9883 9882
f 9869 9870 9884
f 9869 9884 9883
f 9870 9871 9885
f 9870 9885 9884
f 9871 9872 9886
f 9871 9886 9885
f 9872 9873 9887
f 9872 9887 9886
f 9873 9874 9888
f 9873 9888 9887
f 9874 9875 9889
f 9874 9889 9888
f 9875 9876 9890
f 9875 9890 9889
f 9876 9863 9877
f 9876 9877 9890
f 9877 9878 9892
f 9877 9892 9891
f 9878 9879 9893
f 9878 9893 9892
f 9879 9880 9894
f 9879 9894 9893
f 9880 9881 9895
f 9880 9895 9894
f 9881 9882 9896
f 9881 9896 9895
f 9882 9883 9897
f 9882 9897 9896
f 9883 9884 9898
f 9883 9898 9897
f 9884 9885 9899
f 9884 9899 9898
f 9885 9886 9900
f 9885 9900 9899
f 9886 9887 9901
f 9886 9901 9900
f 9887 9888 9902
f 9887 9902 9901
f 9888 9889 9903
f 9888 9903 9902
f 9889 9890 9904
f 9889 9904 9903
f 9890 9877 9891
f 9890 9891 9904
f 9891 9892 9906
f 9891 9906 9905
f 9892 9893 9907
f 9892 9907 9906
f 9893 9894 9908
f 9893 9908 9907
f 9894 9895 9909
f 9894 9909 9908
f 9895 9896 9910
f 9895 9910 9909
f 9896 9897 9911
f 9896 9911 9910
f 9897 9898 9912
f 9897 9912 9911
f 9898 9899 9913
f 9898 9913 9912
f 9899 9900 9914
f 9899 9914 9913
f 9900 9901 9915
f 9900 9915 9914
f 9901 9902 9916
f 9901 9916 9915
f 9902 9903 9917
f 9902 9917 9916
f 9903 9904 9918
f 9903 9918 9917
f 9904 9891 9905
f 9904 9905 9918
f 9905 9906 9920
f 9905 9920 9919
f 9906 9907 9921
f 9906 9921 9920
f 9907 9908 9922
f 9907 9922 9921
f 9908 9909 9923
f 9908 9923 9922
f 9909 9910 9924
f 9909 9924 9923
f 9910 9911 9925
f 9910 9925 9924
f 9911 9912 9926
f 9911 9926 9925
f 9912 9913 9927
f 9912 9927 9926
f 9913 9914 9928
f 9913 9928 9927
f 9914 9915 9929
f 9914 9929 9928
f 9915 9916 9930
f 9915 9930 9929
f 9916 9917 9931
f 9916 9931 9930
f 9917 9918 9932
f 9917 9932 9931
f 9918 9905 9919
f 9918 9919 9932
f 9919 9920 9934
f 9919 9934 9933
f 9920 9921 9935
f 9920 9935 9934
f 9921 9922 9936
f 9921 9936 9935
f 9922 9923 9937
f 9922 9937 9936
f 9923 9924 9938
f 9923 9938 9937
f 9924 9925 9939
f 9924 9939 9938
f 9925 9926 9940
f 9925 9940 9939
f 9926 9927 9941
f 9926 9941 9940
f 9927 9928 9942
f 9927 9942 9941
f 9928 9929 9943
f 9928 9943 9942
f 9929 9930 9944
f 9929 9944 9943
f 9930 9931 9945
f 9930 9945 9944
f 9931 9932 9946
f 9931 9946 9945
f 9932 9919 9933
f 9932 9933 9946
f 9933 9934 9948
f 9933 9948 9947
f 9934 9935 9949
f 9934 9949 9948
f 9935 9936 9950
f 9935 9950 9949
f 9936 9937 9951
f 9936 9951 9950
f 9937 9938 9952
f 9937 9952 9951
f 9938 9939 9953
f 9938 9953 9952
f 9939 9940 9954
f 9939 9954 9953
f 9940 9941 9955
f 9940 9955 9954
f 9941 9942 9956
f 9941 9956 9955
f 9942 9943 9957
f 9942 9957 9956
f 9943 9944 9958
f 9943 9958 9957
f 9944 9945 9959
f 9944 9959 9958
f 9945 9946 9960
f 9945 9960 9959
f 9946 9933 9947
f 9946 9947 9960
f 9947 9948 9962
f 9947 9962 9961
f 9948 9949 9963
f 9948 9963 9962
f 9949 9950 9964
f 9949 9964 9963
f 9950 9951 9965
f 9950 9965 9964
f 9951 9952 9966
f 9951 9966 9965
f 9952 9953 9967
f 9952 9967 9966
f 9953 9954 9968
f 9953 9968 9967
f 9954 9955 9969
f 9954 9969 9968
f 9955 9956 9970
f 9955 9970 9969
f 9956 9957 9971
f 9956 9971 9970
f 9957 9958 9972
f 9957 9972 9971
f 9958 9959 9973
f 9958 9973 9972
f 9959 9960 9974
f 9959 9974 9973
f 9960 9947 9961
f 9960 9961 9974
f 9961 9962 9976
f 9961 9976 9975
f 9962 9963 9977
f 9962 9977 9976
f 9963 9964 9978
f 9963 9978 9977
f 9964 9965 9979
f 9964 9979 9978
f 9965 9966 9980
f 9965 9980 9979
f 9966 9967 9981
f 9966 9981 9980
f 9967 9968 9982
f 9967 9982 9981
f 9968 9969 9983
f 9968 9983 9982
f 9969 9970 9984
f 9969 9984 9983
f 9970 9971 9985
f 9970 9985 9984
f 9971 9972 9986
f 9971 9986 9985
f 9972 9973 9987
f 9972 9987 9986
f 9973 9974 9988
f 9973 9988 9987
f 9974 9961 9975
f 9974 9975 9988
f 9975 9976 9990
f 9975 9990 9989
f 9976 9977 9991
f 9976 9991 9990
f 9977 9978 9992
f 9977 9992 9991
f 9978 9979 9993
f 9978 9993 9992
f 9979 9980 9994
f 9979 9994 9993
f 9980 9981 9995
f 9980 9995 9994
f 9981 9982 9996
f 9981 9996 9995
f 9982 9983 9997
f 9982 9997 9996
f 9983 9984 9998
f 9983 9998 9997
f 9984 9985 9999
f 9984 9999 9998
f 9985 9986 10000
f 9985 10000 9999
f 9986 9987 10001
f 9986 10001 10000
f 9987 9988 10002
f 9987 10002 10001
f 9988 9975 9989
f 9988 9989 10002
f 9989 9990 10004
f 9989 10004 10003
f 9990 9991 10005
f 9990 10005 10004
f 9991 9992 10006
f 9991 10006 10005
f 9992 9993 10007
f 9992 10007 10006
f 9993 9994 10008
f 9993 10008 10007
f 9994 9995 10009
f 9994 10009 10008
f 9995 9996 10010
f 9995 10010 10009
f 9996 9997 10011
f 9996 10011 10010
f 9997 9998 10012
f 9997 10012 10011
f 9998 9999 10013
f 9998 10013 10012
f 9999 10000 10014
f 9999 10014 10013
f 10000 10001 10015
f 10000 10015 10014
f 10001 10002 10016
f 10001 10016 10015
f 10002 9989 10003
f 10002 10003 10016
f 10003 10004 10018
f 10003 10018 10017
f 10004 10005 10019
f 10004 10019 10018
f 10005 10006 10020
f 10005 10020 10019
f 10006 10007 10021
f 10006 10021 10020
f 10007 10008 10022
f 10007 10022 10021
f 10008 10009 10023
f 10008 10023 10022
f 10009 10010 10024
f 10009 10024 10023
f 10010 10011 10025
f 10010 10025 10024
f 10011 10012 10026
f 10011 10026 10025
f 10012 10013 10027
f 10012 10027 10026
f 10013 10014 10028
f 10013 10028 10027
f 10014 10015 10029
f 10014 10029 10028
f 10015 10016 10030
f 10015 10030 10029
f 10016 10003 10017
f 10016 10017 10030
f 10017 10018 10032
f 10017 10032 10031
f 10018 10019 10033
f 10018 10033 10032
f 10019 10020 10034
f 10019 10034 10033
f 10020 10021 10035
f 10020 10035 10034
f 10021 10022 10036
f 10021 10036 10035
f 10022 10023 10037
f 10022 10037 10036
f 10023 10024 10038
f 10023 10038 10037
f 10024 10025 10039
f 10024 10039 10038
f 10025 10026 10040
f 10025 10040 10039
f 10026 10027 10041
f 10026 10041 10040
f 10027 10028 10042
f 10027 10042 10041
f 10028 10029 10043
f 10028 10043 10042
f 10029 10030 10044
f 10029 10044 10043
f 10030 10017 10031
f 10030 10031 10044
f 10031 10032 10046
f 10031 10046 10045
f 10032 10033 10047
f 10032 10047 10046
f 10033 10034 10048
f 10033 10048 10047
f 10034 10035 10049
f 10034 10049 10048
f 10035 10036 10050
f 10035 10050 10049
f 10036 10037 10051
f 10036 10051 10050
f 10037 10038 10052
f 10037 10052 10051
f 10038 10039 10053
f 10038 10053 10052
f 10039 10040 10054
f 10039 10054 10053
f 10040 10041 10055
f 10040 10055 10054
f 10041 10042 10056
f 10041 10056 10055
f 10042 10043 10057
f 10042 10057 10056
f 10043 10044 10058
f 10043 10058 10057
f 10044 10031 10045
f 10044 10045 10058
f 10045 10046 10060
f 10045 10060 10059
f 10046 10047 10061
f 10046 10061 10060
f 10047 10048 10062
f 10047 10062 10061
f 10048 10049 10063
f 10048 10063 10062
f 10049 10050 10064
f 10049 10064 10063
f 10050 10051 10065
f 10050 10065 10064
f 10051 10052 10066
f 10051 10066 10065
f 10052 10053 10067
f 10052 10067 10066
f 10053 10054 10068
f 10053 10068 10067
f 10054 10055 10069
f 10054 10069 10068
f 10055 10056 10070
f 10055 10070 10069
f 10056 10057 10071
f 10056 10071 10070
f 10057 10058 10072
f 10057 10072 10071
f 10058 10045 10059
f 10058 10059 10072
f 10059 10060 10074
f 10059 10074 10073
f 10060 10061 10075
f 10060 10075 10074
f 10061 10062 10076
f 10061 10076 10075
f 10062 10063 10077
f 10062 10077 10076
f 10063 10064 10078
f 10063 10078 10077
f 10064 10065 10079
f 10064 10079 10078
f 10065 10066 10080
f 10065 10080 10079
f 10066 10067 10081
f 10066 10081 10080
f 10067 10068 10082
f 10067 10082 10081
f 10068 10069 10083
f 10068 10083 10082
f 10069 10070 10084
f 10069 10084 10083
f 10070 10071 10085
f 10070 10085 10084
f 10071 10072 10086
f 10071 10086 10085
f 10072 10059 10073
f 10072 10073 10086
f 10073 10074 10088
f 10073 10088 10087
f 10074 10075 10089
f 10074 10089 10088
f 10075 10076 10090
f 10075 10090 10089
f 10076 10077 10091
f 10076 10091 10090
f 10077 10078 10092
f 10077 10092 10091
f 10078 10079 10093
f 10078 10093 10092
f 10079 10080 10094
f 10079 10094 10093
f 10080 10081 10095
f 10080 10095 10094
f 10081 10082 10096
f 10081 10096 10095
f 10082 10083 10097
f 10082 10097 10096
f 10083 10084 10098
f 10083 10098 10097
f 10084 10085 10099
f 10084 10099 10098
f 10085 10086 10100
f 10085 10100 10099
f 10086 10073 10087
f 10086 10087 10100
f 10087 10088 10102
f 10087 10102 10101
f 10088 10089 10103
f 10088 10103 10102
f 10089 10090 10104
f 10089 10104 10103
f 10090 10091 10105
f 10090 10105 10104
f 10091 10092 10106
f 10091 10106 10105
f 10092 10093 10107
f 10092 10107 10106
f 10093 10094 10108
f 10093 10108 10107
f 10094 10095 10109
f 10094 10109 10108
f 10095 10096 10110
f 10095 10110 10109
f 10096 10097 10111
f 10096 10111 10110
f 10097 10098 10112
f 10097 10112 10111
f 10098 10099 10113
f 10098 10113 10112
f 10099 10100 10114
f 10099 10114 10113
f 10100 10087 10101
f 10100 10101 10114
f 10101 10102 10116
f 10101 10116 10115
f 10102 10103 10117
f 10102 10117 10116
f 10103 10104 10118
f 10103 10118 10117
f 10104 10105 10119
f 10104 10119 10118
f 10105 10106 10120
f 10105 10120 10119
f 10106 10107 10121
f 10106 10121 10120
f 10107 10108 10122
f 10107 10122 10121
f 10108 10109 10123
f 10108 10123 10122
f 10109 10110 10124
f 10109 10124 10123
f 10110 10111 10125
f 10110 10125 10124
f 10111 10112 10126
f 10111 10126 10125
f 10112 10113 10127
f 10112 10127 10126
f 10113 10114 10128
f 10113 10128 10127
f 10114 10101 10115
f 10114 10115 10128
f 10115 10116 10130
f 10115 10130 10129
f 10116 10117 10131
f 10116 10131 10130
f 10117 10118 10132
f 10117 10132 10131
f 10118 10119 10133
f 10118 10133 10132
f 10119 10120 10134
f 10119 10134 10133
f 10120 10121 10135
f 10120 10135 10134
f 10121 10122 10136
f 10121 10136 10135
f 10122 10123 10137
f 10122 10137 10136
f 10123 10124 10138
f 10123 10138 10137
f 10124 10125 10139
f 10124 10139 10138
f 10125 10126 10140
f 10125 10140 10139
f 10126 10127 10141
f 10126 10141 10140
f 10127 10128 10142
f 10127 10142 10141
f 10128 10115 10129
f 10128 10129 10142
f 10129 10130 10144
f 10129 10144 10143
f 10130 10131 10145
f 10130 10145 10144
f 10131 10132 10146
f 10131 10146 10145
f 10132 10133 10147
f 10132 10147 10146
f 10133 10134 10148
f 10133 10148 10147
f 10134 10135 10149
f 10134 10149 10148
f 10135 10136 10150
f 10135 10150 10149
f 10136 10137 10151
f 10136 10151 10150
f 10137 10138 10152
f 10137 10152 10151
f 10138 10139 10153
f 10138 10153 10152
f 10139 10140 10154
f 10139 10154 10153
f 10140 10141 10155
f 10140 10155 10154
f 10141 10142 10156
f 10141 10156 10155
f 10142 10129 10143
f 10142 10143 10156
f 10143 10144 10158
f 10143 10158 10157
f 10144 10145 10159
f 10144 10159 10158
f 10145 10146 10160
f 10145 10160 10159
f 10146 10147 10161
f 10146 10161 10160
f 10147 10148 10162
f 10147 10162 10161
f 10148 10149 10163
f 10148 10163 10162
f 10149 10150 10164
f 10149 10164 10163
f 10150 10151 10165
f 10150 10165 10164
f 10151 10152 10166
f 10151 10166 10165
f 10152 10153 10167
f 10152 10167 10166
f 10153 10154 10168
f 10153 10168 10167
f 10154 10155 10169
f 10154 10169 10168
f 10155 10156 10170
f 10155 10170 10169
f 10156 10143 10157
f 10156 10157 10170
f 10157 10158 10172
f 10157 10172 10171
f 10158 10159 10173
f 10158 10173 10172
f 10159 10160 10174
f 10159 10174 10173
f 10160 10161 10175
f 10160 10175 10174
f 10161 10162 10176
f 10161 10176 10175
f 10162 10163 10177
f 10162 10177 10176
f 10163 10164 10178
f 10163 10178 10177
f 10164 10165 10179
f 10164 10179 10178
f 10165 10166 10180
f 10165 10180 10179
f 10166 10167 10181
f 10166 10181 10180
f 10167 10168 10182
f 10167 10182 10181
f 10168 10169 10183
f 10168 10183 10182
f 10169 10170 10184
f 10169 10184 10183
f 10170 10157 10171
f 10170 10171 10184
f 10171 10172 10186
f 10171 10186 10185
f 10172 10173 10187
f 10172 10187 10186
f 10173 10174 10188
f 10173 10188 10187
f 10174 10175 10189
f 10174 10189 10188
f 10175 10176 10190
f 10175 10190 10189
f 10176 10177 10191
f 10176 10191 10190
f 10177 10178 10192
f 10177 10192 10191
f 10178 10179 10193
f 10178 10193 10192
f 10179 10180 10194
f 10179 10194 10193
f 10180 10181 10195
f 10180 10195 10194
f 10181 10182 10196
f 10181 10196 10195
f 10182 10183 10197
f 10182 10197 10196
f 10183 10184 10198
f 10183 10198 10197
f 10184 10171 10185
f 10184 10185 10198
f 10185 10186 10200
f 10185 10200 10199
f 10186 10187 10201
f 10186 10201 10200
f 10187 10188 10202
f 10187 10202 10201
f 10188 10189 10203
f 10188 10203 10202
f 10189 10190 10204
f 10189 10204 10203
f 10190 10191 10205
f 10190 10205 10204
f 10191 10192 10206
f 10191 10206 10205
f 10192 10193 10207
f 10192 10207 10206
f 10193 10194 10208
f 10193 10208 10207
f 10194 10195 10209
f 10194 10209 10208
f 10195 10196 10210
f 10195 10210 10209
f 10196 10197 10211
f 10196 10211 10210
f 10197 10198 10212
f 10197 10212 10211
f 10198 10185 10199
f 10198 10199 10212
f 10199 10200 10214
f 10199 10214 10213
f 10200 10201 10215
f 10200 10215 10214
f 10201 10202 10216
f 10201 10216 10215
f 10202 10203 10217
f 10202 10217 10216
f 10203 10204 10218
f 10203 10218 10217
f 10204 10205 10219
f 10204 10219 10218
f 10205 10206 10220
f 10205 10220 10219
f 10206 10207 10221
f 10206 10221 10220
f 10207 10208 10222
f 10207 10222 10221
f 10208 10209 10223
f 10208 10223 10222
f 10209 10210 10224
f 10209 10224 10223
f 10210 10211 10225
f 10210 10225 10224
f 10211 10212 10226
f 10211 10226 10225
f 10212 10199 10213
f 10212 10213 10226
f 10213 10214 10228
f 10213 10228 10227
f 10214 10215 10229
f 10214 10229 10228
f 10215 10216 10230
f 10215 10230 10229
f 10216 10217 10231
f 10216 10231 10230
f 10217 10218 10232
f 10217 10232 10231
f 10218 10219 10233
f 10218 10233 10232
f 10219 10220 10234
f 10219 10234 10233
f 10220 10221 10235
f 10220 10235 10234
f 10221 10222 10236
f 10221 10236 10235
f 10222 10223 10237
f 10222 10237 10236
f 10223 10224 10238
f 10223 10238 10237
f 10224 10225 10239
f 10224 10239 10238
f 10225 10226 10240
f 10225 10240 10239
f 10226 10213 10227
f 10226 10227 10240
f 10227 10228 10242
f 10227 10242 10241
f 10228 10229 10243
f 10228 10243 10242
f 10229 10230 10244
f 10229 10244 10243
f 10230 10231 10245
f 10230 10245 10244
f 10231 10232 10246
f 10231 10246 10245
f 10232 10233 10247
f 10232 10247 10246
f 10233 10234 10248
f 10233 10248 10247
f 10234 10235 10249
f 10234 10249 10248
f 10235 10236 10250
f 10235 10250 10249
f 10236 10237 10251
f 10236 10251 10250
f 10237 10238 10252
f 10237 10252 10251
f 10238 10239 10253
f 10238 10253 10252
f 10239 10240 10254
f 10239 10254 10253
f 10240 10227 10241
f 10240 10241 10254
f 10241 10242 10256
f 10241 10256 10255
f 10242 10243 10257
f 10242 10257 10256
f 10243 10244 10258
f 10243 10258 10257
f 10244 10245 10259
f 10244 10259 10258
f 10245 10246 10260
f 10245 10260 10259
f 10246 10247 10261
f 10246 10261 10260
f 10247 10248 10262
f 10247 10262 10261
f 10248 10249 10263
f 10248 10263 10262
f 10249 10250 10264
f 10249 10264 10263
f 10250 10251 10265
f 10250 10265 10264
f 10251 10252 10266
f 10251 10266 10265
f 10252 10253 10267
f 10252 10267 10266
f 10253 10254 10268
f 10253 10268 10267
f 10254 10241 10255
f 10254 10255 10268
f 10255 10256 10270
f 10255 10270 10269
f 10256 10257 10271
f 10256 10271 10270
f 10257 10258 10272
f 10257 10272 10271
f 10258 10259 10273
f 10258 10273 10272
f 10259 10260 10274
f 10259 10274 10273
f 10260 10261 10275
f 10260 10275 10274
f 10261 10262 10276
f 10261 10276 10275
f 10262 10263 10277
f 10262 10277 10276
f 10263 10264 10278
f 10263 10278 10277
f 10264 10265 10279
f 10264 10279 10278
f 10265 10266 10280
f 10265 10280 10279
f 10266 10267 10281
f 10266 10281 10280
f 10267 10268 10282
f 10267 10282 10281
f 10268 10255 10269
f 10268 10269 10282
f 10269 10270 10284
f 10269 10284 10283
f 10270 10271 10285
f 10270 10285 10284
f 10271 10272 10286
f 10271 10286 10285
f 10272 10273 10287
f 10272 10287 10286
f 10273 10274 10288
f 10273 10288 10287
f 10274 10275 10289
f 10274 10289 10288
f 10275 10276 10290
f 10275 10290 10289
f 10276 10277 10291
f 10276 10291 10290
f 10277 10278 10292
f 10277 10292 10291
f 10278 10279 10293
f 10278 10293 10292
f 10279 10280 10294
f 10279 10294 10293
f 10280 10281 10295
f 10280 10295 10294
f 10281 10282 10296
f 10281 10296 10295
f 10282 10269 10283
f 10282 10283 10296
f 10283 10284 10298
f 10283 10298 10297
f 10284 10285 10299
f 10284 10299 10298
f 10285 10286 10300
f 10285 10300 10299
f 10286 10287 10301
f 10286 10301 10300
f 10287 10288 10302
f 10287 10302 10301
f 10288 10289 10303
f 10288 10303 10302
f 10289 10290 10304
f 10289 10304 10303
f 10290 10291 10305
f 10290 10305 10304
f 10291 10292 10306
f 10291 10306 10305
f 10292 10293 10307
f 10292 10307 10306
f 10293 10294 10308
f 10293 10308 10307
f 10294 10295 10309
f 10294 10309 10308
f 10295 10296 10310
f 10295 10310 10309
f 10296 10283 10297
f 10296 10297 10310
f 10297 10298 10312
f 10297 10312 10311
f 10298 10299 10313
f 10298 10313 10312
f 10299 10300 10314
f 10299 10314 10313
f 10300 10301 10315
f 10300 10315 10314
f 10301 10302 10316
f 10301 10316 10315
f 10302 10303 10317
f 10302 10317 10316
f 10303 10304 10318
f 10303 10318 10317
f 10304 10305 10319
f 10304 10319 10318
f 10305 10306 10320
f 10305 10320 10319
f 10306 10307 10321
f 10306 10321 10320
f 10307 10308 10322
f 10307 10322 10321
f 10308 10309 10323
f 10308 10323 10322
f 10309 10310 10324
f 10309 10324 10323
f 10310 10297 10311
f 10310 10311 10324
f 10311 10312 10326
f 10311 10326 10325
f 10312 10313 10327
f 10312 10327 10326
f 10313 10314 10328
f 10313 10328 10327
f 10314 10315 10329
f 10314 10329 10328
f 10315 10316 10330
f 10315 10330 10329
f 10316 10317 10331
f 10316 10331 10330
f 10317 10318 10332
f 10317 10332 10331
f 10318 10319 10333
f 10318 10333 10332
f 10319 10320 10334
f 10319 10334 10333
f 10320 10321 10335
f 10320 10335 10334
f 10321 10322 10336
f 10321 10336 10335
f 10322 10323 10337
f 10322 10337 10336
f 10323 10324 10338
f 10323 10338 10337
f 10324 10311 10325
f 10324 10325 10338
f 10325 10326 10340
f 10325 10340 10339
f 10326 10327 10341
f 10326 10341 10340
f 10327 10328 10342
f 10327 10342 10341
f 10328 10329 10343
f 10328 10343 10342
f 10329 10330 10344
f 10329 10344 10343
f 10330 10331 10345
f 10330 10345 10344
f 10331 10332 10346
f 10331 10346 10345
f 10332 10333 10347
f 10332 10347 10346
f 10333 10334 10348
f 10333 10348 10347
f 10334 10335 10349
f 10334 10349 10348
f 10335 10336 10350
f 10335 10350 10349
f 10336 10337 10351
f 10336 10351 10350
f 10337 10338 10352
f 10337 10352 10351
f 10338 10325 10339
f 10338 10339 10352
f 10339 10340 10354
f 10339 10354 10353
f 10340 10341 10355
f 10340 10355 10354
f 10341 10342 10356
f 10341 10356 10355
f 10342 10343 10357
f 10342 10357 10356
f 10343 10344 10358
f 10343 10358 10357
f 10344 10345 10359
f 10344 10359 10358
f 10345 10346 10360
f 10345 10360 10359
f 10346 10347 10361
f 10346 10361 10360
f 10347 10348 10362
f 10347 10362 10361
f 10348 10349 10363
f 10348 10363 10362
f 10349 10350 10364
f 10349 10364 10363
f 10350 10351 10365
f 10350 10365 10364
f 10351 10352 10366
f 10351 10366 10365
f 10352 10339 10353
f 10352 10353 10366
f 10353 10354 10368
f 10353 10368 10367
f 10354 10355 10369
f 10354 10369 10368
f 10355 10356 10370
f 10355 10370 10369
f 10356 10357 10371
f 10356 10371 10370
f 10357 10358 10372
f 10357 10372 10371
f 10358 10359 10373
f 10358 10373 10372
f 10359 10360 10374
f 10359 10374 10373
f 10360 10361 10375
f 10360 10375 10374
f 10361 10362 10376
f 10361 10376 10375
f 10362 10363 10377
f 10362 10377 10376
f 10363 10364 10378
f 10363 10378 10377
f 10364 10365 10379
f 10364 10379 10378
f 10365 10366 10380
f 10365 10380 10379
f 10366 10353 10367
f 10366 10367 10380
f 10367 10368 10382
f 10367 10382 10381
f 10368 10369 10383
f 10368 10383 10382
f 10369 10370 10384
f 10369 10384 10383
f 10370 10371 10385
f 10370 10385 10384
f 10371 10372 10386
f 10371 10386 10385
f 10372 10373 10387
f 10372 10387 10386
f 10373 10374 10388
f 10373 10388 10387
f 10374 10375 10389
f 10374 10389 10388
f 10375 10376 10390
f 10375 10390 10389
f 10376 10377 10391
f 10376 10391 10390
f 10377 10378 10392
f 10377 10392 10391
f 10378 10379 10393
f 10378 10393 10392
f 10379 10380 10394
f 10379 10394 10393
f 10380 10367 10381
f 10380 10381 10394
f 10381 10382 10396
f 10381 10396 10395
f 10382 10383 10397
f 10382 10397 10396
f 10383 10384 10398
f 10383 10398 10397
f 10384 10385 10399
f 10384 10399 10398
f 10385 10386 10400
f 10385 10400 10399
f 10386 10387 10401
f 10386 10401 10400
f 10387 10388 10402
f 10387 10402 10401
f 10388 10389 10403
f 10388 10403 10402
f 10389 10390 10404
f 10389 10404 10403
f 10390 10391 10405
f 10390 10405 10404
f 10391 10392 10406
f 10391 10406 10405
f 10392 10393 10407
f 10392 10407 10406
f 10393 10394 10408
f 10393 10408 10407
f 10394 10381 10395
f 10394 10395 10408
f 10395 10396 10410
f 10395 10410 10409
f 10396 10397 10411
f 10396 10411 10410
f 10397 10398 10412
f 10397 10412 10411
f 10398 10399 10413
f 10398 10413 10412
f 10399 10400 10414
f 10399 10414 10413
f 10400 10401 10415
f 10400 10415 10414
f 10401 10402 10416
f 10401 10416 10415
f 10402 10403 10417
f 10402 10417 10416
f 10403 10404 10418
f 10403 10418 10417
f 10404 10405 10419
f 10404 10419 10418
f 10405 10406 10420
f 10405 10420 10419
f 10406 10407 10421
f 10406 10421 10420
f 10407 10408 10422
f 10407 10422 10421
f 10408 10395 10409
f 10408 10409 10422
f 10409 10410 10424
f 10409 10424 10423
f 10410 10411 10425
f 10410 10425 10424
f 10411 10412 10426
f 10411 10426 10425
f 10412 10413 10427
f 10412 10427 10426
f 10413 10414 10428
f 10413 10428 10427
f 10414 10415 10429
f 10414 10429 10428
f 10415 10416 10430
f 10415 10430 10429
f 10416 10417 10431
f 10416 10431 10430
f 10417 10418 10432
f 10417 10432 10431
f 10418 10419 10433
f 10418 10433 10432
f 10419 10420 10434
f 10419 10434 10433
f 10420 10421 10435
f 10420 10435 10434
f 10421 10422 10436
f 10421 10436 10435
f 10422 10409 10423
f 10422 10423 10436
f 10423 10424 10438
f 10423 10438 10437
f 10424 10425 10439
f 10424 10439 10438
f 10425 10426 10440
f 10425 10440 10439
f 10426 10427 10441
f 10426 10441 10440
f 10427 10428 10442
f 10427 10442 10441
f 10428 10429 10443
f 10428 10443 10442
f 10429 10430 10444
f 10429 10444 10443
f 10430 10431 10445
f 10430 10445 10444
f 10431 10432 10446
f 10431 10446 10445
f 10432 10433 10447
f 10432 10447 10446
f 10433 10434 10448
f 10433 10448 10447
f 10434 10435 10449
f 10434 10449 10448
f 10435 10436 10450
f 10435 10450 10449
f 10436 10423 10437
f 10436 10437 10450
f 10437 10438 10452
f 10437 10452 10451
f 10438 10439 10453
f 10438 10453 10452
f 10439 10440 10454
f 10439 10454 10453
f 10440 10441 10455
f 10440 10455 10454
f 10441 10442 10456
f 10441 10456 10455
f 10442 10443 10457
f 10442 10457 10456
f 10443 10444 10458
f 10443 10458 10457
f 10444 10445 10459
f 10444 10459 10458
f 10445 10446 10460
f 10445 10460 10459
f 10446 10447 10461
f 10446 10461 10460
f 10447 10448 10462
f 10447 10462 10461
f 10448 10449 10463
f 10448 10463 10462
f 10449 10450 10464
f 10449 10464 10463
f 10450 10437 10451
f 10450 10451 10464
f 10451 10452 10466
f 10451 10466 10465
f 10452 10453 10467
f 10452 10467 10466
f 10453 10454 10468
f 10453 10468 10467
f 10454 10455 10469
f 10454 10469 10468
f 10455 10456 10470
f 10455 10470 10469
f 10456 10457 10471
f 10456 10471 10470
f 10457 10458 10472
f 10457 10472 10471
f 10458 10459 10473
f 10458 10473 10472
f 10459 10460 10474
f 10459 10474 10473
f 10460 10461 10475
f 10460 10475 10474
f 10461 10462 10476
f 10461 10476 10475
f 10462 10463 10477
f 10462 10477 10476
f 10463 10464 10478
f 10463 10478 10477
f 10464 10451 10465
f 10464 10465 10478
f 10465 10466 10480
f 10465 10480 10479
f 10466 10467 10481
f 10466 10481 10480
f 10467 10468 10482
f 10467 10482 10481
f 10468 10469 10483
f 10468 10483 10482
f 10469 10470 10484
f 10469 10484 10483
f 10470 10471 10485
f 10470 10485 10484
f 10471 10472 10486
f 10471 10486 10485
f 10472 10473 10487
f 10472 10487 10486
f 10473 10474 10488
f 10473 10488 10487
f 10474 10475 10489
f 10474 10489 10488
f 10475 10476 10490
f 10475 10490 10489
f 10476 10477 10491
f 10476 10491 10490
f 10477 10478 10492
f 10477 10492 10491
f 10478 10465 10479
f 10478 10479 10492
f 10479 10480 10494
f 10479 10494 10493
f 10480 10481 10495
f 10480 10495 10494
f 10481 10482 10496
f 10481 10496 10495
f 10482 10483 10497
f 10482 10497 10496
f 10483 10484 10498
f 10483 10498 10497
f 10484 10485 10499
f 10484 10499 10498
f 10485 10486 10500
f 10485 10500 10499
f 10486 10487 10501
f 10486 10501 10500
f 10487 10488 10502
f 10487 10502 10501
f 10488 10489 10503
f 10488 10503 10502
f 10489 10490 10504
f 10489 10504 10503
f 10490 10491 10505
f 10490 10505 10504
f 10491 10492 10506
f 10491 10506 10505
f 10492 10479 10493
f 10492 10493 10506
f 10493 10494 10508
f 10493 10508 10507
f 10494 10495 10509
f 10494 10509 10508
f 10495 10496 10510
f 10495 10510 10509
f 10496 10497 10511
f 10496 10511 10510
f 10497 10498 10512
f 10497 10512 10511
f 10498 10499 10513
f 10498 10513 10512
f 10499 10500 10514
f 10499 10514 10513
f 10500 10501 10515
f 10500 10515 10514
f 10501 10502 10516
f 10501 10516 10515
f 10502 10503 10517
f 10502 10517 10516
f 10503 10504 10518
f 10503 10518 10517
f 10504 10505 10519
f 10504 10519 10518
f 10505 10506 10520
f 10505 10520 10519
f 10506 10493 10507
f 10506 10507 10520
f 10507 10508 10522
f 10507 10522 10521
f 10508 10509 10523
f 10508 10523 10522
f 10509 10510 10524
f 10509 10524 10523
f 10510 10511 10525
f 10510 10525 10524
f 10511 10512 10526
f 10511 10526 10525
f 10512 10513 10527
f 10512 10527 10526
f 10513 10514 10528
f 10513 10528 10527
f 10514 10515 10529
f 10514 10529 10528
f 10515 10516 10530
f 10515 10530 10529
f 10516 10517 10531
f 10516 10531 10530
f 10517 10518 10532
f 10517 10532 10531
f 10518 10519 10533
f 10518 10533 10532
f 10519 10520 10534
f 10519 10534 10533
f 10520 10507 10521
f 10520 10521 10534
f 10521 10522 10536
f 10521 10536 10535
f 10522 10523 10537
f 10522 10537 10536
f 10523 10524 10538
f 10523 10538 10537
f 10524 10525 10539
f 10524 10539 10538
f 10525 10526 10540
f 10525 10540 10539
f 10526 10527 10541
f 10526 10541 10540
f 10527 10528 10542
f 10527 10542 10541
f 10528 10529 10543
f 10528 10543 10542
f 10529 10530 10544
f 10529 10544 10543
f 10530 10531 10545
f 10530 10545 10544
f 10531 10532 10546
f 10531 10546 10545
f 10532 10533 10547
f 10532 10547 10546
f 10533 10534 10548
f 10533 10548 10547
f 10534 10521 10535
f 10534 10535 10548
f 10535 10536 10550
f 10535 10550 10549
f 10536 10537 10551
f 10536 10551 10550
f 10537 10538 10552
f 10537 10552 10551
f 10538 10539 10553
f 10538 10553 10552
f 10539 10540 10554
f 10539 10554 10553
f 10540 10541 10555
f 10540 10555 10554
f 10541 10542 10556
f 10541 10556 10555
f 10542 10543 10557
f 10542 10557 10556
f 10543 10544 10558
f 10543 10558 10557
f 10544 10545 10559
f 10544 10559 10558
f 10545 10546 10560
f 10545 10560 10559
f 10546 10547 10561
f 10546 10561 10560
f 10547 10548 10562
f 10547 10562 10561
f 10548 10535 10549
f 10548 10549 10562
f 10549 10550 10564
f 10549 10564 10563
f 10550 10551 10565
f 10550 10565 10564
f 10551 10552 10566
f 10551 10566 10565
f 10552 10553 10567
f 10552 10567 10566
f 10553 10554 10568
f 10553 10568 10567
f 10554 10555 10569
f 10554 10569 10568
f 10555 10556 10570
f 10555 10570 10569
f 10556 10557 10571
f 10556 10571 10570
f 10557 10558 10572
f 10557 10572 10571
f 10558 10559 10573
f 10558 10573 10572
f 10559 10560 10574
f 10559 10574 10573
f 10560 10561 10575
f 10560 10575 10574
f 10561 10562 10576
f 10561 10576 10575
f 10562 10549 10563
f 10562 10563 10576
f 10563 10564 10578
f 10563 10578 10577
f 10564 10565 10579
f 10564 10579 10578
f 10565 10566 10580
f 10565 10580 10579
f 10566 10567 10581
f 10566 10581 10580
f 10567 10568 10582
f 10567 10582 10581
f 10568 10569 10583
f 10568 10583 10582
f 10569 10570 10584
f 10569 10584 10583
f 10570 10571 10585
f 10570 10585 10584
f 10571 10572 10586
f 10571 10586 10585
f 10572 10573 10587
f 10572 10587 10586
f 10573 10574 10588
f 10573 10588 10587
f 10574 10575 10589
f 10574 10589 10588
f 10575 10576 10590
f 10575 10590 10589
f 10576 10563 10577
f 10576 10577 10590
f 10577 10578 10592
f 10577 10592 10591
f 10578 10579 10593
f 10578 10593 10592
f 10579 10580 10594
f 10579 10594 10593
f 10580 10581 10595
f 10580 10595 10594
f 10581 10582 10596
f 10581 10596 10595
f 10582 10583 10597
f 10582 10597 10596
f 10583 10584 10598
f 10583 10598 10597
f 10584 10585 10599
f 10584 10599 10598
f 10585 10586 10600
f 10585 10600 10599
f 10586 10587 10601
f 10586 10601 10600
f 10587 10588 10602
f 10587 10602 10601
f 10588 10589 10603
f 10588 10603 10602
f 10589 10590 10604
f 10589 10604 10603
f 10590 10577 10591
f 10590 10591 10604
f 10591 10592 10606
f 10591 10606 10605
f 10592 10593 10607
f 10592 10607 10606
f 10593 10594 10608
f 10593 10608 10607
f 10594 10595 10609
f 10594 10609 10608
f 10595 10596 10610
f 10595 10610 10609
f 10596 10597 10611
f 10596 10611 10610
f 10597 10598 10612
f 10597 10612 10611
f 10598 10599 10613
f 10598 10613 10612
f 10599 10600 10614
f 10599 10614 10613
f 10600 10601 10615
f 10600 10615 10614
f 10601 10602 10616
f 10601 10616 10615
f 10602 10603 10617
f 10602 10617 10616
f 10603 10604 10618
f 10603 10618 10617
f 10604 10591 10605
f 10604 10605 10618
f 10605 10606 10620
f 10605 10620 10619
f 10606 10607 10621
f 10606 10621 10620
f 10607 10608 10622
f 10607 10622 10621
f 10608 10609 10623
f 10608 10623 10622
f 10609 10610 10624
f 10609 10624 10623
f 10610 10611 10625
f 10610 10625 10624
f 10611 10612 10626
f 10611 10626 10625
f 10612 10613 10627
f 10612 10627 10626
f 10613 10614 10628
f 10613 10628 10627
f 10614 10615 10629
f 10614 10629 10628
f 10615 10616 10630
f 10615 10630 10629
f 10616 10617 10631
f 10616 10631 10630
f 10617 10618 10632
f 10617 10632 10631
f 10618 10605 10619
f 10618 10619 10632
f 10619 10620 10634
f 10619 10634 10633
f 10620 10621 10635
f 10620 10635 10634
f 10621 10622 10636
f 10621 10636 10635
f 10622 10623 10637
f 10622 10637 10636
f 10623 10624 10638
f 10623 10638 10637
f 10624 10625 10639
f 10624 10639 10638
f 10625 10626 10640
f 10625 10640 10639
f 10626 10627 10641
f 10626 10641 10640
f 10627 10628 10642
f 10627 10642 10641
f 10628 10629 10643
f 10628 10643 10642
f 10629 10630 10644
f 10629 10644 10643
f 10630 10631 10645
f 10630 10645 10644
f 10631 10632 10646
f 10631 10646 10645
f 10632 10619 10633
f 10632 10633 10646
f 10633 10634 10648
f 10633 10648 10647
f 10634 10635 10649
f 10634 10649 10648
f 10635 10636 10650
f 10635 10650 10649
f 10636 10637 10651
f 10636 10651 10650
f 10637 10638 10652
f 10637 10652 10651
f 10638 10639 10653
f 10638 10653 10652
f 10639 10640 10654
f 10639 10654 10653
f 10640 10641 10655
f 10640 10655 10654
f 10641 10642 10656
f 10641 10656 10655
f 10642 10643 10657
f 10642 10657 10656
f 10643 10644 10658
f 10643 10658 10657
f 10644 10645 10659
f 10644 10659 10658
f 10645 10646 10660
f 10645 10660 10659
f 10646 10633 10647
f 10646 10647 10660
f 10647 10648 10662
f 10647 10662 10661
f 10648 10649 10663
f 10648 10663 10662
f 10649 10650 10664
f 10649 10664 10663
f 10650 10651 10665
f 10650 10665 10664
f 10651 10652 10666
f 10651 10666 10665
f 10652 10653 10667
f 10652 10667 10666
f 10653 10654 10668
f 10653 10668 10667
f 10654 10655 10669
f 10654 10669 10668
f 10655 10656 10670
f 10655 10670 10669
f 10656 10657 10671
f 10656 10671 10670
f 10657 10658 10672
f 10657 10672 10671
f 10658 10659 10673
f 10658 10673 10672
f 10659 10660 10674
f 10659 10674 10673
f 10660 10647 10661
f 10660 10661 10674
f 10661 10662 10676
f 10661 10676 10675
f 10662 10663 10677
f 10662 10677 10676
f 10663 10664 10678
f 10663 10678 10677
f 10664 10665 10679
f 10664 10679 10678
f 10665 10666 10680
f 10665 10680 10679
f 10666 10667 10681
f 10666 10681 10680
f 10667 10668 10682
f 10667 10682 10681
f 10668 10669 10683
f 10668 10683 10682
f 10669 10670 10684
f 10669 10684 10683
f 10670 10671 10685
f 10670 10685 10684
f 10671 10672 10686
f 10671 10686 10685
f 10672 10673 10687
f 10672 10687 10686
f 10673 10674 10688
f 10673 10688 10687
f 10674 10661 10675
f 10674 10675 10688
f 10675 10676 10690
f 10675 10690 10689
f 10676 10677 10691
f 10676 10691 10690
f 10677 10678 10692
f 10677 10692 10691
f 10678 10679 10693
f 10678 10693 10692
f 10679 10680 10694
f 10679 10694 10693
f 10680 10681 10695
f 10680 10695 10694
f 10681 10682 10696
f 10681 10696 10695
f 10682 10683 10697
f 10682 10697 10696
f 10683 10684 10698
f 10683 10698 10697
f 10684 10685 10699
f 10684 10699 10698
f 10685 10686 10700
f 10685 10700 10699
f 10686 10687 10701
f 10686 10701 10700
f 10687 10688 10702
f 10687 10702 10701
f 10688 10675 10689
f 10688 10689 10702
f 10689 10690 10704
f 10689 10704 10703
f 10690 10691 10705
f 10690 10705 10704
f 10691 10692 10706
f 10691 10706 10705
f 10692 10693 10707
f 10692 10707 10706
f 10693 10694 10708
f 10693 10708 10707
f 10694 10695 10709
f 10694 10709 10708
f 10695 10696 10710
f 10695 10710 10709
f 10696 10697 10711
f 10696 10711 10710
f 10697 10698 10712
f 10697 10712 10711
f 10698 10699 10713
f 10698 10713 10712
f 10699 10700 10714
f 10699 10714 10713
f 10700 10701 10715
f 10700 10715 10714
f 10701 10702 10716
f 10701 10716 10715
f 10702 10689 10703
f 10702 10703 10716
f 10703 10704 10718
f 10703 10718 10717
f 10704 10705 10719
f 10704 10719 10718
f 10705 10706 10720
f 10705 10720 10719
f 10706 10707 10721
f 10706 10721 10720
f 10707 10708 10722
f 10707 10722 10721
f 10708 10709 10723
f 10708 10723 10722
f 10709 10710 10724
f 10709 10724 10723
f 10710 10711 10725
f 10710 10725 10724
f 10711 10712 10726
f 10711 10726 10725
f 10712 10713 10727
f 10712 10727 10726
f 10713 10714 10728
f 10713 10728 10727
f 10714 10715 10729
f 10714 10729 10728
f 10715 10716 10730
f 10715 10730 10729
f 10716 10703 10717
f 10716 10717 10730
f 10717 10718 10732
f 10717 10732 10731
f 10718 10719 10733
f 10718 10733 10732
f 10719 10720 10734
f 10719 10734 10733
f 10720 10721 10735
f 10720 10735 10734
f 10721 10722 10736
f 10721 10736 10735
f 10722 10723 10737
f 10722 10737 10736
f 10723 10724 10738
f 10723 10738 10737
f 10724 10725 10739
f 10724 10739 10738
f 10725 10726 10740
f 10725 10740 10739
f 10726 10727 10741
f 10726 10741 10740
f 10727 10728 10742
f 10727 10742 10741
f 10728 10729 10743
f 10728 10743 10742
f 10729 10730 10744
f 10729 10744 10743
f 10730 10717 10731
f 10730 10731 10744
f 10731 10732 10746
f 10731 10746 10745
f 10732 10733 10747
f 10732 10747 10746
f 10733 10734 10748
f 10733 10748 10747
f 10734 10735 10749
f 10734 10749 10748
f 10735 10736 10750
f 10735 10750 10749
f 10736 10737 10751
f 10736 10751 10750
f 10737 10738 10752
f 10737 10752 10751
f 10738 10739 10753
f 10738 10753 10752
f 10739 10740 10754
f 10739 10754 10753
f 10740 10741 10755
f 10740 10755 10754
f 10741 10742 10756
f 10741 10756 10755
f 10742 10743 10757
f 10742 10757 10756
f 10743 10744 10758
f 10743 10758 10757
f 10744 10731 10745
f 10744 10745 10758
f 10745 10746 10760
f 10745 10760 10759
f 10746 10747 10761
f 10746 10761 10760
f 10747 10748 10762
f 10747 10762 10761
f 10748 10749 10763
f 10748 10763 10762
f 10749 10750 10764
f 10749 10764 10763
f 10750 10751 10765
f 10750 10765 10764
f 10751 10752 10766
f 10751 10766 10765
f 10752 10753 10767
f 10752 10767 10766
f 10753 10754 10768
f 10753 10768 10767
f 10754 10755 10769
f 10754 10769 10768
f 10755 10756 10770
f 10755 10770 10769
f 10756 10757 10771
f 10756 10771 10770
f 10757 10758 10772
f 10757 10772 10771
f 10758 10745 10759
f 10758 10759 10772
f 10759 10760 10774
f 10759 10774 10773
f 10760 10761 10775
f 10760 10775 10774
f 10761 10762 10776
f 10761 10776 10775
f 10762 10763 10777
f 10762 10777 10776
f 10763 10764 10778
f 10763 10778 10777
f 10764 10765 10779
f 10764 10779 10778
f 10765 10766 10780
f 10765 10780 10779
f 10766 10767 10781
f 10766 10781 10780
f 10767 10768 10782
f 10767 10782 10781
f 10768 10769 10783
f 10768 10783 10782
f 10769 10770 10784
f 10769 10784 10783
f 10770 10771 10785
f 10770 10785 10784
f 10771 10772 10786
f 10771 10786 10785
f 10772 10759 10773
f 10772 10773 10786
f 10773 10774 10788
f 10773 10788 10787
f 10774 10775 10789
f 10774 10789 10788
f 10775 10776 10790
f 10775 10790 10789
f 10776 10777 10791
f 10776 10791 10790
f 10777 10778 10792
f 10777 10792 10791
f 10778 10779 10793
f 10778 10793 10792
f 10779 10780 10794
f 10779 10794 10793
f 10780 10781 10795
f 10780 10795 10794
f 10781 10782 10796
f 10781 10796 10795
f 10782 10783 10797
f 10782 10797 10796
f 10783 10784 10798
f 10783 10798 10797
f 10784 10785 10799
f 10784 10799 10798
f 10785 10786 10800
f 10785 10800 10799
f 10786 10773 10787
f 10786 10787 10800
f 10787 10788 10802
f 10787 10802 10801
f 10788 10789 10803
f 10788 10803 10802
f 10789 10790 10804
f 10789 10804 10803
f 10790 10791 10805
f 10790 10805 10804
f 10791 10792 10806
f 10791 10806 10805
f 10792 10793 10807
f 10792 10807 10806
f 10793 10794 10808
f 10793 10808 10807
f 10794 10795 10809
f 10794 10809 10808
f 10795 10796 10810
f 10795 10810 10809
f 10796 10797 10811
f 10796 10811 10810
f 10797 10798 10812
f 10797 10812 10811
f 10798 10799 10813
f 10798 10813 10812
f 10799 10800 10814
f 10799 10814 10813
f 10800 10787 10801
f 10800 10801 10814
f 10801 10802 10816
f 10801 10816 10815
f 10802 10803 10817
f 10802 10817 10816
f 10803 10804 10818
f 10803 10818 10817
f 10804 10805 10819
f 10804 10819 10818
f 10805 10806 10820
f 10805 10820 10819
f 10806 10807 10821
f 10806 10821 10820
f 10807 10808 10822
f 10807 10822 10821
f 10808 10809 10823
f 10808 10823 10822
f 10809 10810 10824
f 10809 10824 10823
f 10810 10811 10825
f 10810 10825 10824
f 10811 10812 10826
f 10811 10826 10825
f 10812 10813 10827
f 10812 10827 10826
f 10813 10814 10828
f 10813 10828 10827
f 10814 10801 10815
f 10814 10815 10828
f 10815 10816 10830
f 10815 10830 10829
f 10816 10817 10831
f 10816 10831 10830
f 10817 10818 10832
f 10817 10832 10831
f 10818 10819 10833
f 10818 10833 10832
f 10819 10820 10834
f 10819 10834 10833
f 10820 10821 10835
f 10820 10835 10834
f 10821 10822 10836
f 10821 10836 10835
f 10822 10823 10837
f 10822 10837 10836
f 10823 10824 10838
f 10823 10838 10837
f 10824 10825 10839
f 10824 10839 10838
f 10825 10826 10840
f 10825 10840 10839
f 10826 10827 10841
f 10826 10841 10840
f 10827 10828 10842
f 10827 10842 10841
f 10828 10815 10829
f 10828 10829 10842
f 10829 10830 10844
f 10829 10844 10843
f 10830 10831 10845
f 10830 10845 10844
f 10831 10832 10846
f 10831 10846 10845
f 10832 10833 10847
f 10832 10847 10846
f 10833 10834 10848
f 10833 10848 10847
f 10834 10835 10849
f 10834 10849 10848
f 10835 10836 10850
f 10835 10850 10849
f 10836 10837 10851
f 10836 10851 10850
f 10837 10838 10852
f 10837 10852 10851
f 10838 10839 10853
f 10838 10853 10852
f 10839 10840 10854
f 10839 10854 10853
f 10840 10841 10855
f 10840 10855 10854
f 10841 10842 10856
f 10841 10856 10855
f 10842 10829 10843
f 10842 10843 10856
f 10843 10844 10858
f 10843 10858 10857
f 10844 10845 10859
f 10844 10859 10858
f 10845 10846 10860
f 10845 10860 10859
f 10846 10847 10861
f 10846 10861 10860
f 10847 10848 10862
f 10847 10862 10861
f 10848 10849 10863
f 10848 10863 10862
f 10849 10850 10864
f 10849 10864 10863
f 10850 10851 10865
f 10850 10865 10864
f 10851 10852 10866
f 10851 10866 10865
f 10852 10853 10867
f 10852 10867 10866
f 10853 10854 10868
f 10853 10868 10867
f 10854 10855 10869
f 10854 10869 10868
f 10855 10856 10870
f 10855 10870 10869
f 10856 10843 10857
f 10856 10857 10870
f 10857 10858 10872
f 10857 10872 10871
f 10858 10859 10873
f 10858 10873 10872
f 10859 10860 10874
f 10859 10874 10873
f 10860 10861 10875
f 10860 10875 10874
f 10861 10862 10876
f 10861 10876 10875
f 10862 10863 10877
f 10862 10877 10876
f 10863 10864 10878
f 10863 10878 10877
f 10864 10865 10879
f 10864 10879 10878
f 10865 10866 10880
f 10865 10880 10879
f 10866 10867 10881
f 10866 10881 10880
f 10867 10868 10882
f 10867 10882 10881
f 10868 10869 10883
f 10868 10883 10882
f 10869 10870 10884
f 10869 10884 10883
f 10870 10857 10871
f 10870 10871 10884
f 10871 10872 10886
f 10871 10886 10885
f 10872 10873 10887
f 10872 10887 10886
f 10873 10874 10888
f 10873 10888 10887
f 10874 10875 10889
f 10874 10889 10888
f 10875 10876 10890
f 10875 10890 10889
f 10876 10877 10891
f 10876 10891 10890
f 10877 10878 10892
f 10877 10892 10891
f 10878 10879 10893
f 10878 10893 10892
f 10879 10880 10894
f 10879 10894 10893
f 10880 10881 10895
f 10880 10895 10894
f 10881 10882 10896
f 10881 10896 10895
f 10882 10883 10897
f 10882 10897 10896
f 10883 10884 10898
f 10883 10898 10897
f 10884 10871 10885
f 10884 10885 10898
f 10885 10886 10900
f 10885 10900 10899
f 10886 10887 10901
f 10886 10901 10900
f 10887 10888 10902
f 10887 10902 10901
f 10888 10889 10903
f 10888 10903 10902
f 10889 10890 10904
f 10889 10904 10903
f 10890 10891 10905
f 10890 10905 10904
f 10891 10892 10906
f 10891 10906 10905
f 10892 10893 10907
f 10892 10907 10906
f 10893 10894 10908
f 10893 10908 10907
f 10894 10895 10909
f 10894 10909 10908
f 10895 10896 10910
f 10895 10910 10909
f 10896 10897 10911
f 10896 10911 10910
f 10897 10898 10912
f 10897 10912 10911
f 10898 10885 10899
f 10898 10899 10912
f 10899 10900 10914
f 10899 10914 10913
f 10900 10901 10915
f 10900 10915 10914
f 10901 10902 10916
f 10901 10916 10915
f 10902 10903 10917
f 10902 10917 10916
f 10903 10904 10918
f 10903 10918 10917
f 10904 10905 10919
f 10904 10919 10918
f 10905 10906 10920
f 10905 10920 10919
f 10906 10907 10921
f 10906 10921 10920
f 10907 10908 10922
f 10907 10922 10921
f 10908 10909 10923
f 10908 10923 10922
f 10909 10910 10924
f 10909 10924 10923
f 10910 10911 10925
f 10910 10925 10924
f 10911 10912 10926
f 10911 10926 10925
f 10912 10899 10913
f 10912 10913 10926
f 10913 10914 10928
f 10913 10928 10927
f 10914 10915 10929
f 10914 10929 10928
f 10915 10916 10930
f 10915 10930 10929
f 10916 10917 10931
f 10916 10931 10930
f 10917 10918 10932
f 10917 10932 10931
f 10918 10919 10933
f 10918 10933 10932
f 10919 10920 10934
f 10919 10934 10933
f 10920 10921 10935
f 10920 10935 10934
f 10921 10922 10936
f 10921 10936 10935
f 10922 10923 10937
f 10922 10937 10936
f 10923 10924 10938
f 10923 10938 10937
f 10924 10925 10939
f 10924 10939 10938
f 10925 10926 10940
f 10925 10940 10939
f 10926 10913 10927
f 10926 10927 10940
f 10927 10928 10942
f 10927 10942 10941
f 10928 10929 10943
f 10928 10943 10942
f 10929 10930 10944
f 10929 10944 10943
f 10930 10931 10945
f 10930 10945 10944
f 10931 10932 10946
f 10931 10946 10945
f 10932 10933 10947
f 10932 10947 10946
f 10933 10934 10948
f 10933 10948 10947
f 10934 10935 10949
f 10934 10949 10948
f 10935 10936 10950
f 10935 10950 10949
f 10936 10937 10951
f 10936 10951 10950
f 10937 10938 10952
f 10937 10952 10951
f 10938 10939 10953
f 10938 10953 10952
f 10939 10940 10954
f 10939 10954 10953
f 10940 10927 10941
f 10940 10941 10954
f 10941 10942 10956
f 10941 10956 10955
f 10942 10943 10957
f 10942 10957 10956
f 10943 10944 10958
f 10943 10958 10957
f 10944 10945 10959
f 10944 10959 10958
f 10945 10946 10960
f 10945 10960 10959
f 10946 10947 10961
f 10946 10961 10960
f 10947 10948 10962
f 10947 10962 10961
f 10948 10949 10963
f 10948 10963 10962
f 10949 10950 10964
f 10949 10964 10963
f 10950 10951 10965
f 10950 10965 10964
f 10951 10952 10966
f 10951 10966 10965
f 10952 10953 10967
f 10952 10967 10966
f 10953 10954 10968
f 10953 10968 10967
f 10954 10941 10955
f 10954 10955 10968
f 10955 10956 10970
f 10955 10970 10969
f 10956 10957 10971
f 10956 10971 10970
f 10957 10958 10972
f 10957 10972 10971
f 10958 10959 10973
f 10958 10973 10972
f 10959 10960 10974
f 10959 10974 10973
f 10960 10961 10975
f 10960 10975 10974
f 10961 10962 10976
f 10961 10976 10975
f 10962 10963 10977
f 10962 10977 10976
f 10963 10964 10978
f 10963 10978 10977
f 10964 10965 10979
f 10964 10979 10978
f 10965 10966 10980
f 10965 10980 10979
f 10966 10967 10981
f 10966 10981 10980
f 10967 10968 10982
f 10967 10982 10981
f 10968 10955 10969
f 10968 10969 10982
f 10969 10970 10984
f 10969 10984 10983
f 10970 10971 10985
f 10970 10985 10984
f 10971 10972 10986
f 10971 10986 10985
f 10972 10973 10987
f 10972 10987 10986
f 10973 10974 10988
f 10973 10988 10987
f 10974 10975 10989
f 10974 10989 10988
f 10975 10976 10990
f 10975 10990 10989
f 10976 10977 10991
f 10976 10991 10990
f 10977 10978 10992
f 10977 10992 10991
f 10978 10979 10993
f 10978 10993 10992
f 10979 10980 10994
f 10979 10994 10993
f 10980 10981 10995
f 10980 10995 10994
f 10981 10982 10996
f 10981 10996 10995
f 10982 10969 10983
f 10982 10983 10996
f 10983 10984 10998
f 10983 10998 10997
f 10984 10985 10999
f 10984 10999 10998
f 10985 10986 11000
f 10985 11000 10999
f 10986 10987 11001
f 10986 11001 11000
f 10987 10988 11002
f 10987 11002 11001
f 10988 10989 11003
f 10988 11003 11002
f 10989 10990 11004
f 10989 11004 11003
f 10990 10991 11005
f 10990 11005 11004
f 10991 10992 11006
f 10991 11006 11005
f 10992 10993 11007
f 10992 11007 11006
f 10993 10994 11008
f 10993 11008 11007
f 10994 10995 11009
f 10994 11009 11008
f 10995 10996 11010
f 10995 11010 11009
f 10996 10983 10997
f 10996 10997 11010
f 10997 10998 11012
f 10997 11012 11011
f 10998 10999 11013
f 10998 11013 11012
f 10999 11000 11014
f 10999 11014 11013
f 11000 11001 11015
f 11000 11015 11014
f 11001 11002 11016
f 11001 11016 11015
f 11002 11003 11017
f 11002 11017 11016
f 11003 11004 11018
f 11003 11018 11017
f 11004 11005 11019
f 11004 11019 11018
f 11005 11006 11020
f 11005 11020 11019
f 11006 11007 11021
f 11006 11021 11020
f 11007 11008 11022
f 11007 11022 11021
f 11008 11009 11023
f 11008 11023 11022
f 11009 11010 11024
f 11009 11024 11023
f 11010 10997 11011
f 11010 11011 11024
f 11011 11012 11026
f 11011 11026 11025
f 11012 11013 11027
f 11012 11027 11026
f 11013 11014 11028
f 11013 11028 11027
f 11014 11015 11029
f 11014 11029 11028
f 11015 11016 11030
f 11015 11030 11029
f 11016 11017 11031
f 11016 11031 11030
f 11017 11018 11032
f 11017 11032 11031
f 11018 11019 11033
f 11018 11033 11032
f 11019 11020 11034
f 11019 11034 11033
f 11020 11021 11035
f 11020 11035 11034
f 11021 11022 11036
f 11021 11036 11035
f 11022 11023 11037
f 11022 11037 11036
f 11023 11024 11038
f 11023 11038 11037
f 11024 11011 11025
f 11024 11025 11038
f 11025 11026 11040
f 11025 11040 11039
f 11026 11027 11041
f 11026 11041 11040
f 11027 11028 11042
f 11027 11042 11041
f 11028 11029 11043
f 11028 11043 11042
f 11029 11030 11044
f 11029 11044 11043
f 11030 11031 11045
f 11030 11045 11044
f 11031 11032 11046
f 11031 11046 11045
f 11032 11033 11047
f 11032 11047 11046
f 11033 11034 11048
f 11033 11048 11047
f 11034 11035 11049
f 11034 11049 11048
f 11035 11036 11050
f 11035 11050 11049
f 11036 11037 11051
f 11036 11051 11050
f 11037 11038 11052
f 11037 11052 11051
f 11038 11025 11039
f 11038 11039 11052
f 11039 11040 11054
f 11039 11054 11053
f 11040 11041 11055
f 11040 11055 11054
f 11041 11042 11056
f 11041 11056 11055
f 11042 11043 11057
f 11042 11057 11056
f 11043 11044 11058
f 11043 11058 11057
f 11044 11045 11059
f 11044 11059 11058
f 11045 11046 11060
f 11045 11060 11059
f 11046 11047 11061
f 11046 11061 11060
f 11047 11048 11062
f 11047 11062 11061
f 11048 11049 11063
f 11048 11063 11062
f 11049 11050 11064
f 11049 11064 11063
f 11050 11051 11065
f 11050 11065 11064
f 11051 11052 11066
f 11051 11066 11065
f 11052 11039 11053
f 11052 11053 11066
f 11053 11054 11068
f 11053 11068 11067
f 11054 11055 11069
f 11054 11069 11068
f 11055 11056 11070
f 11055 11070 11069
f 11056 11057 11071
f 11056 11071 11070
f 11057 11058 11072
f 11057 11072 11071
f 11058 11059 11073
f 11058 11073 11072
f 11059 11060 11074
f 11059 11074 11073
f 11060 11061 11075
f 11060 11075 11074
f 11061 11062 11076
f 11061 11076 11075
f 11062 11063 11077
f 11062 11077 11076
f 11063 11064 11078
f 11063 11078 11077
f 11064 11065 11079
f 11064 11079 11078
f 11065 11066 11080
f 11065 11080 11079
f 11066 11053 11067
f 11066 11067 11080
f 11067 11068 11082
f 11067 11082 11081
f 11068 11069 11083
f 11068 11083 11082
f 11069 11070 11084
f 11069 11084 11083
f 11070 11071 11085
f 11070 11085 11084
f 11071 11072 11086
f 11071 11086 11085
f 11072 11073 11087
f 11072 11087 11086
f 11073 11074 11088
f 11073 11088 11087
f 11074 11075 11089
f 11074 11089 11088
f 11075 11076 11090
f 11075 11090 11089
f 11076 11077 11091
f 11076 11091 11090
f 11077 11078 11092
f 11077 11092 11091
f 11078 11079 11093
f 11078 11093 11092
f 11079 11080 11094
f 11079 11094 11093
f 11080 11067 11081
f 11080 11081 11094
f 11081 11082 11096
f 11081 11096 11095
f 11082 11083 11097
f 11082 11097 11096
f 11083 11084 11098
f 11083 11098 11097
f 11084 11085 11099
f 11084 11099 11098
f 11085 11086 11100
f 11085 11100 11099
f 11086 11087 11101
f 11086 11101 11100
f 11087 11088 11102
f 11087 11102 11101
f 11088 11089 11103
f 11088 11103 11102
f 11089 11090 11104
f 11089 11104 11103
f 11090 11091 11105
f 11090 11105 11104
f 11091 11092 11106
f 11091 11106 11105
f 11092 11093 11107
f 11092 11107 11106
f 11093 11094 11108
f 11093 11108 11107
f 11094 11081 11095
f 11094 11095 11108
f 11095 11096 11110
f 11095 11110 11109
f 11096 11097 11111
f 11096 11111 11110
f 11097 11098 11112
f 11097 11112 11111
f 11098 11099 11113
f 11098 11113 11112
f 11099 11100 11114
f 11099 11114 11113
f 11100 11101 11115
f 11100 11115 11114
f 11101 11102 11116
f 11101 11116 11115
f 11102 11103 11117
f 11102 11117 11116
f 11103 11104 11118
f 11103 11118 11117
f 11104 11105 11119
f 11104 11119 11118
f 11105 11106 11120
f 11105 11120 11119
f 11106 11107 11121
f 11106 11121 11120
f 11107 11108 11122
f 11107 11122 11121
f 11108 11095 11109
f 11108 11109 11122
f 11109 11110 11124
f 11109 11124 11123
f 11110 11111 11125
f 11110 11125 11124
f 11111 11112 11126
f 11111 11126 11125
f 11112 11113 11127
f 11112 11127 11126
f 11113 11114 11128
f 11113 11128 11127
f 11114 11115 11129
f 11114 11129 11128
f 11115 11116 11130
f 11115 11130 11129
f 11116 11117 11131
f 11116 11131 11130
f 11117 11118 11132
f 11117 11132 11131
f 11118 11119 11133
f 11118 11133 11132
f 11119 11120 11134
f 11119 11134 11133
f 11120 11121 11135
f 11120 11135 11134
f 11121 11122 11136
f 11121 11136 11135
f 11122 11109 11123
f 11122 11123 11136
f 11123 11124 11138
f 11123 11138 11137
f 11124 11125 11139
f 11124 11139 11138
f 11125 11126 11140
f 11125 11140 11139
f 11126 11127 11141
f 11126 11141 11140
f 11127 11128 11142
f 11127 11142 11141
f 11128 11129 11143
f 11128 11143 11142
f 11129 11130 11144
f 11129 11144 11143
f 11130 11131 11145
f 11130 11145 11144
f 11131 11132 11146
f 11131 11146 11145
f 11132 11133 11147
f 11132 11147 11146
f 11133 11134 11148
f 11133 11148 11147
f 11134 11135 11149
f 11134 11149 11148
f 11135 11136 11150
f 11135 11150 11149
f 11136 11123 11137
f 11136 11137 11150
f 11137 11138 11152
f 11137 11152 11151
f 11138 11139 11153
f 11138 11153 11152
f 11139 11140 11154
f 11139 11154 11153
f 11140 11141 11155
f 11140 11155 11154
f 11141 11142 11156
f 11141 11156 11155
f 11142 11143 11157
f 11142 11157 11156
f 11143 11144 11158
f 11143 11158 11157
f 11144 11145 11159
f 11144 11159 11158
f 11145 11146 11160
f 11145 11160 11159
f 11146 11147 11161
f 11146 11161 11160
f 11147 11148 11162
f 11147 11162 11161
f 11148 11149 11163
f 11148 11163 11162
f 11149 11150 11164
f 11149 11164 11163
f 11150 11137 11151
f 11150 11151 11164
f 11151 11152 11166
f 11151 11166 11165
f 11152 11153 11167
f 11152 11167 11166
f 11153 11154 11168
f 11153 11168 11167
f 11154 11155 11169
f 11154 11169 11168
f 11155 11156 11170
f 11155 11170 11169
f 11156 11157 11171
f 11156 11171 11170
f 11157 11158 11172
f 11157 11172 11171
f 11158 11159 11173
f 11158 11173 11172
f 11159 11160 11174
f 11159 11174 11173
f 11160 11161 11175
f 11160 11175 11174
f 11161 11162 11176
f 11161 11176 11175
f 11162 11163 11177
f 11162 11177 11176
f 11163 11164 11178
f 11163 11178 11177
f 11164 11151 11165
f 11164 11165 11178
f 11165 11166 11180
f 11165 11180 11179
f 11166 11167 11181
f 11166 11181 11180
f 11167 11168 11182
f 11167 11182 11181
f 11168 11169 11183
f 11168 11183 11182
f 11169 11170 11184
f 11169 11184 11183
f 11170 11171 11185
f 11170 11185 11184
f 11171 11172 11186
f 11171 11186 11185
f 11172 11173 11187
f 11172 11187 11186
f 11173 11174 11188
f 11173 11188 11187
f 11174 11175 11189
f 11174 11189 11188
f 11175 11176 11190
f 11175 11190 11189
f 11176 11177 11191
f 11176 11191 11190
f 11177 11178 11192
f 11177 11192 11191
f 11178 11165 11179
f 11178 11179 11192
f 11179 11180 11194
f 11179 11194 11193
f 11180 11181 11195
f 11180 11195 11194
f 11181 11182 11196
f 11181 11196 11195
f 11182 11183 11197
f 11182 11197 11196
f 11183 11184 11198
f 11183 11198 11197
f 11184 11185 11199
f 11184 11199 11198
f 11185 11186 11200
f 11185 11200 11199
f 11186 11187 11201
f 11186 11201 11200
f 11187 11188 11202
f 11187 11202 11201
f 11188 11189 11203
f 11188 11203 11202
f 11189 11190 11204
f 11189 11204 11203
f 11190 11191 11205
f 11190 11205 11204
f 11191 11192 11206
f 11191 11206 11205
f 11192 11179 11193
f 11192 11193 11206
f 11193 11194 11208
f 11193 11208 11207
f 11194 11195 11209
f 11194 11209 11208
f 11195 11196 11210
f 11195 11210 11209
f 11196 11197 11211
f 11196 11211 11210
f 11197 11198 11212
f 11197 11212 11211
f 11198 11199 11213
f 11198 11213 11212
f 11199 11200 11214
f 11199 11214 11213
f 11200 11201 11215
f 11200 11215 11214
f 11201 11202 11216
f 11201 11216 11215
f 11202 11203 11217
f 11202 11217 11216
f 11203 11204 11218
f 11203 11218 11217
f 11204 11205 11219
f 11204 11219 11218
f 11205 11206 11220
f 11205 11220 11219
f 11206 11193 11207
f 11206 11207 11220
f 11207 11208 11222
f 11207 11222 11221
f 11208 11209 11223
f 11208 11223 11222
f 11209 11210 11224
f 11209 11224 11223
f 11210 11211 11225
f 11210 11225 11224
f 11211 11212 11226
f 11211 11226 11225
f 11212 11213 11227
f 11212 11227 11226
f 11213 11214 11228
f 11213 11228 11227
f 11214 11215 11229
f 11214 11229 11228
f 11215 11216 11230
f 11215 11230 11229
f 11216 11217 11231
f 11216 11231 11230
f 11217 11218 11232
f 11217 11232 11231
f 11218 11219 11233
f 11218 11233 11232
f 11219 11220 11234
f 11219 11234 11233
f 11220 11207 11221
f 11220 11221 11234
f 11221 11222 11236
f 11221 11236 11235
f 11222 11223 11237
f 11222 11237 11236
f 11223 11224 11238
f 11223 11238 11237
f 11224 11225 11239
f 11224 11239 11238
f 11225 11226 11240
f 11225 11240 11239
f 11226 11227 11241
f 11226 11241 11240
f 11227 11228 11242
f 11227 11242 11241
f 11228 11229 11243
f 11228 11243 11242
f 11229 11230 11244
f 11229 11244 11243
f 11230 11231 11245
f 11230 11245 11244
f 11231 11232 11246
f 11231 11246 11245
f 11232 11233 11247
f 11232 11247 11246
f 11233 11234 11248
f 11233 11248 11247
f 11234 11221 11235
f 11234 11235 11248
f 11235 11236 11250
f 11235 11250 11249
f 11236 11237 11251
f 11236 11251 11250
f 11237 11238 11252
f 11237 11252 11251
f 11238 11239 11253
f 11238 11253 11252
f 11239 11240 11254
f 11239 11254 11253
f 11240 11241 11255
f 11240 11255 11254
f 11241 11242 11256
f 11241 11256 11255
f 11242 11243 11257
f 11242 11257 11256
f 11243 11244 11258
f 11243 11258 11257
f 11244 11245 11259
f 11244 11259 11258
f 11245 11246 11260
f 11245 11260 11259
f 11246 11247 11261
f 11246 11261 11260
f 11247 11248 11262
f 11247 11262 11261
f 11248 11235 11249
f 11248 11249 11262
f 11249 11250 11264
f 11249 11264 11263
f 11250 11251 11265
f 11250 11265 11264
f 11251 11252 11266
f 11251 11266 11265
f 11252 11253 11267
f 11252 11267 11266
f 11253 11254 11268
f 11253 11268 11267
f 11254 11255 11269
f 11254 11269 11268
f 11255 11256 11270
f 11255 11270 11269
f 11256 11257 11271
f 11256 11271 11270
f 11257 11258 11272
f 11257 11272 11271
f 11258 11259 11273
f 11258 11273 11272
f 11259 11260 11274
f 11259 11274 11273
f 11260 11261 11275
f 11260 11275 11274
f 11261 11262 11276
f 11261 11276 11275
f 11262 11249 11263
f 11262 11263 11276
f 11263 11264 11278
f 11263 11278 11277
f 11264 11265 11279
f 11264 11279 11278
f 11265 11266 11280
f 11265 11280 11279
f 11266 11267 11281
f 11266 11281 11280
f 11267 11268 11282
f 11267 11282 11281
f 11268 11269 11283
f 11268 11283 11282
f 11269 11270 11284
f 11269 11284 11283
f 11270 11271 11285
f 11270 11285 11284
f 11271 11272 11286
f 11271 11286 11285
f 11272 11273 11287
f 11272 11287 11286
f 11273 11274 11288
f 11273 11288 11287
f 11274 11275 11289
f 11274 11289 11288
f 11275 11276 11290
f 11275 11290 11289
f 11276 11263 11277
f 11276 11277 11290
f 11277 11278 11292
f 11277 11292 11291
f 11278 11279 11293
f 11278 11293 11292
f 11279 11280 11294
f 11279 11294 11293
f 11280 11281 11295
f 11280 11295 11294
f 11281 11282 11296
f 11281 11296 11295
f 11282 11283 11297
f 11282 11297 11296
f 11283 11284 11298
f 11283 11298 11297
f 11284 11285 11299
f 11284 11299 11298
f 11285 11286 11300
f 11285 11300 11299
f 11286 11287 11301
f 11286 11301 11300
f 11287 11288 11302
f 11287 11302 11301
f 11288 11289 11303
f 11288 11303 11302
f 11289 11290 11304
f 11289 11304 11303
f 11290 11277 11291
f 11290 11291 11304
f 11291 11292 11306
f 11291 11306 11305
f 11292 11293 11307
f 11292 11307 11306
f 11293 11294 11308
f 11293 11308 11307
f 11294 11295 11309
f 11294 11309 11308
f 11295 11296 11310
f 11295 11310 11309
f 11296 11297 11311
f 11296 11311 11310
f 11297 11298 11312
f 11297 11312 11311
f 11298 11299 11313
f 11298 11313 11312
f 11299 11300 11314
f 11299 11314 11313
f 11300 11301 11315
f 11300 11315 11314
f 11301 11302 11316
f 11301 11316 11315
f 11302 11303 11317
f 11302 11317 11316
f 11303 11304 11318
f 11303 11318 11317
f 11304 11291 11305
f 11304 11305 11318
f 11305 11306 11320
f 11305 11320 11319
f 11306 11307 11321
f 11306 11321 11320
f 11307 11308 11322
f 11307 11322 11321
f 11308 11309 11323
f 11308 11323 11322
f 11309 11310 11324
f 11309 11324 11323
f 11310 11311 11325
f 11310 11325 11324
f 11311 11312 11326
f 11311 11326 11325
f 11312 11313 11327
f 11312 11327 11326
f 11313 11314 11328
f 11313 11328 11327
f 11314 11315 11329
f 11314 11329 11328
f 11315 11316 11330
f 11315 11330 11329
f 11316 11317 11331
f 11316 11331 11330
f 11317 11318 11332
f 11317 11332 11331
f 11318 11305 11319
f 11318 11319 11332
f 11319 11320 11334
f 11319 11334 11333
f 11320 11321 11335
f 11320 11335 11334
f 11321 11322 11336
f 11321 11336 11335
f 11322 11323 11337
f 11322 11337 11336
f 11323 11324 11338
f 11323 11338 11337
f 11324 11325 11339
f 11324 11339 11338
f 11325 11326 11340
f 11325 11340 11339
f 11326 11327 11341
f 11326 11341 11340
f 11327 11328 11342
f 11327 11342 11341
f 11328 11329 11343
f 11328 11343 11342
f 11329 11330 11344
f 11329 11344 11343
f 11330 11331 11345
f 11330 11345 11344
f 11331 11332 11346
f 11331 11346 11345
f 11332 11319 11333
f 11332 11333 11346
f 11333 11334 11348
f 11333 11348 11347
f 11334 11335 11349
f 11334 11349 11348
f 11335 11336 11350
f 11335 11350 11349
f 11336 11337 11351
f 11336 11351 11350
f 11337 11338 11352
f 11337 11352 11351
f 11338 11339 11353
f 11338 11353 11352
f 11339 11340 11354
f 11339 11354 11353
f 11340 11341 11355
f 11340 11355 11354
f 11341 11342 11356
f 11341 11356 11355
f 11342 11343 11357
f 11342 11357 11356
f 11343 11344 11358
f 11343 11358 11357
f 11344 11345 11359
f 11344 11359 11358
f 11345 11346 11360
f 11345 11360 11359
f 11346 11333 11347
f 11346 11347 11360
f 11347 11348 11362
f 11347 11362 11361
f 11348 11349 11363
f 11348 11363 11362
f 11349 11350 11364
f 11349 11364 11363
f 11350 11351 11365
f 11350 11365 11364
f 11351 11352 11366
f 11351 11366 11365
f 11352 11353 11367
f 11352 11367 11366
f 11353 11354 11368
f 11353 11368 11367
f 11354 11355 11369
f 11354 11369 11368
f 11355 11356 11370
f 11355 11370 11369
f 11356 11357 11371
f 11356 11371 11370
f 11357 11358 11372
f 11357 11372 11371
f 11358 11359 11373
f 11358 11373 11372
f 11359 11360 11374
f 11359 11374 11373
f 11360 11347 11361
f 11360 11361 11374
f 11361 11362 11376
f 11361 11376 11375
f 11362 11363 11377
f 11362 11377 11376
f 11363 11364 11378
f 11363 11378 11377
f 11364 11365 11379
f 11364 11379 11378
f 11365 11366 11380
f 11365 11380 11379
f 11366 11367 11381
f 11366 11381 11380
f 11367 11368 11382
f 11367 11382 11381
f 11368 11369 11383
f 11368 11383 11382
f 11369 11370 11384
f 11369 11384 11383
f 11370 11371 11385
f 11370 11385 11384
f 11371 11372 11386
f 11371 11386 11385
f 11372 11373 11387
f 11372 11387 11386
f 11373 11374 11388
f 11373 11388 11387
f 11374 11361 11375
f 11374 11375 11388
f 11375 11376 11390
f 11375 11390 11389
f 11376 11377 11391
f 11376 11391 11390
f 11377 11378 11392
f 11377 11392 11391
f 11378 11379 11393
f 11378 11393 11392
f 11379 11380 11394
f 11379 11394 11393
f 11380 11381 11395
f 11380 11395 11394
f 11381 11382 11396
f 11381 11396 11395
f 11382 11383 11397
f 11382 11397 11396
f 11383 11384 11398
f 11383 11398 11397
f 11384 11385 11399
f 11384 11399 11398
f 11385 11386 11400
f 11385 11400 11399
f 11386 11387 11401
f 11386 11401 11400
f 11387 11388 11402
f 11387 11402 11401
f 11388 11375 11389
f 11388 11389 11402
f 11389 11390 11404
f 11389 11404 11403
f 11390 11391 11405
f 11390 11405 11404
f 11391 11392 11406
f 11391 11406 11405
f 11392 11393 11407
f 11392 11407 11406
f 11393 11394 11408
f 11393 11408 11407
f 11394 11395 11409
f 11394 11409 11408
f 11395 11396 11410
f 11395 11410 11409
f 11396 11397 11411
f 11396 11411 11410
f 11397 11398 11412
f 11397 11412 11411
f 11398 11399 11413
f 11398 11413 11412
f 11399 11400 11414
f 11399 11414 11413
f 11400 11401 11415
f 11400 11415 11414
f 11401 11402 11416
f 11401 11416 11415
f 11402 11389 11403
f 11402 11403 11416
f 11403 11404 11418
f 11403 11418 11417
f 11404 11405 11419
f 11404 11419 11418
f 11405 11406 11420
f 11405 11420 11419
f 11406 11407 11421
f 11406 11421 11420
f 11407 11408 11422
f 11407 11422 11421
f 11408 11409 11423
f 11408 11423 11422
f 11409 11410 11424
f 11409 11424 11423
f 11410 11411 11425
f 11410 11425 11424
f 11411 11412 11426
f 11411 11426 11425
f 11412 11413 11427
f 11412 11427 11426
f 11413 11414 11428
f 11413 11428 11427
f 11414 11415 11429
f 11414 11429 11428
f 11415 11416 11430
f 11415 11430 11429
f 11416 11403 11417
f 11416 11417 11430
f 11417 11418 11432
f 11417 11432 11431
f 11418 11419 11433
f 11418 11433 11432
f 11419 11420 11434
f 11419 11434 11433
f 11420 11421 11435
f 11420 11435 11434
f 11421 11422 11436
f 11421 11436 11435
f 11422 11423 11437
f 11422 11437 11436
f 11423 11424 11438
f 11423 11438 11437
f 11424 11425 11439
f 11424 11439 11438
f 11425 11426 11440
f 11425 11440 11439
f 11426 11427 11441
f 11426 11441 11440
f 11427 11428 11442
f 11427 11442 11441
f 11428 11429 11443
f 11428 11443 11442
f 11429 11430 11444
f 11429 11444 11443
f 11430 11417 11431
f 11430 11431 11444
f 11431 11432 11446
f 11431 11446 11445
f 11432 11433 11447
f 11432 11447 11446
f 11433 11434 11448
f 11433 11448 11447
f 11434 11435 11449
f 11434 11449 11448
f 11435 11436 11450
f 11435 11450 11449
f 11436 11437 11451
f 11436 11451 11450
f 11437 11438 11452
f 11437 11452 11451
f 11438 11439 11453
f 11438 11453 11452
f 11439 11440 11454
f 11439 11454 11453
f 11440 11441 11455
f 11440 11455 11454
f 11441 11442 11456
f 11441 11456 11455
f 11442 11443 11457
f 11442 11457 11456
f 11443 11444 11458
f 11443 11458 11457
f 11444 11431 11445
f 11444 11445 11458
f 11445 11446 11460
f 11445 11460 11459
f 11446 11447 11461
f 11446 11461 11460
f 11447 11448 11462
f 11447 11462 11461
f 11448 11449 11463
f 11448 11463 11462
f 11449 11450 11464
f 11449 11464 11463
f 11450 11451 11465
f 11450 11465 11464
f 11451 11452 11466
f 11451 11466 11465
f 11452 11453 11467
f 11452 11467 11466
f 11453 11454 11468
f 11453 11468 11467
f 11454 11455 11469
f 11454 11469 11468
f 11455 11456 11470
f 11455 11470 11469
f 11456 11457 11471
f 11456 11471 11470
f 11457 11458 11472
f 11457 11472 11471
f 11458 11445 11459
f 11458 11459 11472
f 11459 11460 11474
f 11459 11474 11473
f 11460 11461 11475
f 11460 11475 11474
f 11461 11462 11476
f 11461 11476 11475
f 11462 11463 11477
f 11462 11477 11476
f 11463 11464 11478
f 11463 11478 11477
f 11464 11465 11479
f 11464 11479 11478
f 11465 11466 11480
f 11465 11480 11479
f 11466 11467 11481
f 11466 11481 11480
f 11467 11468 11482
f 11467 11482 11481
f 11468 11469 11483
f 11468 11483 11482
f 11469 11470 11484
f 11469 11484 11483
f 11470 11471 11485
f 11470 11485 11484
f 11471 11472 11486
f 11471 11486 11485
f 11472 11459 11473
f 11472 11473 11486
f 11473 11474 11488
f 11473 11488 11487
f 11474 11475 11489
f 11474 11489 11488
f 11475 11476 11490
f 11475 11490 11489
f 11476 11477 11491
f 11476 11491 11490
f 11477 11478 11492
f 11477 11492 11491
f 11478 11479 11493
f 11478 11493 11492
f 11479 11480 11494
f 11479 11494 11493
f 11480 11481 11495
f 11480 11495 11494
f 11481 11482 11496
f 11481 11496 11495
f 11482 11483 11497
f 11482 11497 11496
f 11483 11484 11498
f 11483 11498 11497
f 11484 11485 11499
f 11484 11499 11498
f 11485 11486 11500
f 11485 11500 11499
f 11486 11473 11487
f 11486 11487 11500
f 11487 11488 11502
f 11487 11502 11501
f 11488 11489 11503
f 11488 11503 11502
f 11489 11490 11504
f 11489 11504 11503
f 11490 11491 11505
f 11490 11505 11504
f 11491 11492 11506
f 11491 11506 11505
f 11492 11493 11507
f 11492 11507 11506
f 11493 11494 11508
f 11493 11508 11507
f 11494 11495 11509
f 11494 11509 11508
f 11495 11496 11510
f 11495 11510 11509
f 11496 11497 11511
f 11496 11511 11510
f 11497 11498 11512
f 11497 11512 11511
f 11498 11499 11513
f 11498 11513 11512
f 11499 11500 11514
f 11499 11514 11513
f 11500 11487 11501
f 11500 11501 11514
f 11501 11502 11516
f 11501 11516 11515
f 11502 11503 11517
f 11502 11517 11516
f 11503 11504 11518
f 11503 11518 11517
f 11504 11505 11519
f 11504 11519 11518
f 11505 11506 11520
f 11505 11520 11519
f 11506 11507 11521
f 11506 11521 11520
f 11507 11508 11522
f 11507 11522 11521
f 11508 11509 11523
f 11508 11523 11522
f 11509 11510 11524
f 11509 11524 11523
f 11510 11511 11525
f 11510 11525 11524
f 11511 11512 11526
f 11511 11526 11525
f 11512 11513 11527
f 11512 11527 11526
f 11513 11514 11528
f 11513 11528 11527
f 11514 11501 11515
f 11514 11515 11528
f 11515 11516 11530
f 11515 11530 11529
f 11516 11517 11531
f 11516 11531 11530
f 11517 11518 11532
f 11517 11532 11531
f 11518 11519 11533
f 11518 11533 11532
f 11519 11520 11534
f 11519 11534 11533
f 11520 11521 11535
f 11520 11535 11534
f 11521 11522 11536
f 11521 11536 11535
f 11522 11523 11537
f 11522 11537 11536
f 11523 11524 11538
f 11523 11538 11537
f 11524 11525 11539
f 11524 11539 11538
f 11525 11526 11540
f 11525 11540 11539
f 11526 11527 11541
f 11526 11541 11540
f 11527 11528 11542
f 11527 11542 11541
f 11528 11515 11529
f 11528 11529 11542
f 11529 11530 11544
f 11529 11544 11543
f 11530 11531 11545
f 11530 11545 11544
f 11531 11532 11546
f 11531 11546 11545
f 11532 11533 11547
f 11532 11547 11546
f 11533 11534 11548
f 11533 11548 11547
f 11534 11535 11549
f 11534 11549 11548
f 11535 11536 11550
f 11535 11550 11549
f 11536 11537 11551
f 11536 11551 11550
f 11537 11538 11552
f 11537 11552 11551
f 11538 11539 11553
f 11538 11553 11552
f 11539 11540 11554
f 11539 11554 11553
f 11540 11541 11555
f 11540 11555 11554
f 11541 11542 11556
f 11541 11556 11555
f 11542 11529 11543
f 11542 11543 11556
f 11543 11544 11558
f 11543 11558 11557
f 11544 11545 11559
f 11544 11559 11558
f 11545 11546 11560
f 11545 11560 11559
f 11546 11547 11561
f 11546 11561 11560
f 11547 11548 11562
f 11547 11562 11561
f 11548 11549 11563
f 11548 11563 11562
f 11549 11550 11564
f 11549 11564 11563
f 11550 11551 11565
f 11550 11565 11564
f 11551 11552 11566
f 11551 11566 11565
f 11552 11553 11567
f 11552 11567 11566
f 11553 11554 11568
f 11553 11568 11567
f 11554 11555 11569
f 11554 11569 11568
f 11555 11556 11570
f 11555 11570 11569
f 11556 11543 11557
f 11556 11557 11570
f 11557 11558 11572
f 11557 11572 11571
f 11558 11559 11573
f 11558 11573 11572
f 11559 11560 11574
f 11559 11574 11573
f 11560 11561 11575
f 11560 11575 11574
f 11561 11562 11576
f 11561 11576 11575
f 11562 11563 11577
f 11562 11577 11576
f 11563 11564 11578
f 11563 11578 11577
f 11564 11565 11579
f 11564 11579 11578
f 11565 11566 11580
f 11565 11580 11579
f 11566 11567 11581
f 11566 11581 11580
f 11567 11568 11582
f 11567 11582 11581
f 11568 11569 11583
f 11568 11583 11582
f 11569 11570 11584
f 11569 11584 11583
f 11570 11557 11571
f 11570 11571 11584
f 11571 11572 11586
f 11571 11586 11585
f 11572 11573 11587
f 11572 11587 11586
f 11573 11574 11588
f 11573 11588 11587
f 11574 11575 11589
f 11574 11589 11588
f 11575 11576 11590
f 11575 11590 11589
f 11576 11577 11591
f 11576 11591 11590
f 11577 11578 11592
f 11577 11592 11591
f 11578 11579 11593
f 11578 11593 11592
f 11579 11580 11594
f 11579 11594 11593
f 11580 11581 11595
f 11580 11595 11594
f 11581 11582 11596
f 11581 11596 11595
f 11582 11583 11597
f 11582 11597 11596
f 11583 11584 11598
f 11583 11598 11597
f 11584 11571 11585
f 11584 11585 11598
f 11585 11586 11600
f 11585 11600 11599
f 11586 11587 11601
f 11586 11601 11600
f 11587 11588 11602
f 11587 11602 11601
f 11588 11589 11603
f 11588 11603 11602
f 11589 11590 11604
f 11589 11604 11603
f 11590 11591 11605
f 11590 11605 11604
f 11591 11592 11606
f 11591 11606 11605
f 11592 11593 11607
f 11592 11607 11606
f 11593 11594 11608
f 11593 11608 11607
f 11594 11595 11609
f 11594 11609 11608
f 11595 11596 11610
f 11595 11610 11609
f 11596 11597 11611
f 11596 11611 11610
f 11597 11598 11612
f 11597 11612 11611
f 11598 11585 11599
f 11598 11599 11612
f 11599 11600 11614
f 11599 11614 11613
f 11600 11601 11615
f 11600 11615 11614
f 11601 11602 11616
f 11601 11616 11615
f 11602 11603 11617
f 11602 11617 11616
f 11603 11604 11618
f 11603 11618 11617
f 11604 11605 11619
f 11604 11619 11618
f 11605 11606 11620
f 11605 11620 11619
f 11606 11607 11621
f 11606 11621 11620
f 11607 11608 11622
f 11607 11622 11621
f 11608 11609 11623
f 11608 11623 11622
f 11609 11610 11624
f 11609 11624 11623
f 11610 11611 11625
f 11610 11625 11624
f 11611 11612 11626
f 11611 11626 11625
f 11612 11599 11613
f 11612 11613 11626
f 11613 11614 11628
f 11613 11628 11627
f 11614 11615 11629
f 11614 11629 11628
f 11615 11616 11630
f 11615 11630 11629
f 11616 11617 11631
f 11616 11631 11630
f 11617 11618 11632
f 11617 11632 11631
f 11618 11619 11633
f 11618 11633 11632
f 11619 11620 11634
f 11619 11634 11633
f 11620 11621 11635
f 11620 11635 11634
f 11621 11622 11636
f 11621 11636 11635
f 11622 11623 11637
f 11622 11637 11636
f 11623 11624 11638
f 11623 11638 11637
f 11624 11625 11639
f 11624 11639 11638
f 11625 11626 11640
f 11625 11640 11639
f 11626 11613 11627
f 11626 11627 11640
f 11627 11628 11642
f 11627 11642 11641
f 11628 11629 11643
f 11628 11643 11642
f 11629 11630 11644
f 11629 11644 11643
f 11630 11631 11645
f 11630 11645 11644
f 11631 11632 11646
f 11631 11646 11645
f 11632 11633 11647
f 11632 11647 11646
f 11633 11634 11648
f 11633 11648 11647
f 11634 11635 11649
f 11634 11649 11648
f 11635 11636 11650
f 11635 11650 11649
f 11636 11637 11651
f 11636 11651 11650
f 11637 11638 11652
f 11637 11652 11651
f 11638 11639 11653
f 11638 11653 11652
f 11639 11640 11654
f 11639 11654 11653
f 11640 11627 11641
f 11640 11641 11654
f 11641 11642 11656
f 11641 11656 11655
f 11642 11643 11657
f 11642 11657 11656
f 11643 11644 11658
f 11643 11658 11657
f 11644 11645 11659
f 11644 11659 11658
f 11645 11646 11660
f 11645 11660 11659
f 11646 11647 11661
f 11646 11661 11660
f 11647 11648 11662
f 11647 11662 11661
f 11648 11649 11663
f 11648 11663 11662
f 11649 11650 11664
f 11649 11664 11663
f 11650 11651 11665
f 11650 11665 11664
f 11651 11652 11666
f 11651 11666 11665
f 11652 11653 11667
f 11652 11667 11666
f 11653 11654 11668
f 11653 11668 11667
f 11654 11641 11655
f 11654 11655 11668
f 11655 11656 11670
f 11655 11670 11669
f 11656 11657 11671
f 11656 11671 11670
f 11657 11658 11672
f 11657 11672 11671
f 11658 11659 11673
f 11658 11673 11672
f 11659 11660 11674
f 11659 11674 11673
f 11660 11661 11675
f 11660 11675 11674
f 11661 11662 11676
f 11661 11676 11675
f 11662 11663 11677
f 11662 11677 11676
f 11663 11664 11678
f 11663 11678 11677
f 11664 11665 11679
f 11664 11679 11678
f 11665 11666 11680
f 11665 11680 11679
f 11666 11667 11681
f 11666 11681 11680
f 11667 11668 11682
f 11667 11682 11681
f 11668 11655 11669
f 11668 11669 11682
f 11669 11670 11684
f 11669 11684 11683
f 11670 11671 11685
f 11670 11685 11684
f 11671 11672 11686
f 11671 11686 11685
f 11672 11673 11687
f 11672 11687 11686
f 11673 11674 11688
f 11673 11688 11687
f 11674 11675 11689
f 11674 11689 11688
f 11675 11676 11690
f 11675 11690 11689
f 11676 11677 11691
f 11676 11691 11690
f 11677 11678 11692
f 11677 11692 11691
f 11678 11679 11693
f 11678 11693 11692
f 11679 11680 11694
f 11679 11694 11693
f 11680 11681 11695
f 11680 11695 11694
f 11681 11682 11696
f 11681 11696 11695
f 11682 11669 11683
f 11682 11683 11696
f 11683 11684 11698
f 11683 11698 11697
f 11684 11685 11699
f 11684 11699 11698
f 11685 11686 11700
f 11685 11700 11699
f 11686 11687 11701
f 11686 11701 11700
f 11687 11688 11702
f 11687 11702 11701
f 11688 11689 11703
f 11688 11703 11702
f 11689 11690 11704
f 11689 11704 11703
f 11690 11691 11705
f 11690 11705 11704
f 11691 11692 11706
f 11691 11706 11705
f 11692 11693 11707
f 11692 11707 11706
f 11693 11694 11708
f 11693 11708 11707
f 11694 11695 11709
f 11694 11709 11708
f 11695 11696 11710
f 11695 11710 11709
f 11696 11683 11697
f 11696 11697 11710
f 11697 11698 11712
f 11697 11712 11711
f 11698 11699 11713
f 11698 11713 11712
f 11699 11700 11714
f 11699 11714 11713
f 11700 11701 11715
f 11700 11715 11714
f 11701 11702 11716
f 11701 11716 11715
f 11702 11703 11717
f 11702 11717 11716
f 11703 11704 11718
f 11703 11718 11717
f 11704 11705 11719
f 11704 11719 11718
f 11705 11706 11720
f 11705 11720 11719
f 11706 11707 11721
f 11706 11721 11720
f 11707 11708 11722
f 11707 11722 11721
f 11708 11709 11723
f 11708 11723 11722
f 11709 11710 11724
f 11709 11724 11723
f 11710 11697 11711
f 11710 11711 11724
f 11711 11712 11726
f 11711 11726 11725
f 11712 11713 11727
f 11712 11727 11726
f 11713 11714 11728
f 11713 11728 11727
f 11714 11715 11729
f 11714 11729 11728
f 11715 11716 11730
f 11715 11730 11729
f 11716 11717 11731
f 11716 11731 11730
f 11717 11718 11732
f 11717 11732 11731
f 11718 11719 11733
f 11718 11733 11732
f 11719 11720 11734
f 11719 11734 11733
f 11720 11721 11735
f 11720 11735 11734
f 11721 11722 11736
f 11721 11736 11735
f 11722 11723 11737
f 11722 11737 11736
f 11723 11724 11738
f 11723 11738 11737
f 11724 11711 11725
f 11724 11725 11738
f 11725 11726 11740
f 11725 11740 11739
f 11726 11727 11741
f 11726 11741 11740
f 11727 11728 11742
f 11727 11742 11741
f 11728 11729 11743
f 11728 11743 11742
f 11729 11730 11744
f 11729 11744 11743
f 11730 11731 11745
f 11730 11745 11744
f 11731 11732 11746
f 11731 11746 11745
f 11732 11733 11747
f 11732 11747 11746
f 11733 11734 11748
f 11733 11748 11747
f 11734 11735 11749
f 11734 11749 11748
f 11735 11736 11750
f 11735 11750 11749
f 11736 11737 11751
f 11736 11751 11750
f 11737 11738 11752
f 11737 11752 11751
f 11738 11725 11739
f 11738 11739 11752
f 11739 11740 11754
f 11739 11754 11753
f 11740 11741 11755
f 11740 11755 11754
f 11741 11742 11756
f 11741 11756 11755
f 11742 11743 11757
f 11742 11757 11756
f 11743 11744 11758
f 11743 11758 11757
f 11744 11745 11759
f 11744 11759 11758
f 11745 11746 11760
f 11745 11760 11759
f 11746 11747 11761
f 11746 11761 11760
f 11747 11748 11762
f 11747 11762 11761
f 11748 11749 11763
f 11748 11763 11762
f 11749 11750 11764
f 11749 11764 11763
f 11750 11751 11765
f 11750 11765 11764
f 11751 11752 11766
f 11751 11766 11765
f 11752 11739 11753
f 11752 11753 11766
f 11753 11754 11768
f 11753 11768 11767
f 11754 11755 11769
f 11754 11769 11768
f 11755 11756 11770
f 11755 11770 11769
f 11756 11757 11771
f 11756 11771 11770
f 11757 11758 11772
f 11757 11772 11771
f 11758 11759 11773
f 11758 11773 11772
f 11759 11760 11774
f 11759 11774 11773
f 11760 11761 11775
f 11760 11775 11774
f 11761 11762 11776
f 11761 11776 11775
f 11762 11763 11777
f 11762 11777 11776
f 11763 11764 11778
f 11763 11778 11777
f 11764 11765 11779
f 11764 11779 11778
f 11765 11766 11780
f 11765 11780 11779
f 11766 11753 11767
f 11766 11767 11780
f 11767 11768 11782
f 11767 11782 11781
f 11768 11769 11783
f 11768 11783 11782
f 11769 11770 11784
f 11769 11784 11783
f 11770 11771 11785
f 11770 11785 11784
f 11771 11772 11786
f 11771 11786 11785
f 11772 11773 11787
f 11772 11787 11786
f 11773 11774 11788
f 11773 11788 11787
f 11774 11775 11789
f 11774 11789 11788
f 11775 11776 11790
f 11775 11790 11789
f 11776 11777 11791
f 11776 11791 11790
f 11777 11778 11792
f 11777 11792 11791
f 11778 11779 11793
f 11778 11793 11792
f 11779 11780 11794
f 11779 11794 11793
f 11780 11767 11781
f 11780 11781 11794
f 11781 11782 11796
f 11781 11796 11795
f 11782 11783 11797
f 11782 11797 11796
f 11783 11784 11798
f 11783 11798 11797
f 11784 11785 11799
f 11784 11799 11798
f 11785 11786 11800
f 11785 11800 11799
f 11786 11787 11801
f 11786 11801 11800
f 11787 11788 11802
f 11787 11802 11801
f 11788 11789 11803
f 11788 11803 11802
f 11789 11790 11804
f 11789 11804 11803
f 11790 11791 11805
f 11790 11805 11804
f 11791 11792 11806
f 11791 11806 11805
f 11792 11793 11807
f 11792 11807 11806
f 11793 11794 11808
f 11793 11808 11807
f 11794 11781 11795
f 11794 11795 11808
f 11795 11796 11810
f 11795 11810 11809
f 11796 11797 11811
f 11796 11811 11810
f 11797 11798 11812
f 11797 11812 11811
f 11798 11799 11813
f 11798 11813 11812
f 11799 11800 11814
f 11799 11814 11813
f 11800 11801 11815
f 11800 11815 11814
f 11801 11802 11816
f 11801 11816 11815
f 11802 11803 11817
f 11802 11817 11816
f 11803 11804 11818
f 11803 11818 11817
f 11804 11805 11819
f 11804 11819 11818
f 11805 11806 11820
f 11805 11820 11819
f 11806 11807 11821
f 11806 11821 11820
f 11807 11808 11822
f 11807 11822 11821
f 11808 11795 11809
f 11808 11809 11822
f 11809 11810 11824
f 11809 11824 11823
f 11810 11811 11825
f 11810 11825 11824
f 11811 11812 11826
f 11811 11826 11825
f 11812 11813 11827
f 11812 11827 11826
f 11813 11814 11828
f 11813 11828 11827
f 11814 11815 11829
f 11814 11829 11828
f 11815 11816 11830
f 11815 11830 11829
f 11816 11817 11831
f 11816 11831 11830
f 11817 11818 11832
f 11817 11832 11831
f 11818 11819 11833
f 11818 11833 11832
f 11819 11820 11834
f 11819 11834 11833
f 11820 11821 11835
f 11820 11835 11834
f 11821 11822 11836
f 11821 11836 11835
f 11822 11809 11823
f 11822 11823 11836
f 11823 11824 11838
f 11823 11838 11837
f 11824 11825 11839
f 11824 11839 11838
f 11825 11826 11840
f 11825 11840 11839
f 11826 11827 11841
f 11826 11841 11840
f 11827 11828 11842
f 11827 11842 11841
f 11828 11829 11843
f 11828 11843 11842
f 11829 11830 11844
f 11829 11844 11843
f 11830 11831 11845
f 11830 11845 11844
f 11831 11832 11846
f 11831 11846 11845
f 11832 11833 11847
f 11832 11847 11846
f 11833 11834 11848
f 11833 11848 11847
f 11834 11835 11849
f 11834 11849 11848
f 11835 11836 11850
f 11835 11850 11849
f 11836 11823 11837
f 11836 11837 11850
f 11837 11838 11852
f 11837 11852 11851
f 11838 11839 11853
f 11838 11853 11852
f 11839 11840 11854
f 11839 11854 11853
f 11840 11841 11855
f 11840 11855 11854
f 11841 11842 11856
f 11841 11856 11855
f 11842 11843 11857
f 11842 11857 11856
f 11843 11844 11858
f 11843 11858 11857
f 11844 11845 11859
f 11844 11859 11858
f 11845 11846 11860
f 11845 11860 11859
f 11846 11847 11861
f 11846 11861 11860
f 11847 11848 11862
f 11847 11862 11861
f 11848 11849 11863
f 11848 11863 11862
f 11849 11850 11864
f 11849 11864 11863
f 11850 11837 11851
f 11850 11851 11864
f 11851 11852 11866
f 11851 11866 11865
f 11852 11853 11867
f 11852 11867 11866
f 11853 11854 11868
f 11853 11868 11867
f 11854 11855 11869
f 11854 11869 11868
f 11855 11856 11870
f 11855 11870 11869
f 11856 11857 11871
f 11856 11871 11870
f 11857 11858 11872
f 11857 11872 11871
f 11858 11859 11873
f 11858 11873 11872
f 11859 11860 11874
f 11859 11874 11873
f 11860 11861 11875
f 11860 11875 11874
f 11861 11862 11876
f 11861 11876 11875
f 11862 11863 11877
f 11862 11877 11876
f 11863 11864 11878
f 11863 11878 11877
f 11864 11851 11865
f 11864 11865 11878
f 11865 11866 11880
f 11865 11880 11879
f 11866 11867 11881
f 11866 11881 11880
f 11867 11868 11882
f 11867 11882 11881
f 11868 11869 11883
f 11868 11883 11882
f 11869 11870 11884
f 11869 11884 11883
f 11870 11871 11885
f 11870 11885 11884
f 11871 11872 11886
f 11871 11886 11885
f 11872 11873 11887
f 11872 11887 11886
f 11873 11874 11888
f 11873 11888 11887
f 11874 11875 11889
f 11874 11889 11888
f 11875 11876 11890
f 11875 11890 11889
f 11876 11877 11891
f 11876 11891 11890
f 11877 11878 11892
f 11877 11892 11891
f 11878 11865 11879
f 11878 11879 11892
f 11879 11880 11894
f 11879 11894 11893
f 11880 11881 11895
f 11880 11895 11894
f 11881 11882 11896
f 11881 11896 11895
f 11882 11883 11897
f 11882 11897 11896
f 11883 11884 11898
f 11883 11898 11897
f 11884 11885 11899
f 11884 11899 11898
f 11885 11886 11900
f 11885 11900 11899
f 11886 11887 11901
f 11886 11901 11900
f 11887 11888 11902
f 11887 11902 11901
f 11888 11889 11903
f 11888 11903 11902
f 11889 11890 11904
f 11889 11904 11903
f 11890 11891 11905
f 11890 11905 11904
f 11891 11892 11906
f 11891 11906 11905
f 11892 11879 11893
f 11892 11893 11906
f 11893 11894 11908
f 11893 11908 11907
f 11894 11895 11909
f 11894 11909 11908
f 11895 11896 11910
f 11895 11910 11909
f 11896 11897 11911
f 11896 11911 11910
f 11897 11898 11912
f 11897 11912 11911
f 11898 11899 11913
f 11898 11913 11912
f 11899 11900 11914
f 11899 11914 11913
f 11900 11901 11915
f 11900 11915 11914
f 11901 11902 11916
f 11901 11916 11915
f 11902 11903 11917
f 11902 11917 11916
f 11903 11904 11918
f 11903 11918 11917
f 11904 11905 11919
f 11904 11919 11918
f 11905 11906 11920
f 11905 11920 11919
f 11906 11893 11907
f 11906 11907 11920
f 11907 11908 11922
f 11907 11922 11921
f 11908 11909 11923
f 11908 11923 11922
f 11909 11910 11924
f 11909 11924 11923
f 11910 11911 11925
f 11910 11925 11924
f 11911 11912 11926
f 11911 11926 11925
f 11912 11913 11927
f 11912 11927 11926
f 11913 11914 11928
f 11913 11928 11927
f 11914 11915 11929
f 11914 11929 11928
f 11915 11916 11930
f 11915 11930 11929
f 11916 11917 11931
f 11916 11931 11930
f 11917 11918 11932
f 11917 11932 11931
f 11918 11919 11933
f 11918 11933 11932
f 11919 11920 11934
f 11919 11934 11933
f 11920 11907 11921
f 11920 11921 11934
f 11935 9248 9247
f 11935 9249 9248
f 11935 9250 9249
f 11935 9251 9250
f 11935 9252 9251
f 11935 9253 9252
f 11935 9254 9253
f 11935 9255 9254
f 11935 9256 9255
f 11935 9257 9256
f 11935 9258 9257
f 11935 9259 9258
f 11935 9260 9259
f 11935 9247 9260
f 11936 11921 11922
f 11936 11922 11923
f 11936 11923 11924
f 11936 11924 11925
f 11936 11925 11926
f 11936 11926 11927
f 11936 11927 11928
f 11936 11928 11929
f 11936 11929 11930
f 11936 11930 11931
f 11936 11931 11932
f 11936 11932 11933
f 11936 11933 11934
f 11936 11934 11921

